Unidade,Grupo,Procedimentos Padronizados,Quantidade,Valor liquido item,Margem de Contribuição (R$),Margem de Contribuição (%),Preço médio
ALPHAVILLE,ESTÉTICA,LIMPEZA DE PELE,908.0,60443.9,6553.21,10.841800512541383,75.54
ALPHAVILLE,ESTÉTICA,DRENAGEM,383.0,33085.0,12265.63,37.07308145685356,97.66
ALPHAVILLE,LAVIEEN,LAVIEEN,262.0,83743.0,33723.81,40.27060434902022,318.96
ALPHAVILLE,LAVIEEN,PRÓ-SÉRUM,171.0,25650.0,6595.47,25.71333333333334,150.0
ALPHAVILLE,ESTÉTICA,CRIOLIPÓLISE,117.0,40756.0,16678.39,40.92254490136422,386.14
ALPHAVILLE,MEDICINA ESTÉTICA,PRÓ-LIPO,109.0,22578.0,11401.93,50.50018247851893,207.32
ALPHAVILLE,MEDICINA ESTÉTICA,BOTOX POWER,98.0,81836.96,27561.43,33.678464576396784,836.18
ALPHAVILLE,ESTÉTICA,PRÓ- SHAPE,76.0,8110.0,2703.59,33.33654747225647,108.62
ALPHAVILLE,ESTÉTICA,RADIOFREQUÊNCIA,73.0,6779.8,2691.02,39.691744889229774,93.8
ALPHAVILLE,ULTRAFORMER_III,ULTRAFORMER FULLFACE,64.0,109334.0,30044.52,27.479579636709534,1711.65
ALPHAVILLE,ESTÉTICA,DRENAGEM 30 MIN,59.0,2747.0,919.39,33.46901346923916,54.82
ALPHAVILLE,ESTÉTICA,HECCUS,57.0,5154.0,2404.43,46.65175785797439,95.34
ALPHAVILLE,ESTÉTICA,CARBOXITERAPIA,54.0,5501.8,2578.49,46.86629321313025,108.54
ALPHAVILLE,MEDICINA ESTÉTICA,PREENCHIMENTO,45.0,37521.99,13067.01,34.824943309243466,846.12
ALPHAVILLE,ULTRAFORMER_III,ULTRAFORMER PAPADA,35.0,24866.75,8681.81,34.9133097409191,711.01
ALPHAVILLE,MEDICINA ESTÉTICA,SCULPTRA,26.0,49000.0,7675.92,15.665142857142856,1883.33
ALPHAVILLE,MEDICINA ESTÉTICA,BOTOX LIGHT,25.0,12794.0,4963.39,38.79465061747695,511.76
ALPHAVILLE,ESTÉTICA,PEELING DE DIAMANTE,24.0,2844.4,1221.4,42.94050625791028,124.44
ALPHAVILLE,MEDICINA ESTÉTICA,PEELING QUÍMICO,23.0,5768.0,3347.93,58.04312066574203,247.31
ALPHAVILLE,ULTRAFORMER_III,ULTRAFORMER MAÇA DO ROSTO,16.0,16000.0,4556.48,28.478,1000.0
ALPHAVILLE,ESTÉTICA,HIDRATAÇÃO,12.0,1327.6,658.57,49.60598373003918,114.76
ALPHAVILLE,ULTRAFORMER_III,ULTRAFORMER OLHOS,11.0,8316.0,3191.79,38.38126984126984,764.0
ALPHAVILLE,ESTÉTICA,PRÓ-SHAPE,10.0,1176.0,432.55,36.78149659863946,117.6
ALPHAVILLE,MEDICINA ESTÉTICA,SECAGEM,10.0,1573.0,884.59,56.23612205975842,154.6
ALPHAVILLE,MEDICINA ESTÉTICA,PRÓ-BELLA,7.0,1455.0,556.66,38.25821305841925,214.5
ALPHAVILLE,MEDICINA ESTÉTICA,DERMAROLLER,6.0,1870.0,626.22,33.4875935828877,311.67
ALPHAVILLE,ULTRAFORMER_III,ULTRAFORMER PESCOÇO,6.0,5885.0,1372.56,23.323007646559052,980.83
ALPHAVILLE,MEDICINA ESTÉTICA,PRÓ-MESO,5.0,1000.0,476.3,47.63,200.0
ALPHAVILLE,MEDICINA ESTÉTICA,RADIESSE,5.0,7520.0,1448.71,19.264734042553194,1504.0
ALPHAVILLE,MEDICINA ESTÉTICA,ENZIMA MELASMA,3.0,870.0,460.34,52.912413793103454,290.0
ALPHAVILLE,ULTRAFORMER_III,ULTRAFORMER FULLFACE + PESCOÇO,1.0,2500.0,744.42,29.77680000000001,2500.0
ALPHAVILLE,ULTRAFORMER_III,ULTRAFORMER INTERNO COXA,1.0,1500.0,-285.02,-19.001333333333324,1500.0
BELO HORIZONTE,ESTÉTICA,LIMPEZA DE PELE,117.0,8130.0,1085.32,13.349594095940962,72.93
BELO HORIZONTE,ESTÉTICA,DRENAGEM,109.0,8645.0,2946.99,34.088987854251016,85.24
BELO HORIZONTE,LAVIEEN,LAVIEEN,69.0,26542.0,12046.98,45.38835355285962,378.53
BELO HORIZONTE,MEDICINA ESTÉTICA,BOTOX POWER,61.0,52750.42,18433.13,34.94403697259663,863.3
BELO HORIZONTE,MEDICINA ESTÉTICA,PREENCHIMENTO,46.0,40372.2,14779.75,36.60873046304141,894.52
BELO HORIZONTE,MEDICINA ESTÉTICA,PRÓ-LIPO,39.0,8515.2,4387.73,51.52823280721533,233.44
BELO HORIZONTE,ESTÉTICA,RADIOFREQUÊNCIA,38.0,3710.0,1528.33,41.19498652291105,98.35
BELO HORIZONTE,ULTRAFORMER_III,ULTRAFORMER FULLFACE,31.0,53349.0,14828.16,27.79464394834018,1718.63
BELO HORIZONTE,ESTÉTICA,HECCUS,29.0,3349.8,1736.55,51.840376141859224,109.2
BELO HORIZONTE,MEDICINA ESTÉTICA,SCULPTRA,26.0,51164.0,9202.41,17.986094910483935,1946.56
BELO HORIZONTE,ESTÉTICA,CRIOLIPÓLISE,22.0,7513.0,3029.93,40.329165446559294,358.4
BELO HORIZONTE,ESTÉTICA,DRENAGEM 30 MIN,14.0,826.0,341.02,41.28576271186441,59.0
BELO HORIZONTE,ULTRAFORMER_III,ULTRAFORMER PAPADA,11.0,8041.5,2888.15,35.915614002362744,731.05
BELO HORIZONTE,LAVIEEN,PRÓ-SÉRUM,10.0,1500.0,385.7,25.71333333333334,150.0
BELO HORIZONTE,MEDICINA ESTÉTICA,PEELING QUÍMICO,7.0,1940.0,1149.1,59.2317525773196,275.0
BELO HORIZONTE,ESTÉTICA,HIDRATAÇÃO,6.0,363.4,117.38,32.30114474408366,81.7
BELO HORIZONTE,ESTÉTICA,CARBOXITERAPIA,5.0,568.0,280.07,49.30760563380282,113.6
BELO HORIZONTE,MEDICINA ESTÉTICA,BOTOX LIGHT,5.0,2860.0,1205.14,42.13790209790209,572.0
BELO HORIZONTE,ULTRAFORMER_III,ULTRAFORMER FULLFACE + PESCOÇO,5.0,11860.0,3270.64,27.577099494097812,2372.0
BELO HORIZONTE,ESTÉTICA,PEELING DE DIAMANTE,4.0,465.1,197.24,42.40841539453881,111.05
BELO HORIZONTE,MEDICINA ESTÉTICA,PRÓ-BELLA,4.0,986.0,427.12,43.318904665314406,261.0
BELO HORIZONTE,MEDICINA ESTÉTICA,SECAGEM,4.0,760.0,446.1,58.697894736842116,190.0
BELO HORIZONTE,MEDICINA ESTÉTICA,RADIESSE,3.0,5400.0,1495.62,27.696666666666676,1850.0
BELO HORIZONTE,ULTRAFORMER_III,ULTRAFORMER INTERNO COXA,3.0,5070.0,-452.98,-8.934556213017743,1690.0
BELO HORIZONTE,ESTÉTICA,PRÓ- SHAPE,2.0,300.0,132.22,44.07333333333333,150.0
BELO HORIZONTE,MEDICINA ESTÉTICA,CO2 ROSTO,2.0,1680.0,686.59,40.86857142857143,840.0
BELO HORIZONTE,ULTRAFORMER_III,ULTRAFORMER OLHOS,2.0,1480.0,557.75,37.685945945945946,740.0
BELO HORIZONTE,MEDICINA ESTÉTICA,DERMAROLLER,1.0,472.0,217.47,46.07389830508474,472.0
BELO HORIZONTE,MEDICINA ESTÉTICA,PRÓ-MESO,1.0,200.0,95.26,47.63000000000001,200.0
BELO HORIZONTE,ULTRAFORMER_III,ULTRAFORMER PESCOÇO,1.0,1200.0,383.36,31.94666666666667,1200.0
CAMPINAS,ESTÉTICA,LIMPEZA DE PELE,506.0,36748.0,5813.6,15.820178513116362,78.37
CAMPINAS,ESTÉTICA,DRENAGEM,418.0,38178.8,14846.95,38.88793131266567,98.54
CAMPINAS,LAVIEEN,LAVIEEN,398.0,142567.0,62060.26,43.53059389620319,375.85
CAMPINAS,MEDICINA ESTÉTICA,BOTOX POWER,260.0,218297.0,73953.5,33.87747142654275,840.03
CAMPINAS,MEDICINA ESTÉTICA,PREENCHIMENTO,227.0,195417.0,70246.55,35.94700143795065,865.84
CAMPINAS,MEDICINA ESTÉTICA,PRÓ-LIPO,194.0,39182.8,19586.61,49.987767898159404,208.35
CAMPINAS,ESTÉTICA,HECCUS,116.0,11533.0,5629.78,48.81451660452615,100.77
CAMPINAS,ESTÉTICA,PRÓ-SHAPE,110.0,11140.0,3491.16,31.338922800718134,101.08
CAMPINAS,ESTÉTICA,CRIOLIPÓLISE,103.0,36729.0,15282.13,41.60779384137875,387.6
CAMPINAS,ESTÉTICA,CARBOXITERAPIA,100.0,9654.4,4398.21,45.55657275439178,102.76
CAMPINAS,MEDICINA ESTÉTICA,SECAGEM,87.0,11000.0,5801.9,52.74454545454545,129.01
CAMPINAS,ESTÉTICA,DRENAGEM 30 MIN,81.0,4665.0,1892.63,40.57086816720257,58.15
CAMPINAS,ULTRAFORMER_III,ULTRAFORMER FULLFACE,64.0,109760.0,30345.02,27.646705539358607,1715.0
CAMPINAS,MEDICINA ESTÉTICA,SCULPTRA,61.0,113920.0,17274.19,15.163437499999999,1879.23
CAMPINAS,ESTÉTICA,PRÓ- SHAPE,57.0,6240.0,2138.8,34.275576923076926,118.1
CAMPINAS,ULTRAFORMER_III,ULTRAFORMER PAPADA,48.0,33793.0,11687.82,34.58651850975054,705.95
CAMPINAS,ESTÉTICA,RADIOFREQUÊNCIA,45.0,4206.0,1677.66,39.88736091298146,104.13
CAMPINAS,ULTRAFORMER_III,ULTRAFORMER OLHOS,32.0,23252.0,8622.12,37.08120075692414,727.15
CAMPINAS,MEDICINA ESTÉTICA,PEELING QUÍMICO,20.0,4760.0,2730.9,57.37193277310926,233.75
CAMPINAS,MEDICINA ESTÉTICA,PRÓ-MESO,20.0,4000.0,1905.2,47.63,216.88
CAMPINAS,MEDICINA ESTÉTICA,RADIESSE,20.0,32500.0,7501.9,23.082769230769237,1625.0
CAMPINAS,MEDICINA ESTÉTICA,BOTOX LIGHT,18.0,10076.0,4183.33,41.51776895593489,559.78
CAMPINAS,ULTRAFORMER_III,ULTRAFORMER PESCOÇO,15.0,16485.0,4681.72,28.39987261146497,1102.5
CAMPINAS,ULTRAFORMER_III,ULTRAFORMER MAÇA DO ROSTO,10.0,10501.0,3201.21,30.484767165031908,1044.56
CAMPINAS,ESTÉTICA,PEELING DE DIAMANTE,8.0,795.2,299.25,37.63255533199194,106.46
CAMPINAS,LAVIEEN,PRÓ-SÉRUM,7.0,1050.0,269.99,25.71333333333334,150.0
CAMPINAS,MEDICINA ESTÉTICA,CO2 ROSTO,6.0,3000.0,620.76,20.692,500.0
CAMPINAS,MEDICINA ESTÉTICA,DERMAROLLER,5.0,2003.0,835.52,41.713240139790315,445.44
CAMPINAS,ULTRAFORMER_III,ULTRAFORMER FULLFACE + PESCOÇO,4.0,9434.73,2578.94,27.334524061631875,2358.68
CAMPINAS,MEDICINA ESTÉTICA,CO2 CICATRIZ,3.0,1365.0,395.15,28.948791208791206,455.0
CAMPINAS,MEDICINA ESTÉTICA,GLÚTEO MAX,3.0,1080.0,466.75,43.21777777777779,360.0
CAMPINAS,MEDICINA ESTÉTICA,PRÓ-BELLA,3.0,720.0,306.59,42.58166666666667,235.0
CAMPINAS,ULTRAFORMER_III,ULTRAFORMER FULLFACE + PESCOÇO + PAPADA,2.0,6380.0,1984.21,31.100501567398126,3190.0
CAMPINAS,MEDICINA ESTÉTICA,UP BUMBUM,1.0,10600.0,2266.84,21.38528301886793,10600.0
COPACABANA,ESTÉTICA,DRENAGEM,2116.0,178421.01,64684.62,36.253925731056,90.95
COPACABANA,ESTÉTICA,LIMPEZA DE PELE,654.0,44248.0,5222.58,11.80297233773278,71.57
COPACABANA,LAVIEEN,LAVIEEN,560.0,219113.0,100382.31,45.81303263612839,406.24
COPACABANA,MEDICINA ESTÉTICA,BOTOX POWER,527.0,439092.52,147514.72,33.59536245527481,834.02
COPACABANA,ESTÉTICA,HECCUS,452.0,39328.01,17978.78,45.714945287086735,86.7
COPACABANA,ESTÉTICA,CARBOXITERAPIA,425.0,37386.0,16121.08,43.12064516129032,92.07
COPACABANA,MEDICINA ESTÉTICA,SCULPTRA,345.0,628309.02,86417.08,13.753914070499896,1825.58
COPACABANA,MEDICINA ESTÉTICA,PRÓ-LIPO,328.0,63301.0,31037.25,49.03120866968927,196.14
COPACABANA,ESTÉTICA,RADIOFREQUÊNCIA,311.0,27456.0,10457.31,38.0875305944056,99.25
COPACABANA,ESTÉTICA,PRÓ- SHAPE,292.0,28284.0,8359.13,29.554283693961253,100.51
COPACABANA,LAVIEEN,PRÓ-SÉRUM,259.0,38849.9,9989.56,25.713217949080953,150.0
COPACABANA,ULTRAFORMER_III,ULTRAFORMER FULLFACE,239.0,407443.0,111597.11,27.389625591800577,1705.57
COPACABANA,ESTÉTICA,DRENAGEM 30 MIN,172.0,9265.0,3566.81,38.49769023205612,57.68
COPACABANA,ULTRAFORMER_III,ULTRAFORMER PAPADA,150.0,104896.5,36025.99,34.344321402525345,701.11
COPACABANA,MEDICINA ESTÉTICA,PREENCHIMENTO,141.0,119073.53,42004.67,35.27624322718912,841.36
COPACABANA,ESTÉTICA,CRIOLIPÓLISE,81.0,32388.0,14489.73,44.7379436828455,428.88
COPACABANA,ULTRAFORMER_III,ULTRAFORMER FULLFACE + PESCOÇO,77.0,182209.5,50061.42,27.474649400827072,2366.36
COPACABANA,MEDICINA ESTÉTICA,CO2 CICATRIZ,70.0,27115.0,5880.12,21.68586022496773,400.87
COPACABANA,MEDICINA ESTÉTICA,DERMAROLLER,70.0,33392.3,15471.33,46.33202390970373,484.91
COPACABANA,MEDICINA ESTÉTICA,PEELING QUÍMICO,55.0,11704.2,6532.44,55.81280805181047,219.36
COPACABANA,ESTÉTICA,PRÓ-SHAPE,40.0,4170.0,1353.52,32.45846522781775,104.25
COPACABANA,MEDICINA ESTÉTICA,SECAGEM,38.0,5847.0,3269.47,55.917116469984606,166.33
COPACABANA,MEDICINA ESTÉTICA,CO2 ROSTO,36.0,19851.0,5030.26,25.340060450355146,575.15
COPACABANA,MEDICINA ESTÉTICA,RADIESSE,34.0,51890.0,10383.09,20.00980150317981,1529.26
COPACABANA,MEDICINA ESTÉTICA,PRÓ-MESO,30.0,5590.0,2568.59,45.94966010733453,187.22
COPACABANA,MEDICINA ESTÉTICA,PRÓ-BELLA,24.0,4687.0,1695.81,36.18113505440581,217.25
COPACABANA,ESTÉTICA,PEELING DE DIAMANTE,21.0,2385.0,995.47,41.738742138364785,114.38
COPACABANA,ULTRAFORMER_III,ULTRAFORMER OLHOS,19.0,13410.0,4840.13,36.09346756152125,706.67
COPACABANA,MEDICINA ESTÉTICA,BOTOX LIGHT,17.0,9398.0,3867.53,41.15268354969142,552.82
COPACABANA,ULTRAFORMER_III,ULTRAFORMER INTERNO COXA,13.0,21840.0,-2054.62,-9.407619047619038,1698.75
COPACABANA,ULTRAFORMER_III,ULTRAFORMER PESCOÇO,12.0,14278.0,4514.26,31.616901526824492,1189.83
COPACABANA,ESTÉTICA,HIDRATAÇÃO,10.0,581.0,178.24,30.677693631669534,56.75
COPACABANA,MEDICINA ESTÉTICA,GLÚTEO MAX,10.0,3400.0,1414.76,41.610588235294124,340.0
COPACABANA,MEDICINA ESTÉTICA,CO2 COLO,9.0,4854.0,1495.85,30.816885043263287,539.33
COPACABANA,MEDICINA ESTÉTICA,CO2 MÃOS,6.0,2463.16,602.07,24.4431163221228,410.53
COPACABANA,ULTRAFORMER_III,ULTRAFORMER BRAÇO,4.0,6340.0,399.76,6.305299684542589,1613.33
COPACABANA,MEDICINA ESTÉTICA,CO2 PESCOÇO,2.0,939.84,234.48,24.949261150834186,469.92
COPACABANA,ULTRAFORMER_III,ULTRAFORMER GLUTEO,2.0,2790.0,141.83,5.083369175627243,1395.0
COPACABANA,MEDICINA ESTÉTICA,CO2 OLHEIRAS,1.0,0.01,-189.23,-1892329.4600000002,0.01
COPACABANA,ULTRAFORMER_III,ULTRAFORMER MAÇA DO ROSTO,1.0,1140.0,383.54,33.643508771929824,1140.0
IPIRANGA,ESTÉTICA,DRENAGEM,1100.0,95989.0,35909.64,37.41016220608611,92.57
IPIRANGA,ESTÉTICA,LIMPEZA DE PELE,673.0,44550.0,4680.55,10.506285072951743,71.27
IPIRANGA,LAVIEEN,LAVIEEN,522.0,209446.68,97240.19,46.427180450890894,403.02
IPIRANGA,MEDICINA ESTÉTICA,PREENCHIMENTO,429.0,366342.99,130662.15,35.666615361194715,857.72
IPIRANGA,MEDICINA ESTÉTICA,BOTOX POWER,415.0,352624.94,120996.33,34.313038855391234,851.06
IPIRANGA,MEDICINA ESTÉTICA,PRÓ-LIPO,329.0,69180.0,35142.78,50.799048858051464,217.26
IPIRANGA,ESTÉTICA,CARBOXITERAPIA,302.0,29206.0,13317.67,45.59909744573033,100.72
IPIRANGA,ESTÉTICA,HECCUS,278.0,27997.0,13744.28,49.09198771296925,101.9
IPIRANGA,LAVIEEN,PRÓ-SÉRUM,230.0,34500.0,8871.1,25.71333333333334,150.0
IPIRANGA,ESTÉTICA,RADIOFREQUÊNCIA,226.0,22147.0,9147.59,41.303986092924546,101.17
IPIRANGA,ULTRAFORMER_III,ULTRAFORMER FULLFACE,202.0,356890.0,103154.97,28.90385440892152,1764.35
IPIRANGA,MEDICINA ESTÉTICA,SCULPTRA,162.0,305030.0,47631.0,15.615186047274038,1887.35
IPIRANGA,ULTRAFORMER_III,ULTRAFORMER PAPADA,159.0,116143.0,41681.19,35.887821220392105,722.74
IPIRANGA,ESTÉTICA,CRIOLIPÓLISE,126.0,50766.0,22810.92,44.93345231060158,415.03
IPIRANGA,ESTÉTICA,DRENAGEM 30 MIN,121.0,7090.0,2912.83,41.083582510578275,58.78
IPIRANGA,MEDICINA ESTÉTICA,PEELING QUÍMICO,120.0,30955.0,18074.86,58.39075109029237,259.04
IPIRANGA,MEDICINA ESTÉTICA,RADIESSE,92.0,149095.0,34223.05,22.953856936852347,1633.67
IPIRANGA,ESTÉTICA,PRÓ- SHAPE,78.0,11037.0,4688.9,42.4834628975265,141.06
IPIRANGA,MEDICINA ESTÉTICA,SECAGEM,71.0,12165.0,6983.69,57.40806411837238,172.1
IPIRANGA,ULTRAFORMER_III,ULTRAFORMER OLHOS,58.0,41511.0,15180.9,36.57078702030787,706.54
IPIRANGA,MEDICINA ESTÉTICA,PRÓ-MESO,49.0,10650.0,5267.33,49.45849765258215,215.45
IPIRANGA,ESTÉTICA,PRÓ-SHAPE,48.0,5590.0,2037.59,36.450554561717354,116.3
IPIRANGA,MEDICINA ESTÉTICA,DERMAROLLER,38.0,18570.0,8711.04,46.90919763058697,491.58
IPIRANGA,ULTRAFORMER_III,ULTRAFORMER PESCOÇO,37.0,40800.0,11644.88,28.541372549019613,1111.76
IPIRANGA,MEDICINA ESTÉTICA,GLÚTEO MAX,30.0,10530.0,4477.06,42.51720797720798,351.0
IPIRANGA,MEDICINA ESTÉTICA,PRÓ-BELLA,28.0,5830.0,2233.68,38.31358490566038,228.75
IPIRANGA,MEDICINA ESTÉTICA,BOTOX LIGHT,25.0,15720.0,7027.39,44.70348600508906,628.8
IPIRANGA,ESTÉTICA,HIDRATAÇÃO,10.0,572.0,171.89,30.050489510489513,57.2
IPIRANGA,ULTRAFORMER_III,ULTRAFORMER FULLFACE + PESCOÇO,7.0,17350.0,5105.13,29.424380403458215,2478.57
IPIRANGA,ESTÉTICA,PEELING DE DIAMANTE,6.0,710.0,304.57,42.89774647887323,116.67
IPIRANGA,ULTRAFORMER_III,ULTRAFORMER MAÇA DO ROSTO,6.0,7400.0,2696.24,36.435675675675675,1260.0
IPIRANGA,ULTRAFORMER_III,ULTRAFORMER BRAÇO,2.0,3200.0,221.04,6.907500000000002,1600.0
IPIRANGA,MEDICINA ESTÉTICA,UP BUMBUM,1.0,10600.0,2266.84,21.38528301886793,10600.0
IPIRANGA,ULTRAFORMER_III,ULTRAFORMER FULLFACE + PESCOÇO + PAPADA,1.0,2900.0,787.54,27.15655172413794,2900.0
ITAIM,ESTÉTICA,LIMPEZA DE PELE,626.0,41690.0,4530.89,10.86804029743344,72.81
ITAIM,ESTÉTICA,DRENAGEM,548.0,48200.0,18157.6,37.6713692946058,100.72
ITAIM,LAVIEEN,LAVIEEN,221.0,78329.19,33871.66,43.24270508350719,355.92
ITAIM,MEDICINA ESTÉTICA,PRÓ-LIPO,164.0,36813.0,19160.25,52.047510933637575,226.89
ITAIM,MEDICINA ESTÉTICA,BOTOX POWER,148.0,125758.97,43153.02,34.31406716992037,849.51
ITAIM,ESTÉTICA,CARBOXITERAPIA,136.0,12618.0,5620.42,44.54285306704707,93.94
ITAIM,ESTÉTICA,RADIOFREQUÊNCIA,120.0,11614.0,4754.52,40.93779576373343,96.77
ITAIM,ESTÉTICA,HECCUS,110.0,10067.0,4725.26,46.93813251216847,92.55
ITAIM,ESTÉTICA,PRÓ-SHAPE,99.0,10262.0,3308.51,32.24044825570064,105.06
ITAIM,MEDICINA ESTÉTICA,PREENCHIMENTO,85.0,73770.0,26724.36,36.22659346617867,868.63
ITAIM,LAVIEEN,PRÓ-SÉRUM,82.0,12300.0,3162.74,25.71333333333334,150.0
ITAIM,ULTRAFORMER_III,ULTRAFORMER FULLFACE,73.0,128996.0,37293.52,28.910600638779506,1768.51
ITAIM,MEDICINA ESTÉTICA,PEELING QUÍMICO,67.0,15587.3,8895.5,57.06890494184369,239.41
ITAIM,MEDICINA ESTÉTICA,SCULPTRA,67.0,122680.0,17248.41,14.05967720899902,1838.52
ITAIM,ULTRAFORMER_III,ULTRAFORMER PAPADA,47.0,32408.0,10963.96,33.83103924956801,692.08
ITAIM,ESTÉTICA,CRIOLIPÓLISE,30.0,11592.01,5081.9,43.83971247436812,389.63
ITAIM,MEDICINA ESTÉTICA,PRÓ-MESO,30.0,5800.0,2716.72,46.84,193.33
ITAIM,MEDICINA ESTÉTICA,SECAGEM,24.0,4300.0,2493.22,57.981860465116284,182.0
ITAIM,MEDICINA ESTÉTICA,DERMAROLLER,19.0,9700.0,4648.26,47.92020618556701,517.5
ITAIM,ULTRAFORMER_III,ULTRAFORMER OLHOS,13.0,9390.0,3463.15,36.88121405750799,744.55
ITAIM,ESTÉTICA,DRENAGEM 30 MIN,12.0,708.0,292.3,41.2857627118644,59.0
ITAIM,ESTÉTICA,PEELING DE DIAMANTE,11.0,1002.0,347.0,34.630818363273455,91.0
ITAIM,MEDICINA ESTÉTICA,BOTOX LIGHT,10.0,5801.0,2467.43,42.53448370970522,567.89
ITAIM,ULTRAFORMER_III,ULTRAFORMER MAÇA DO ROSTO,8.0,7830.0,2158.32,27.564776500638573,982.14
ITAIM,MEDICINA ESTÉTICA,PRÓ-BELLA,7.0,1670.0,708.32,42.41425149700599,246.67
ITAIM,MEDICINA ESTÉTICA,RADIESSE,7.0,10700.0,2149.52,20.088971962616828,1528.57
ITAIM,ULTRAFORMER_III,ULTRAFORMER PESCOÇO,6.0,6290.0,1658.25,26.36321144674086,1048.33
ITAIM,MEDICINA ESTÉTICA,GLÚTEO MAX,5.0,1800.0,777.92,43.21777777777778,360.0
ITAIM,MEDICINA ESTÉTICA,ENZIMA MELASMA,3.0,750.0,375.69,50.092000000000006,250.0
ITAIM,ULTRAFORMER_III,ULTRAFORMER FULLFACE + PESCOÇO,3.0,7780.0,2430.77,31.243856041131114,2593.33
ITAIM,ESTÉTICA,HIDRATAÇÃO,2.0,79.0,9.41,11.907088607594943,39.5
ITAIM,ULTRAFORMER_III,ULTRAFORMER BRAÇO,1.0,1500.0,39.98,2.6653333333333347,1500.0
ITAIM,ULTRAFORMER_III,ULTRAFORMER FULLFACE + PESCOÇO + PAPADA,1.0,2900.0,787.54,27.15655172413794,2900.0
ITAIM,ULTRAFORMER_III,ULTRAFORMER INTERNO COXA,1.0,1700.0,-143.94,-8.4670588235294,1700.0
JARDINS,ESTÉTICA,LIMPEZA DE PELE,1591.0,113548.87,16871.03,14.857948738723689,74.71
JARDINS,ESTÉTICA,DRENAGEM,1159.0,105756.2,41093.73,38.857044296220934,102.78
JARDINS,MEDICINA ESTÉTICA,PREENCHIMENTO,1022.0,891033.39,324183.35,36.382851298759974,898.36
JARDINS,MEDICINA ESTÉTICA,BOTOX POWER,943.0,802724.34,275967.49,34.37886154492339,851.76
JARDINS,MEDICINA ESTÉTICA,SCULPTRA,758.0,1385535.0,193447.95,13.96196768757195,1849.54
JARDINS,MEDICINA ESTÉTICA,PRÓ-LIPO,714.0,149059.0,75508.08,50.656504203033705,218.5
JARDINS,LAVIEEN,LAVIEEN,677.0,255908.0,115017.75,44.94496193944699,384.31
JARDINS,ESTÉTICA,HECCUS,623.0,63769.02,31525.87,49.437590083711505,110.33
JARDINS,ULTRAFORMER_III,ULTRAFORMER FULLFACE,401.0,686900.1,189555.71,27.595819325110014,1724.99
JARDINS,LAVIEEN,PRÓ-SÉRUM,382.0,57300.0,14733.74,25.71333333333334,150.0
JARDINS,ULTRAFORMER_III,ULTRAFORMER PAPADA,378.0,266480.9,92296.27,34.63522783809271,716.53
JARDINS,ESTÉTICA,CARBOXITERAPIA,341.0,34845.0,16354.74,46.935695221696086,107.54
JARDINS,ESTÉTICA,CRIOLIPÓLISE,284.0,108906.5,47522.37,43.635930913214544,396.82
JARDINS,ESTÉTICA,RADIOFREQUÊNCIA,245.0,25540.0,10996.67,43.05664056382146,107.64
JARDINS,ESTÉTICA,DRENAGEM 30 MIN,207.0,12170.98,5012.59,41.1847631990193,58.41
JARDINS,MEDICINA ESTÉTICA,PEELING QUÍMICO,188.0,44423.0,25444.06,57.276780496589616,245.24
JARDINS,MEDICINA ESTÉTICA,RADIESSE,180.0,282050.0,60145.67,21.324470838503817,1573.25
JARDINS,ULTRAFORMER_III,ULTRAFORMER OLHOS,160.0,111690.4,39887.21,35.7122977086661,703.32
JARDINS,MEDICINA ESTÉTICA,SECAGEM,156.0,27870.0,16149.5,57.94581270182994,180.65
JARDINS,ESTÉTICA,PRÓ- SHAPE,155.0,16845.0,5728.96,34.009872365687144,127.22
JARDINS,ULTRAFORMER_III,ULTRAFORMER PESCOÇO,153.0,162026.0,43435.78,26.80790761976473,1086.46
JARDINS,MEDICINA ESTÉTICA,BOTOX LIGHT,135.0,76836.45,32268.33,41.996125315524075,568.93
JARDINS,MEDICINA ESTÉTICA,CO2 ROSTO,99.0,80480.0,32095.83,39.8805069582505,863.19
JARDINS,ESTÉTICA,PRÓ-SHAPE,72.0,8857.0,3389.33,38.267221406796885,120.7
JARDINS,MEDICINA ESTÉTICA,DERMAROLLER,63.0,30456.0,14208.42,46.65229314420804,482.95
JARDINS,ULTRAFORMER_III,ULTRAFORMER MAÇA DO ROSTO,55.0,51707.0,13340.02,25.79924923124529,973.74
JARDINS,MEDICINA ESTÉTICA,PRÓ-MESO,42.0,9122.0,4510.22,49.443310677483005,219.97
JARDINS,MEDICINA ESTÉTICA,CO2 CICATRIZ,38.0,19975.0,6899.24,34.53939924906132,522.62
JARDINS,ESTÉTICA,PEELING DE DIAMANTE,21.0,2821.0,1303.02,46.19012406947891,133.73
JARDINS,ULTRAFORMER_III,ULTRAFORMER FULLFACE + PESCOÇO,15.0,32718.0,7793.08,23.81892902989181,2242.57
JARDINS,MEDICINA ESTÉTICA,PRÓ-BELLA,11.0,2490.0,1018.35,40.8974297188755,246.67
JARDINS,MEDICINA ESTÉTICA,CO2 OLHEIRAS,10.0,4390.0,1204.31,27.43293849658314,463.33
JARDINS,MEDICINA ESTÉTICA,GLÚTEO MAX,10.0,3600.0,1555.84,43.21777777777778,360.0
JARDINS,ESTÉTICA,HIDRATAÇÃO,9.0,676.6,268.83,39.73302394324564,75.18
JARDINS,MEDICINA ESTÉTICA,CO2 COLO,8.0,5479.0,2150.97,39.258379266289474,713.5
JARDINS,MEDICINA ESTÉTICA,CO2 MÃOS,3.0,1200.0,278.76,23.229999999999997,400.0
JARDINS,MEDICINA ESTÉTICA,UP BUMBUM,3.0,31800.0,6800.52,21.38528301886793,10600.0
JARDINS,MEDICINA ESTÉTICA,ENZIMA MELASMA,2.0,380.0,165.81,43.63473684210526,190.0
JARDINS,MEDICINA ESTÉTICA,CO2 PESCOÇO,1.0,450.0,103.19,22.93111111111111,450.0
JARDINS,ULTRAFORMER_III,ULTRAFORMER BRAÇO,1.0,1800.0,251.6,13.977777777777778,1800.0
JARDINS,ULTRAFORMER_III,ULTRAFORMER FULLFACE + PESCOÇO + PAPADA,1.0,2900.0,787.54,27.15655172413794,2900.0
JARDINS,ULTRAFORMER_III,ULTRAFORMER GLUTEO,1.0,1500.0,144.98,9.665333333333335,1500.0
JARDINS,ULTRAFORMER_III,ULTRAFORMER INTERNO COXA,1.0,1690.0,-150.99,-8.934556213017743,1690.0
LAPA,ESTÉTICA,LIMPEZA DE PELE,1489.0,105107.0,14969.62,14.242265310588262,76.91
LAPA,ESTÉTICA,DRENAGEM,1250.0,105163.0,38044.48,36.17667829940188,92.12
LAPA,ESTÉTICA,CARBOXITERAPIA,450.0,47194.2,22436.79,47.54141119035815,105.86
LAPA,LAVIEEN,LAVIEEN,445.0,174455.0,80006.81,45.86099968473245,409.91
LAPA,MEDICINA ESTÉTICA,PREENCHIMENTO,390.0,339219.48,123143.42,36.301989847988686,873.57
LAPA,MEDICINA ESTÉTICA,BOTOX POWER,366.0,315891.67,110167.86,34.875203900754975,864.29
LAPA,MEDICINA ESTÉTICA,PRÓ-LIPO,355.0,81022.0,42416.87,52.35228555207229,228.53
LAPA,ESTÉTICA,HECCUS,330.0,33703.64,16646.55,49.390949036958624,103.84
LAPA,ESTÉTICA,DRENAGEM 30 MIN,217.0,12210.0,4867.51,39.864979524979525,58.17
LAPA,ESTÉTICA,CRIOLIPÓLISE,198.0,80037.0,36030.44,45.017229281457325,408.93
LAPA,MEDICINA ESTÉTICA,PEELING QUÍMICO,163.0,41350.0,24059.87,58.185900846432894,256.77
LAPA,MEDICINA ESTÉTICA,SCULPTRA,159.0,299520.0,46846.79,15.640620993589744,1898.43
LAPA,ULTRAFORMER_III,ULTRAFORMER FULLFACE,124.0,217701.0,62349.41,28.63992604535579,1757.34
LAPA,ESTÉTICA,RADIOFREQUÊNCIA,122.0,12368.8,5229.65,42.2809934674342,107.48
LAPA,ESTÉTICA,PRÓ- SHAPE,118.0,14150.0,5296.81,37.433286219081275,126.64
LAPA,MEDICINA ESTÉTICA,SECAGEM,118.0,20831.0,12039.19,57.794572512121356,179.87
LAPA,LAVIEEN,PRÓ-SÉRUM,112.0,16800.0,4319.84,25.71333333333333,150.0
LAPA,MEDICINA ESTÉTICA,DERMAROLLER,100.0,52049.0,25167.36,48.353214470979275,525.26
LAPA,ULTRAFORMER_III,ULTRAFORMER PAPADA,82.0,59698.0,21355.13,35.77193406814298,733.78
LAPA,ULTRAFORMER_III,ULTRAFORMER OLHOS,45.0,33519.0,12703.9,37.900601449923926,746.78
LAPA,MEDICINA ESTÉTICA,ENZIMA MELASMA,40.0,9240.0,4473.1,48.41012987012988,238.54
LAPA,MEDICINA ESTÉTICA,BOTOX LIGHT,38.0,23911.0,10693.34,44.721422776128136,629.24
LAPA,MEDICINA ESTÉTICA,PRÓ-MESO,37.0,8440.0,4258.24,50.45303317535544,231.0
LAPA,ESTÉTICA,PRÓ-SHAPE,35.0,3795.0,1287.49,33.92603425559947,109.78
LAPA,MEDICINA ESTÉTICA,PRÓ-BELLA,30.0,6482.0,2559.4,39.48477013267511,220.29
LAPA,ESTÉTICA,HIDRATAÇÃO,29.0,1823.0,614.3,33.69743280307186,60.61
LAPA,MEDICINA ESTÉTICA,RADIESSE,23.0,35300.0,7163.48,20.293144475920684,1540.0
LAPA,MEDICINA ESTÉTICA,GLÚTEO MAX,20.0,7000.0,2970.6,42.43714285714286,350.0
LAPA,ESTÉTICA,PEELING DE DIAMANTE,13.0,1575.1,685.85,43.54298393752777,126.83
LAPA,ULTRAFORMER_III,ULTRAFORMER MAÇA DO ROSTO,11.0,12920.0,4486.95,34.72869969040248,1126.25
LAPA,ULTRAFORMER_III,ULTRAFORMER PESCOÇO,11.0,12220.0,3525.67,28.851620294599016,1123.0
LAPA,ULTRAFORMER_III,ULTRAFORMER FULLFACE + PESCOÇO,9.0,22401.0,6629.95,29.596649256729613,2489.0
LAPA,MEDICINA ESTÉTICA,CO2 CICATRIZ,3.0,1700.0,631.46,37.14470588235294,566.67
LAPA,ULTRAFORMER_III,ULTRAFORMER FULLFACE + PESCOÇO + PAPADA,3.0,8700.0,2362.62,27.15655172413794,2900.0
LAPA,MEDICINA ESTÉTICA,CO2 COLO,2.0,1597.0,698.04,43.709693174702565,798.5
LAPA,ULTRAFORMER_III,ULTRAFORMER BRAÇO,2.0,2400.0,-343.28,-14.303333333333331,1200.0
LONDRINA,ESTÉTICA,LIMPEZA DE PELE,747.0,47350.0,3714.91,7.8456388595564945,66.55
LONDRINA,MEDICINA ESTÉTICA,BOTOX POWER,439.0,361771.0,120060.28,33.186818014710965,823.65
LONDRINA,LAVIEEN,LAVIEEN,436.0,165007.0,74212.94,44.9756300035756,392.96
LONDRINA,ESTÉTICA,CARBOXITERAPIA,313.0,30512.0,13973.6,45.797079181961195,100.35
LONDRINA,ESTÉTICA,DRENAGEM,284.0,24514.8,9082.3,37.048231762037624,86.45
LONDRINA,MEDICINA ESTÉTICA,PREENCHIMENTO,222.0,184468.0,64012.13,34.700938482555244,829.88
LONDRINA,ESTÉTICA,PRÓ-SHAPE,165.0,18220.0,6301.89,34.58774972557629,111.82
LONDRINA,ULTRAFORMER_III,ULTRAFORMER FULLFACE,124.0,210601.0,57341.07,27.22734716359372,1698.4
LONDRINA,ESTÉTICA,RADIOFREQUÊNCIA,120.0,11748.0,4849.04,41.27544433094995,98.95
LONDRINA,ULTRAFORMER_III,ULTRAFORMER PAPADA,118.0,81701.0,27763.73,33.98211209165127,693.17
LONDRINA,ESTÉTICA,HECCUS,115.0,11323.0,5503.24,48.6023509670582,100.37
LONDRINA,LAVIEEN,PRÓ-SÉRUM,112.0,16800.0,4319.84,25.71333333333334,150.0
LONDRINA,MEDICINA ESTÉTICA,SCULPTRA,89.0,163782.0,23489.8,14.342115006533074,1843.83
LONDRINA,MEDICINA ESTÉTICA,PRÓ-LIPO,70.0,17380.0,9354.15,53.82135788262371,256.12
LONDRINA,MEDICINA ESTÉTICA,SECAGEM,63.0,10150.0,5742.31,56.57448275862069,164.84
LONDRINA,ESTÉTICA,CRIOLIPÓLISE,59.0,24745.0,11368.09,45.94096989290766,452.59
LONDRINA,ESTÉTICA,DRENAGEM 30 MIN,41.0,2329.0,935.22,40.155285530270504,57.2
LONDRINA,ESTÉTICA,HIDRATAÇÃO,37.0,2154.6,662.93,30.76834864940129,58.69
LONDRINA,MEDICINA ESTÉTICA,BOTOX LIGHT,29.0,16860.0,7181.7,42.596109134045065,581.38
LONDRINA,ULTRAFORMER_III,ULTRAFORMER MAÇA DO ROSTO,29.0,28478.0,7890.4,27.70700610997963,981.71
LONDRINA,ULTRAFORMER_III,ULTRAFORMER FULLFACE + PESCOÇO,28.0,66411.0,18312.08,27.573864871783293,2371.82
LONDRINA,ESTÉTICA,PEELING DE DIAMANTE,24.0,2463.4,952.64,38.67185028821953,101.02
LONDRINA,ULTRAFORMER_III,ULTRAFORMER OLHOS,15.0,10145.0,3509.48,34.59322819122721,676.33
LONDRINA,MEDICINA ESTÉTICA,RADIESSE,13.0,19700.0,3871.04,19.649949238578685,1518.18
LONDRINA,MEDICINA ESTÉTICA,GLÚTEO MAX,12.0,4040.0,1669.5,41.32415841584159,340.0
LONDRINA,MEDICINA ESTÉTICA,PEELING QUÍMICO,12.0,3320.0,1965.85,59.21228915662651,274.0
LONDRINA,ESTÉTICA,PRÓ- SHAPE,9.0,976.0,331.17,33.931393442622955,117.17
LONDRINA,ULTRAFORMER_III,ULTRAFORMER PESCOÇO,9.0,10785.0,3439.66,31.892990264255914,1199.38
LONDRINA,MEDICINA ESTÉTICA,DERMAROLLER,6.0,3300.0,1634.94,49.54363636363637,554.0
LONDRINA,MEDICINA ESTÉTICA,PRÓ-MESO,6.0,1710.0,931.31,54.46280701754387,275.0
LONDRINA,MEDICINA ESTÉTICA,CO2 ROSTO,3.0,2520.0,1029.89,40.86857142857143,840.0
LONDRINA,MEDICINA ESTÉTICA,PRÓ-BELLA,3.0,600.0,221.94,36.99,200.0
LONDRINA,MEDICINA ESTÉTICA,CO2 PESCOÇO,2.0,1370.6,538.34,39.277779074857726,685.3
LONDRINA,MEDICINA ESTÉTICA,ENZIMA MELASMA,1.0,290.0,153.45,52.912413793103454,290.0
LONDRINA,ULTRAFORMER_III,ULTRAFORMER BRAÇO,1.0,2000.0,392.68,19.634000000000004,2000.0
LONDRINA,ULTRAFORMER_III,ULTRAFORMER INTERNO COXA,1.0,1690.0,-150.99,-8.934556213017743,1690.0
MOEMA,ESTÉTICA,LIMPEZA DE PELE,804.0,55518.0,7211.44,12.989367772614289,73.14
MOEMA,MEDICINA ESTÉTICA,PREENCHIMENTO,675.0,573024.98,203196.82,35.46037746766294,860.63
MOEMA,ESTÉTICA,DRENAGEM,664.0,58113.0,21796.67,37.507391117305936,93.36
MOEMA,MEDICINA ESTÉTICA,BOTOX POWER,531.0,447660.88,152327.56,34.027446122162836,845.0
MOEMA,ESTÉTICA,HECCUS,524.0,53070.6,26117.6,49.2129375586483,107.4
MOEMA,LAVIEEN,PRÓ-SÉRUM,335.0,50250.0,12920.95,25.71333333333334,150.0
MOEMA,LAVIEEN,LAVIEEN,324.0,122573.99,55116.69,44.96605890531915,380.08
MOEMA,MEDICINA ESTÉTICA,PRÓ-LIPO,315.0,65242.5,32946.41,50.49838602138178,212.71
MOEMA,MEDICINA ESTÉTICA,SCULPTRA,315.0,596464.0,94979.01,15.923677807881115,1904.47
MOEMA,ESTÉTICA,CARBOXITERAPIA,299.0,31233.4,14820.16,47.44971844243662,113.9
MOEMA,ULTRAFORMER_III,ULTRAFORMER FULLFACE,298.0,513454.0,142975.69,27.84586186883343,1728.93
MOEMA,ESTÉTICA,PRÓ- SHAPE,258.0,26523.0,8466.72,31.922196584096824,112.68
MOEMA,ESTÉTICA,RADIOFREQUÊNCIA,183.0,19516.6,8524.06,43.67594581023335,117.43
MOEMA,ULTRAFORMER_III,ULTRAFORMER PAPADA,179.0,128327.0,45213.39,35.2329484831719,715.25
MOEMA,MEDICINA ESTÉTICA,PEELING QUÍMICO,172.0,46693.0,27546.76,58.995485832994255,272.79
MOEMA,ESTÉTICA,CRIOLIPÓLISE,169.0,65790.0,28972.54,44.03790241678067,396.59
MOEMA,ESTÉTICA,DRENAGEM 30 MIN,145.0,8555.0,3532.0,41.28576271186441,59.0
MOEMA,MEDICINA ESTÉTICA,SECAGEM,76.0,12779.0,7304.31,57.15867125753189,170.24
MOEMA,MEDICINA ESTÉTICA,BOTOX LIGHT,75.0,43788.0,18703.56,42.71388325568648,583.84
MOEMA,MEDICINA ESTÉTICA,DERMAROLLER,72.0,37724.0,18295.95,48.49949528151839,531.31
MOEMA,ULTRAFORMER_III,ULTRAFORMER OLHOS,67.0,48490.0,17915.81,36.94742421117756,731.63
MOEMA,MEDICINA ESTÉTICA,RADIESSE,54.0,83800.0,17468.8,20.845823389021483,1568.42
MOEMA,ULTRAFORMER_III,ULTRAFORMER PESCOÇO,50.0,59020.0,18476.71,31.305842087427994,1183.33
MOEMA,ESTÉTICA,PRÓ-SHAPE,45.0,4820.0,1613.53,33.475684647302906,107.4
MOEMA,ULTRAFORMER_III,ULTRAFORMER FULLFACE + PESCOÇO,45.0,110004.0,31738.22,28.851879568015715,2425.94
MOEMA,MEDICINA ESTÉTICA,PRÓ-MESO,33.0,6730.0,3235.28,48.072540861812776,208.33
MOEMA,MEDICINA ESTÉTICA,PRÓ-BELLA,32.0,6870.0,2698.9,39.285269286754,234.44
MOEMA,ULTRAFORMER_III,ULTRAFORMER INTERNO COXA,17.0,30570.0,-1268.96,-4.15100425253516,1780.0
MOEMA,ESTÉTICA,PEELING DE DIAMANTE,15.0,1824.0,796.0,43.64032894736843,127.93
MOEMA,MEDICINA ESTÉTICA,GLÚTEO MAX,15.0,5200.0,2192.68,42.166923076923084,340.0
MOEMA,MEDICINA ESTÉTICA,CO2 ROSTO,9.0,6000.0,1989.24,33.154,666.67
MOEMA,ULTRAFORMER_III,ULTRAFORMER MAÇA DO ROSTO,8.0,8000.0,2278.24,28.478,1042.86
MOEMA,MEDICINA ESTÉTICA,CO2 CICATRIZ,3.0,1365.0,395.15,28.948791208791206,455.0
MOEMA,MEDICINA ESTÉTICA,UP BUMBUM,3.0,31800.0,6800.52,21.38528301886793,10600.0
MOEMA,ULTRAFORMER_III,ULTRAFORMER FULLFACE + PESCOÇO + PAPADA,3.0,11770.0,4528.2,38.47237043330502,3923.33
MOEMA,MEDICINA ESTÉTICA,PRÓ-FIRM,2.0,780.0,443.87,56.90666666666666,390.0
MOEMA,ULTRAFORMER_III,ULTRAFORMER GLUTEO,2.0,2400.0,-133.28,-5.553333333333333,1200.0
MOEMA,ESTÉTICA,HIDRATAÇÃO,1.0,162.0,91.11,56.24370370370371,162.0
MOEMA,MEDICINA ESTÉTICA,CO2 OLHEIRAS,1.0,520.0,177.57,34.14769230769231,520.0
MOEMA,ULTRAFORMER_III,ULTRAFORMER BRAÇO,1.0,1740.0,209.28,12.027356321839084,1740.0
MOOCA,ESTÉTICA,LIMPEZA DE PELE,747.0,46429.92,3065.89,6.6032540396365125,67.57
MOOCA,ESTÉTICA,DRENAGEM,448.0,39400.4,14841.36,37.66804946142679,95.76
MOOCA,LAVIEEN,LAVIEEN,337.0,112191.88,46535.4,41.4784048114712,339.73
MOOCA,ESTÉTICA,HECCUS,241.0,24355.6,11974.84,49.166681338172744,103.96
MOOCA,MEDICINA ESTÉTICA,PRÓ-LIPO,234.0,47757.0,23974.45,50.20090834851436,201.97
MOOCA,ESTÉTICA,CARBOXITERAPIA,175.0,17377.2,8036.88,46.249550445411224,102.54
MOOCA,MEDICINA ESTÉTICA,PREENCHIMENTO,159.0,134607.3,47601.79,35.36345311138401,856.99
MOOCA,LAVIEEN,PRÓ-SÉRUM,137.0,20397.0,5176.16,25.37708388488504,149.42
MOOCA,MEDICINA ESTÉTICA,BOTOX POWER,106.0,90559.89,31252.03,34.509788390864884,855.38
MOOCA,MEDICINA ESTÉTICA,SCULPTRA,93.0,174197.0,26699.82,15.32737291686998,1875.29
MOOCA,ULTRAFORMER_III,ULTRAFORMER FULLFACE,87.0,155169.0,45457.27,29.295331283954923,1786.65
MOOCA,MEDICINA ESTÉTICA,PEELING QUÍMICO,82.0,20461.0,11863.31,57.980105566687854,255.22
MOOCA,ESTÉTICA,PRÓ-SHAPE,81.0,9570.0,3534.98,36.93811912225705,115.75
MOOCA,ULTRAFORMER_III,ULTRAFORMER PAPADA,80.0,58877.0,21282.24,36.14694328855071,729.82
MOOCA,ESTÉTICA,RADIOFREQUÊNCIA,75.0,7427.0,3090.26,41.608399084421706,101.91
MOOCA,ESTÉTICA,CRIOLIPÓLISE,71.0,25599.0,10732.46,41.92532755185749,378.08
MOOCA,ESTÉTICA,DRENAGEM 30 MIN,63.0,3717.0,1534.59,41.28576271186441,59.0
MOOCA,MEDICINA ESTÉTICA,PRÓ-BELLA,53.0,11869.2,4816.23,40.57757624776733,242.98
MOOCA,MEDICINA ESTÉTICA,SECAGEM,47.0,7560.0,4275.32,56.55190476190477,165.1
MOOCA,MEDICINA ESTÉTICA,PRÓ-MESO,44.0,8727.0,4139.95,47.43836140712731,196.76
MOOCA,ESTÉTICA,PRÓ- SHAPE,40.0,4686.0,1717.5,36.65182244985062,121.32
MOOCA,ULTRAFORMER_III,ULTRAFORMER OLHOS,27.0,21143.0,8350.03,39.493128695076386,755.94
MOOCA,MEDICINA ESTÉTICA,DERMAROLLER,20.0,9630.0,4483.4,46.556614745586714,491.33
MOOCA,ULTRAFORMER_III,ULTRAFORMER PESCOÇO,14.0,18330.0,6446.3,35.16804146208402,1284.0
MOOCA,MEDICINA ESTÉTICA,RADIESSE,13.0,20300.0,4294.28,21.154088669950745,1561.54
MOOCA,MEDICINA ESTÉTICA,BOTOX LIGHT,11.0,6321.0,2671.77,42.2682075620946,574.64
MOOCA,MEDICINA ESTÉTICA,GLÚTEO MAX,10.0,3404.0,1417.58,41.64458284371329,340.4
MOOCA,ESTÉTICA,PEELING DE DIAMANTE,8.0,910.0,380.23,41.78395604395605,107.5
MOOCA,ULTRAFORMER_III,ULTRAFORMER MAÇA DO ROSTO,8.0,9702.0,3478.83,35.856841888270466,1200.29
MOOCA,ESTÉTICA,HIDRATAÇÃO,5.0,585.0,296.86,50.74512820512821,87.0
MOOCA,ULTRAFORMER_III,ULTRAFORMER FULLFACE + PESCOÇO,5.0,11490.0,3009.65,26.193611836379464,2298.0
MOOCA,MEDICINA ESTÉTICA,ENZIMA MELASMA,3.0,609.0,276.23,45.357733990147786,203.0
MOOCA,ULTRAFORMER_III,ULTRAFORMER BRAÇO,1.0,2200.0,533.76,24.261818181818192,2200.0
MOOCA,ULTRAFORMER_III,ULTRAFORMER GLUTEO,1.0,1600.0,215.52,13.47,1600.0
OSASCO,ESTÉTICA,LIMPEZA DE PELE,1214.0,74780.0,4505.45,6.024942497994117,66.12
OSASCO,ESTÉTICA,DRENAGEM,708.0,60510.0,22215.47,36.71372335151215,91.99
OSASCO,LAVIEEN,LAVIEEN,384.0,141722.0,62818.7,44.325297977731054,380.01
OSASCO,LAVIEEN,PRÓ-SÉRUM,227.0,34050.0,8755.39,25.71333333333334,150.0
OSASCO,MEDICINA ESTÉTICA,PREENCHIMENTO,227.0,188611.08,65445.66,34.69873341057165,835.49
OSASCO,MEDICINA ESTÉTICA,BOTOX POWER,199.0,165015.91,55146.04,33.418621825010696,830.57
OSASCO,ESTÉTICA,CARBOXITERAPIA,190.0,19233.2,8984.3,46.71245180209221,101.63
OSASCO,MEDICINA ESTÉTICA,PRÓ-LIPO,170.0,33030.0,16242.66,49.17548289433849,203.01
OSASCO,ESTÉTICA,HECCUS,149.0,14970.4,7341.72,49.041576444183185,103.96
OSASCO,MEDICINA ESTÉTICA,PEELING QUÍMICO,112.0,23023.0,12730.34,55.29402858011554,206.3
OSASCO,ESTÉTICA,CRIOLIPÓLISE,111.0,43171.1,19001.02,44.013295792787304,400.41
OSASCO,MEDICINA ESTÉTICA,SECAGEM,97.0,13217.0,7140.77,54.02717560717258,140.07
OSASCO,ESTÉTICA,RADIOFREQUÊNCIA,93.0,10021.0,4404.36,43.95133619399262,106.61
OSASCO,MEDICINA ESTÉTICA,SCULPTRA,81.0,149600.0,21759.26,14.544959893048127,1850.75
OSASCO,ESTÉTICA,DRENAGEM 30 MIN,67.0,3829.0,1544.56,40.33838077827109,57.62
OSASCO,ULTRAFORMER_III,ULTRAFORMER FULLFACE,63.0,109390.0,30819.65,28.174098180820923,1735.9
OSASCO,ULTRAFORMER_III,ULTRAFORMER PAPADA,60.0,40560.0,13423.82,33.09621301775148,680.41
OSASCO,ULTRAFORMER_III,ULTRAFORMER OLHOS,41.0,30220.0,11349.27,37.555486432825944,731.35
OSASCO,ESTÉTICA,PRÓ- SHAPE,34.0,4525.0,1842.14,40.71016574585635,138.74
OSASCO,ESTÉTICA,PRÓ-SHAPE,31.0,3307.0,1102.06,33.325001511944365,105.43
OSASCO,MEDICINA ESTÉTICA,DERMAROLLER,26.0,10888.0,4677.92,42.96395297575312,428.78
OSASCO,MEDICINA ESTÉTICA,GLÚTEO MAX,25.0,8800.0,3748.52,42.596818181818186,352.0
OSASCO,MEDICINA ESTÉTICA,BOTOX LIGHT,15.0,7965.0,3181.61,39.94489642184557,531.0
OSASCO,MEDICINA ESTÉTICA,RADIESSE,14.0,22499.0,5074.27,22.55333392595227,1583.29
OSASCO,ESTÉTICA,PEELING DE DIAMANTE,9.0,1181.0,538.69,45.61281964436918,143.8
OSASCO,MEDICINA ESTÉTICA,PRÓ-MESO,8.0,696.0,124.4,17.873333333333335,87.0
OSASCO,ULTRAFORMER_III,ULTRAFORMER MAÇA DO ROSTO,7.0,6600.0,1711.3,25.92878787878788,942.86
OSASCO,ULTRAFORMER_III,ULTRAFORMER FULLFACE + PESCOÇO,6.0,15709.0,4966.65,31.616580304284174,2618.17
OSASCO,MEDICINA ESTÉTICA,ENZIMA MELASMA,5.0,950.0,414.53,43.63473684210526,190.0
OSASCO,MEDICINA ESTÉTICA,PRÓ-BELLA,3.0,570.0,200.78,35.224210526315794,190.0
OSASCO,ULTRAFORMER_III,ULTRAFORMER PESCOÇO,2.0,2000.0,484.56,24.228,1000.0
RIBEIRÃO PRETO,ESTÉTICA,LIMPEZA DE PELE,261.0,17700.0,2113.44,11.940338983050848,71.18
RIBEIRÃO PRETO,ESTÉTICA,DRENAGEM,203.0,17037.0,6149.17,36.0930316370253,86.2
RIBEIRÃO PRETO,LAVIEEN,LAVIEEN,188.0,65794.0,28222.09,42.894622002006265,362.44
RIBEIRÃO PRETO,MEDICINA ESTÉTICA,PRÓ-LIPO,132.0,26809.0,13431.75,50.10163974784588,211.81
RIBEIRÃO PRETO,MEDICINA ESTÉTICA,PREENCHIMENTO,99.0,84440.8,30082.34,35.62536157876288,857.21
RIBEIRÃO PRETO,MEDICINA ESTÉTICA,BOTOX POWER,92.0,78008.2,26707.54,34.23684212685334,847.99
RIBEIRÃO PRETO,LAVIEEN,PRÓ-SÉRUM,85.0,12720.0,3257.29,25.607610062893087,149.6
RIBEIRÃO PRETO,MEDICINA ESTÉTICA,SCULPTRA,60.0,113126.0,17748.28,15.68894895956721,1887.79
RIBEIRÃO PRETO,ULTRAFORMER_III,ULTRAFORMER FULLFACE,56.0,95477.5,26155.11,27.39400225183944,1704.96
RIBEIRÃO PRETO,ESTÉTICA,HECCUS,55.0,5261.0,2523.11,47.958741684090484,95.11
RIBEIRÃO PRETO,ESTÉTICA,CARBOXITERAPIA,48.0,4963.4,2343.42,47.214054075835115,103.27
RIBEIRÃO PRETO,MEDICINA ESTÉTICA,PRÓ-BELLA,47.0,9370.0,3455.9,36.88258271077909,202.78
RIBEIRÃO PRETO,ESTÉTICA,PRÓ-SHAPE,45.0,4490.0,1380.75,30.751581291759468,99.75
RIBEIRÃO PRETO,MEDICINA ESTÉTICA,SECAGEM,45.0,5432.0,2819.23,51.900456553755525,138.8
RIBEIRÃO PRETO,ULTRAFORMER_III,ULTRAFORMER PAPADA,34.0,24177.45,8448.69,34.94451743256629,715.75
RIBEIRÃO PRETO,ESTÉTICA,RADIOFREQUÊNCIA,32.0,3208.0,1346.12,41.9614463840399,102.2
RIBEIRÃO PRETO,ESTÉTICA,CRIOLIPÓLISE,29.0,10009.99,4069.12,40.65055955100854,350.18
RIBEIRÃO PRETO,MEDICINA ESTÉTICA,RADIESSE,26.0,41310.0,9089.39,22.002890341321717,1562.38
RIBEIRÃO PRETO,ESTÉTICA,PEELING DE DIAMANTE,19.0,2015.6,800.31,39.70600515975393,106.45
RIBEIRÃO PRETO,MEDICINA ESTÉTICA,PRÓ-MESO,16.0,3125.0,1471.26,47.08016000000001,206.25
RIBEIRÃO PRETO,ULTRAFORMER_III,ULTRAFORMER PESCOÇO,13.0,13690.0,3636.37,26.562205989773563,1053.08
RIBEIRÃO PRETO,ULTRAFORMER_III,ULTRAFORMER OLHOS,9.0,6240.0,2213.62,35.47461538461538,692.86
RIBEIRÃO PRETO,MEDICINA ESTÉTICA,GLÚTEO MAX,5.0,1600.0,636.84,39.80250000000001,320.0
RIBEIRÃO PRETO,ULTRAFORMER_III,ULTRAFORMER BRAÇO,4.0,6200.0,301.0,4.854838709677422,1550.0
RIBEIRÃO PRETO,MEDICINA ESTÉTICA,BOTOX LIGHT,3.0,1900.0,852.88,44.88842105263157,633.33
RIBEIRÃO PRETO,MEDICINA ESTÉTICA,CO2 ROSTO,3.0,1500.0,310.38,20.692,500.0
RIBEIRÃO PRETO,ESTÉTICA,DRENAGEM 30 MIN,1.0,59.0,24.36,41.2857627118644,59.0
RIBEIRÃO PRETO,MEDICINA ESTÉTICA,PEELING QUÍMICO,1.0,200.0,109.74,54.870000000000005,200.0
RIBEIRÃO PRETO,ULTRAFORMER_III,ULTRAFORMER FULLFACE + PESCOÇO,1.0,2500.0,744.42,29.77680000000001,2500.0
RIBEIRÃO PRETO,ULTRAFORMER_III,ULTRAFORMER MAÇA DO ROSTO,1.0,1000.0,284.78,28.478,1000.0
SANTO AMARO,ESTÉTICA,LIMPEZA DE PELE,1370.0,91050.0,9782.87,10.74450302031851,70.95
SANTO AMARO,ESTÉTICA,DRENAGEM,672.0,58769.8,22028.7,37.48302175607199,92.32
SANTO AMARO,LAVIEEN,LAVIEEN,557.0,200344.0,87432.91,43.641390608153976,374.77
SANTO AMARO,MEDICINA ESTÉTICA,PREENCHIMENTO,492.0,420907.99,150390.9,35.73011197672917,862.05
SANTO AMARO,MEDICINA ESTÉTICA,BOTOX POWER,390.0,328609.76,111751.52,34.00736627664377,842.87
SANTO AMARO,MEDICINA ESTÉTICA,PEELING QUÍMICO,384.0,90985.73,52146.77,57.313134644300824,237.03
SANTO AMARO,ESTÉTICA,HECCUS,352.0,33766.6,16215.76,48.023074991263556,98.22
SANTO AMARO,MEDICINA ESTÉTICA,PRÓ-LIPO,295.0,59622.19,29812.04,50.00158972020318,204.82
SANTO AMARO,ESTÉTICA,CARBOXITERAPIA,288.0,28027.0,12823.69,45.75475719841581,97.69
SANTO AMARO,LAVIEEN,PRÓ-SÉRUM,274.0,40955.0,10465.9,25.554625808814556,149.69
SANTO AMARO,ESTÉTICA,CRIOLIPÓLISE,215.0,77542.0,32516.58,41.93414768770472,370.63
SANTO AMARO,MEDICINA ESTÉTICA,SCULPTRA,176.0,331012.0,51480.18,15.55236208959192,1876.14
SANTO AMARO,ESTÉTICA,RADIOFREQUÊNCIA,164.0,15673.6,6357.56,40.5622029399755,104.07
SANTO AMARO,MEDICINA ESTÉTICA,DERMAROLLER,154.0,70681.2,32074.6,45.3792500410293,469.58
SANTO AMARO,ULTRAFORMER_III,ULTRAFORMER PAPADA,151.0,107616.99,37691.9,35.02412095525065,710.41
SANTO AMARO,MEDICINA ESTÉTICA,PRÓ-MESO,126.0,26510.0,12926.83,48.76210486608827,210.71
SANTO AMARO,ULTRAFORMER_III,ULTRAFORMER FULLFACE,123.0,212070.0,59112.92,27.8742481256189,1730.61
SANTO AMARO,MEDICINA ESTÉTICA,SECAGEM,105.0,16767.0,9464.94,56.44982286634461,165.16
SANTO AMARO,ESTÉTICA,DRENAGEM 30 MIN,84.0,4788.0,1927.62,40.259298245614026,57.32
SANTO AMARO,MEDICINA ESTÉTICA,ENZIMA MELASMA,81.0,17601.98,8275.72,47.01582828749948,218.93
SANTO AMARO,ESTÉTICA,PRÓ-SHAPE,75.0,7850.0,2559.89,32.610063694267524,105.0
SANTO AMARO,MEDICINA ESTÉTICA,BOTOX LIGHT,73.0,38530.0,15319.48,39.75988061250973,526.94
SANTO AMARO,ULTRAFORMER_III,ULTRAFORMER OLHOS,67.0,47260.01,17048.17,36.07314313729515,705.0
SANTO AMARO,ESTÉTICA,PRÓ- SHAPE,66.0,8420.0,3319.27,39.4212351543943,123.12
SANTO AMARO,MEDICINA ESTÉTICA,RADIESSE,59.0,94440.0,21118.36,22.361664548919958,1585.0
SANTO AMARO,ULTRAFORMER_III,ULTRAFORMER PESCOÇO,37.0,41220.0,11941.15,28.969306162057258,1107.33
SANTO AMARO,ULTRAFORMER_III,ULTRAFORMER MAÇA DO ROSTO,29.0,31290.0,9873.99,31.556363055289232,1083.6
SANTO AMARO,MEDICINA ESTÉTICA,GLÚTEO MAX,25.0,8800.0,3748.52,42.596818181818186,350.0
SANTO AMARO,MEDICINA ESTÉTICA,PRÓ-BELLA,21.0,5003.0,2120.02,42.37489906056366,255.09
SANTO AMARO,ESTÉTICA,HIDRATAÇÃO,9.0,516.0,155.55,30.144651162790698,56.86
SANTO AMARO,ESTÉTICA,PEELING DE DIAMANTE,9.0,745.0,231.13,31.024563758389263,98.75
SANTO AMARO,MEDICINA ESTÉTICA,CO2 ROSTO,8.0,6700.0,2732.26,40.78000000000001,851.11
SANTO AMARO,ULTRAFORMER_III,ULTRAFORMER FULLFACE + PESCOÇO,6.0,13720.0,3563.61,25.973819241982515,2286.67
SANTO AMARO,MEDICINA ESTÉTICA,CO2 MÃOS,3.0,1560.0,532.7,34.14769230769231,520.0
SANTO AMARO,ULTRAFORMER_III,ULTRAFORMER BRAÇO,3.0,3300.0,-726.54,-22.016363636363632,1100.0
SANTO AMARO,MEDICINA ESTÉTICA,CO2 COLO,2.0,1566.4,676.46,43.18555669050051,783.2
SANTO AMARO,MEDICINA ESTÉTICA,UP BUMBUM,2.0,21200.0,4533.68,21.38528301886793,10600.0
SANTO AMARO,ULTRAFORMER_III,ULTRAFORMER FULLFACE + PESCOÇO + PAPADA,2.0,5800.0,1575.08,27.15655172413794,2900.0
SANTO AMARO,MEDICINA ESTÉTICA,CO2 OLHEIRAS,1.0,520.0,177.57,34.14769230769231,520.0
SANTO AMARO,ULTRAFORMER_III,ULTRAFORMER INTERNO COXA,1.0,1690.0,-150.99,-8.934556213017743,1690.0
SANTOS,ESTÉTICA,DRENAGEM,1128.0,98968.6,37201.97,37.589670299468715,96.25
SANTOS,ESTÉTICA,LIMPEZA DE PELE,731.0,50935.0,6879.61,13.506643761657017,73.11
SANTOS,LAVIEEN,LAVIEEN,478.0,179008.89,80026.37,44.70524955827613,375.05
SANTOS,MEDICINA ESTÉTICA,PREENCHIMENTO,463.0,418583.11,157387.13,37.599970479936474,902.64
SANTOS,MEDICINA ESTÉTICA,BOTOX POWER,454.0,393666.5,137942.07,35.04033721436801,864.45
SANTOS,ESTÉTICA,CARBOXITERAPIA,398.0,39775.3,18457.74,46.40502175973531,104.0
SANTOS,ESTÉTICA,RADIOFREQUÊNCIA,272.0,28190.01,12092.43,42.8961644710307,108.87
SANTOS,ESTÉTICA,CRIOLIPÓLISE,270.0,100332.33,42918.53,42.77636688194125,385.22
SANTOS,ESTÉTICA,HECCUS,231.0,23634.0,11681.82,49.42804265041889,110.16
SANTOS,MEDICINA ESTÉTICA,PRÓ-LIPO,223.0,50311.5,26233.0,52.14116474364708,234.3
SANTOS,ESTÉTICA,PRÓ-SHAPE,140.0,13789.0,4168.76,30.232508521285084,102.55
SANTOS,ULTRAFORMER_III,ULTRAFORMER FULLFACE,120.0,209533.0,59530.18,28.410884299847762,1747.4
SANTOS,MEDICINA ESTÉTICA,SCULPTRA,107.0,208952.0,36737.48,17.581779930318923,1946.76
SANTOS,MEDICINA ESTÉTICA,PEELING QUÍMICO,95.0,25253.01,14836.17,58.75011831856877,265.87
SANTOS,ULTRAFORMER_III,ULTRAFORMER PAPADA,95.0,71940.0,26700.08,37.114367528495976,744.91
SANTOS,MEDICINA ESTÉTICA,SECAGEM,88.0,14903.0,8532.58,57.25408441253439,168.73
SANTOS,LAVIEEN,PRÓ-SÉRUM,75.0,11250.0,2892.75,25.71333333333334,150.0
SANTOS,ESTÉTICA,DRENAGEM 30 MIN,60.0,3540.0,1461.52,41.28576271186441,59.0
SANTOS,MEDICINA ESTÉTICA,BOTOX LIGHT,48.0,30308.0,13581.18,44.81055562887686,629.96
SANTOS,MEDICINA ESTÉTICA,PRÓ-MESO,44.0,10415.0,5330.66,51.18253480556889,245.1
SANTOS,MEDICINA ESTÉTICA,RADIESSE,39.0,63749.9,14893.16,23.361855406832017,1645.31
SANTOS,ESTÉTICA,PEELING DE DIAMANTE,35.0,4206.0,1822.06,43.32055159296244,121.01
SANTOS,ESTÉTICA,PRÓ- SHAPE,31.0,3690.0,1372.23,37.187696476964774,123.8
SANTOS,MEDICINA ESTÉTICA,DERMAROLLER,31.0,16462.5,8032.77,48.79433561123766,527.78
SANTOS,ULTRAFORMER_III,ULTRAFORMER OLHOS,28.0,19675.0,7071.38,35.94096569250318,706.75
SANTOS,ULTRAFORMER_III,ULTRAFORMER PESCOÇO,23.0,26105.0,7762.71,29.736475770925114,1113.42
SANTOS,MEDICINA ESTÉTICA,GLÚTEO MAX,20.0,6250.0,2441.55,39.06480000000001,312.5
SANTOS,MEDICINA ESTÉTICA,PRÓ-BELLA,7.0,1780.0,785.91,44.1523595505618,273.33
SANTOS,ULTRAFORMER_III,ULTRAFORMER BRAÇO,3.0,4620.0,204.59,4.4283116883116875,1540.0
SANTOS,ULTRAFORMER_III,ULTRAFORMER FULLFACE + PESCOÇO,3.0,8390.0,2861.07,34.10090584028605,2796.67
SANTOS,ULTRAFORMER_III,ULTRAFORMER INTERNO COXA,3.0,4620.0,-770.41,-16.675584415584417,1540.0
SANTOS,ULTRAFORMER_III,ULTRAFORMER MAÇA DO ROSTO,3.0,2990.0,847.29,28.33732441471572,996.67
SANTOS,ESTÉTICA,HIDRATAÇÃO,2.0,118.0,36.92,31.28576271186441,59.0
SOROCABA,ESTÉTICA,LIMPEZA DE PELE,676.0,42700.0,3256.34,7.626088992974242,65.27
SOROCABA,ESTÉTICA,DRENAGEM,368.0,32246.0,12107.45,37.54713266761769,94.73
SOROCABA,LAVIEEN,LAVIEEN,331.0,111781.34,46826.31,41.890987561966966,341.35
SOROCABA,MEDICINA ESTÉTICA,BOTOX POWER,225.0,193511.29,67243.36,34.74906501114226,861.17
SOROCABA,ESTÉTICA,CARBOXITERAPIA,133.0,13546.0,6347.39,46.85802746198139,103.1
SOROCABA,MEDICINA ESTÉTICA,PRÓ-LIPO,133.0,26556.0,13211.77,49.750611537882214,209.86
SOROCABA,MEDICINA ESTÉTICA,PREENCHIMENTO,127.0,109631.19,39513.24,36.04197074390966,859.88
SOROCABA,ULTRAFORMER_III,ULTRAFORMER FULLFACE,113.0,196830.0,55718.82,28.30809429456892,1742.32
SOROCABA,ESTÉTICA,HECCUS,111.0,10705.0,5153.71,48.142989257356376,97.86
SOROCABA,MEDICINA ESTÉTICA,SCULPTRA,91.0,173100.0,27994.36,16.17236279607163,1902.67
SOROCABA,ESTÉTICA,PRÓ-SHAPE,85.0,9090.0,3037.59,33.416787678767875,109.38
SOROCABA,ESTÉTICA,CRIOLIPÓLISE,68.0,24790.0,10471.31,42.24004033884631,373.89
SOROCABA,ESTÉTICA,PRÓ- SHAPE,60.0,6240.0,2019.7,32.36692307692308,115.9
SOROCABA,ULTRAFORMER_III,ULTRAFORMER PAPADA,57.0,41139.0,14591.61,35.46904543134252,713.05
SOROCABA,ESTÉTICA,RADIOFREQUÊNCIA,56.0,5036.0,1947.99,38.681382049245435,101.5
SOROCABA,LAVIEEN,PRÓ-SÉRUM,56.0,8400.0,2159.92,25.71333333333334,150.0
SOROCABA,MEDICINA ESTÉTICA,PEELING QUÍMICO,55.0,11630.0,6480.1,55.71884780739468,211.41
SOROCABA,MEDICINA ESTÉTICA,SECAGEM,52.0,8291.0,4678.47,56.42831262815101,160.52
SOROCABA,ESTÉTICA,DRENAGEM 30 MIN,36.0,2124.0,876.91,41.28576271186441,59.0
SOROCABA,MEDICINA ESTÉTICA,BOTOX LIGHT,31.0,18261.0,7845.05,42.960677947538464,589.03
SOROCABA,MEDICINA ESTÉTICA,RADIESSE,27.0,41850.0,8699.13,20.786451612903235,1550.0
SOROCABA,ULTRAFORMER_III,ULTRAFORMER OLHOS,27.0,20400.0,7825.92,38.36235294117647,771.59
SOROCABA,MEDICINA ESTÉTICA,GLÚTEO MAX,22.0,7920.0,3422.85,43.21777777777778,360.0
SOROCABA,MEDICINA ESTÉTICA,PRÓ-MESO,22.0,4800.0,2377.88,49.53916666666667,210.0
SOROCABA,MEDICINA ESTÉTICA,ENZIMA MELASMA,19.0,4460.0,2174.8,48.76242152466368,240.0
SOROCABA,ULTRAFORMER_III,ULTRAFORMER FULLFACE + PESCOÇO,16.0,37558.0,10188.13,27.12639970179456,2347.38
SOROCABA,ULTRAFORMER_III,ULTRAFORMER MAÇA DO ROSTO,16.0,17960.0,5939.06,33.068285077951,1122.5
SOROCABA,MEDICINA ESTÉTICA,DERMAROLLER,8.0,3350.0,1439.25,42.96268656716418,422.2
SOROCABA,ULTRAFORMER_III,ULTRAFORMER PESCOÇO,8.0,8350.0,2185.13,26.169221556886228,1043.75
SOROCABA,MEDICINA ESTÉTICA,PRÓ-BELLA,7.0,1397.0,515.74,36.91795275590552,199.5
SOROCABA,ESTÉTICA,PEELING DE DIAMANTE,3.0,270.0,92.33,34.19555555555556,90.0
SOROCABA,ULTRAFORMER_III,ULTRAFORMER FULLFACE + PESCOÇO + PAPADA,1.0,3200.0,999.16,31.223750000000006,3200.0
SÃO BERNARDO,ESTÉTICA,LIMPEZA DE PELE,82.0,6740.0,1495.72,22.191632047477746,86.31
SÃO BERNARDO,ESTÉTICA,DRENAGEM,78.0,7599.0,3105.35,40.865305961310696,99.99
SÃO BERNARDO,ESTÉTICA,HECCUS,69.0,6725.0,3253.42,48.37791821561338,107.42
SÃO BERNARDO,MEDICINA ESTÉTICA,PRÓ-LIPO,48.0,10400.0,5343.68,51.381538461538476,231.11
SÃO BERNARDO,LAVIEEN,LAVIEEN,44.0,18000.0,8440.2,46.89,398.41
SÃO BERNARDO,ESTÉTICA,CARBOXITERAPIA,31.0,2889.99,1290.88,44.66724611503846,93.8
SÃO BERNARDO,ESTÉTICA,PRÓ- SHAPE,25.0,2973.0,1104.65,37.15621257988565,117.8
SÃO BERNARDO,MEDICINA ESTÉTICA,PREENCHIMENTO,25.0,22079.9,8130.16,36.821550188180204,889.0
SÃO BERNARDO,ESTÉTICA,DRENAGEM 30 MIN,20.0,935.0,314.35,33.62021390374331,46.75
SÃO BERNARDO,MEDICINA ESTÉTICA,BOTOX POWER,19.0,17878.0,6762.56,37.82616176306075,941.06
SÃO BERNARDO,LAVIEEN,PRÓ-SÉRUM,17.0,2550.0,655.69,25.71333333333334,150.0
SÃO BERNARDO,ESTÉTICA,RADIOFREQUÊNCIA,14.0,1434.0,610.44,42.56928870292887,106.47
SÃO BERNARDO,ESTÉTICA,PRÓ-SHAPE,10.0,1200.0,449.48,37.45666666666666,120.0
SÃO BERNARDO,MEDICINA ESTÉTICA,PRÓ-MESO,10.0,2000.0,952.6,47.63,200.0
SÃO BERNARDO,MEDICINA ESTÉTICA,SECAGEM,9.0,1480.0,841.49,56.85756756756757,166.67
SÃO BERNARDO,ESTÉTICA,CRIOLIPÓLISE,7.0,2360.0,942.55,39.93872881355933,335.0
SÃO BERNARDO,MEDICINA ESTÉTICA,PEELING QUÍMICO,7.0,1670.0,958.64,57.40347305389222,240.0
SÃO BERNARDO,MEDICINA ESTÉTICA,SCULPTRA,7.0,13100.0,2001.48,15.278473282442748,1883.33
SÃO BERNARDO,ULTRAFORMER_III,ULTRAFORMER FULLFACE,6.0,10240.0,2809.58,27.437265625000006,1708.0
SÃO BERNARDO,MEDICINA ESTÉTICA,GLÚTEO MAX,5.0,1800.0,777.92,43.21777777777778,360.0
SÃO BERNARDO,ULTRAFORMER_III,ULTRAFORMER PAPADA,5.0,3660.0,1316.16,35.9607650273224,760.0
SÃO BERNARDO,MEDICINA ESTÉTICA,DERMAROLLER,2.0,900.0,403.9,44.87777777777778,450.0
SÃO BERNARDO,ULTRAFORMER_III,ULTRAFORMER OLHOS,2.0,1390.0,494.27,35.55870503597123,695.0
SÃO BERNARDO,ULTRAFORMER_III,ULTRAFORMER PESCOÇO,2.0,1800.0,343.48,19.08222222222222,900.0
SÃO BERNARDO,ESTÉTICA,HIDRATAÇÃO,1.0,14.0,-13.28,-94.88857142857142,14.0
SÃO BERNARDO,MEDICINA ESTÉTICA,UP BUMBUM,1.0,10600.0,2266.84,21.38528301886793,10600.0
TATUAPÉ,ESTÉTICA,LIMPEZA DE PELE,1308.0,91598.0,12633.31,13.792123408808054,73.25
TATUAPÉ,ESTÉTICA,DRENAGEM,915.0,77596.75,28284.1,36.45010577118243,95.72
TATUAPÉ,LAVIEEN,LAVIEEN,720.0,264252.01,116743.37,44.178800325492325,374.27
TATUAPÉ,MEDICINA ESTÉTICA,PREENCHIMENTO,582.0,489437.8,171929.82,35.12802323809073,842.17
TATUAPÉ,MEDICINA ESTÉTICA,BOTOX POWER,512.0,428567.81,144707.89,33.76546016696868,837.83
TATUAPÉ,ESTÉTICA,CARBOXITERAPIA,464.0,45001.4,20552.31,45.67037372170643,99.46
TATUAPÉ,ESTÉTICA,HECCUS,354.0,33212.7,15781.84,47.51748150556866,98.37
TATUAPÉ,MEDICINA ESTÉTICA,PRÓ-LIPO,319.0,63414.0,31490.55,49.65866464818495,205.95
TATUAPÉ,MEDICINA ESTÉTICA,PEELING QUÍMICO,275.0,61912.5,35054.58,56.619547748839096,225.88
TATUAPÉ,MEDICINA ESTÉTICA,SCULPTRA,207.0,380181.06,54104.46,14.231234907914667,1850.34
TATUAPÉ,ULTRAFORMER_III,ULTRAFORMER PAPADA,196.0,141060.99,49892.9,35.3697378318414,718.56
TATUAPÉ,LAVIEEN,PRÓ-SÉRUM,192.0,28800.0,7405.44,25.71333333333334,150.0
TATUAPÉ,ESTÉTICA,CRIOLIPÓLISE,185.0,66701.0,27964.44,41.92506169322798,372.98
TATUAPÉ,ULTRAFORMER_III,ULTRAFORMER FULLFACE,168.0,292444.52,82706.2,28.280989641385656,1731.04
TATUAPÉ,ESTÉTICA,DRENAGEM 30 MIN,143.0,7150.5,2575.78,36.02241381721558,53.27
TATUAPÉ,ESTÉTICA,RADIOFREQUÊNCIA,138.0,13027.2,5235.69,40.190423728813556,95.09
TATUAPÉ,MEDICINA ESTÉTICA,BOTOX LIGHT,99.0,52898.19,21230.84,40.135292390911665,534.33
TATUAPÉ,MEDICINA ESTÉTICA,SECAGEM,79.0,12458.37,7010.63,56.272483462924924,156.31
TATUAPÉ,MEDICINA ESTÉTICA,DERMAROLLER,71.0,30240.23,13132.38,43.42684642940877,441.79
TATUAPÉ,ULTRAFORMER_III,ULTRAFORMER OLHOS,66.0,47898.0,17741.33,37.03981210071402,722.18
TATUAPÉ,ESTÉTICA,PRÓ- SHAPE,64.0,6597.0,2112.72,32.02552372290435,116.55
TATUAPÉ,MEDICINA ESTÉTICA,PRÓ-MESO,62.0,13242.0,6500.07,49.08674520465187,215.74
TATUAPÉ,MEDICINA ESTÉTICA,RADIESSE,60.0,91793.75,18480.51,20.13264655818071,1530.65
TATUAPÉ,ESTÉTICA,PRÓ-SHAPE,51.0,5140.0,1601.06,31.148949416342415,110.29
TATUAPÉ,MEDICINA ESTÉTICA,PRÓ-BELLA,45.0,8980.0,3314.99,36.91527839643653,205.0
TATUAPÉ,ULTRAFORMER_III,ULTRAFORMER MAÇA DO ROSTO,42.0,44270.0,13562.02,30.634782019426254,1040.65
TATUAPÉ,MEDICINA ESTÉTICA,GLÚTEO MAX,41.0,10930.0,3677.26,33.64375114364136,286.55
TATUAPÉ,ULTRAFORMER_III,ULTRAFORMER PESCOÇO,39.0,44430.0,13279.24,29.88800810263336,1143.33
TATUAPÉ,ULTRAFORMER_III,ULTRAFORMER FULLFACE + PESCOÇO,29.0,68771.0,18957.74,27.56647918454,2359.61
TATUAPÉ,ESTÉTICA,PEELING DE DIAMANTE,20.0,2510.2,1116.5,44.478331607043266,128.34
TATUAPÉ,MEDICINA ESTÉTICA,ENZIMA MELASMA,8.0,1600.0,719.68,44.980000000000004,200.0
TATUAPÉ,ESTÉTICA,HIDRATAÇÃO,7.0,463.0,164.48,35.52488120950324,68.0
TATUAPÉ,MEDICINA ESTÉTICA,CO2 CICATRIZ,3.0,1950.0,807.81,41.426153846153845,650.0
TATUAPÉ,MEDICINA ESTÉTICA,CO2 ROSTO,3.0,1500.0,310.38,20.692,500.0
TATUAPÉ,MEDICINA ESTÉTICA,PRÓ-CELL,1.0,284.8,161.35,56.6530617977528,284.8
TATUAPÉ,ULTRAFORMER_III,ULTRAFORMER BRAÇO,1.0,1190.0,-178.69,-15.0163025210084,1190.0
TIJUCA,ESTÉTICA,DRENAGEM,2121.0,176369.6,63093.01,35.77317510500676,87.35
TIJUCA,ESTÉTICA,LIMPEZA DE PELE,1231.0,77219.0,5550.34,7.18779393672542,64.65
TIJUCA,MEDICINA ESTÉTICA,PRÓ-LIPO,519.0,104389.0,52092.31,49.90210711856614,206.79
TIJUCA,LAVIEEN,LAVIEEN,479.0,167017.5,71470.89,42.79245857470026,356.77
TIJUCA,MEDICINA ESTÉTICA,BOTOX POWER,376.0,314671.02,106228.62,33.75862750500507,837.33
TIJUCA,ESTÉTICA,RADIOFREQUÊNCIA,349.0,33477.0,13615.83,40.67218030289453,100.69
TIJUCA,MEDICINA ESTÉTICA,PREENCHIMENTO,309.0,262365.03,93052.09,35.466652000840206,846.13
TIJUCA,ESTÉTICA,CARBOXITERAPIA,265.0,25794.0,11803.29,45.75981856245638,98.74
TIJUCA,ESTÉTICA,PRÓ-SHAPE,218.0,22736.0,7383.37,32.474377199155526,107.11
TIJUCA,ESTÉTICA,CRIOLIPÓLISE,206.0,68020.0,26728.29,39.294748603351955,368.13
TIJUCA,MEDICINA ESTÉTICA,PEELING QUÍMICO,204.0,46337.5,26293.11,56.74262206636095,233.37
TIJUCA,ESTÉTICA,HECCUS,185.0,18075.2,8754.25,48.43236080375321,101.85
TIJUCA,ESTÉTICA,DRENAGEM 30 MIN,182.0,10478.6,4250.28,40.56156776668639,56.78
TIJUCA,MEDICINA ESTÉTICA,SCULPTRA,151.0,278539.0,40320.23,14.475614043275808,1842.13
TIJUCA,ULTRAFORMER_III,ULTRAFORMER FULLFACE,148.0,252348.0,69134.52,27.396499754307545,1705.26
TIJUCA,ESTÉTICA,PRÓ- SHAPE,134.0,15092.0,5326.1,35.29086138351445,113.42
TIJUCA,LAVIEEN,PRÓ-SÉRUM,119.0,17850.0,4589.83,25.71333333333334,150.0
TIJUCA,ULTRAFORMER_III,ULTRAFORMER PAPADA,95.0,68159.0,24032.96,35.260139673410706,717.46
TIJUCA,MEDICINA ESTÉTICA,PRÓ-MESO,75.0,14570.0,6841.18,46.95386410432395,194.67
TIJUCA,MEDICINA ESTÉTICA,DERMAROLLER,67.0,30959.0,14101.32,45.54836590329144,472.39
TIJUCA,MEDICINA ESTÉTICA,RADIESSE,61.0,93900.0,19195.08,20.44204472843451,1557.69
TIJUCA,MEDICINA ESTÉTICA,SECAGEM,56.0,8800.0,4947.52,56.221818181818186,160.42
TIJUCA,MEDICINA ESTÉTICA,PRÓ-BELLA,52.0,10528.0,3937.25,37.39790273556231,203.1
TIJUCA,MEDICINA ESTÉTICA,GLÚTEO MAX,27.0,6900.0,2211.54,32.05130434782609,297.5
TIJUCA,ULTRAFORMER_III,ULTRAFORMER PESCOÇO,24.0,25848.0,7118.3,27.539071494893225,1084.7
TIJUCA,ULTRAFORMER_III,ULTRAFORMER FULLFACE + PESCOÇO,20.0,47899.94,13407.02,27.989633548601528,2395.0
TIJUCA,MEDICINA ESTÉTICA,BOTOX LIGHT,17.0,10328.0,4523.55,43.79890782339272,607.53
TIJUCA,MEDICINA ESTÉTICA,CO2 ROSTO,17.0,14100.0,5709.06,40.48978723404256,864.44
TIJUCA,ESTÉTICA,PEELING DE DIAMANTE,16.0,1694.0,671.59,39.64507674144038,104.61
TIJUCA,MEDICINA ESTÉTICA,CO2 CICATRIZ,14.0,5880.0,1498.39,25.482857142857146,434.29
TIJUCA,ULTRAFORMER_III,ULTRAFORMER MAÇA DO ROSTO,7.0,7100.0,2064.0,29.070422535211264,1014.29
TIJUCA,MEDICINA ESTÉTICA,ENZIMA MELASMA,5.0,1345.0,693.16,51.53628252788105,269.0
TIJUCA,ULTRAFORMER_III,ULTRAFORMER OLHOS,5.0,3759.0,1436.0,38.20161213088588,751.8
TIJUCA,ESTÉTICA,HIDRATAÇÃO,4.0,236.0,73.83,31.285762711864407,59.0
TIJUCA,MEDICINA ESTÉTICA,CO2 COLO,4.0,2087.0,615.21,29.47818878773359,543.5
TIJUCA,ULTRAFORMER_III,ULTRAFORMER INTERNO COXA,2.0,3380.0,-301.99,-8.934556213017743,1690.0
TIJUCA,MEDICINA ESTÉTICA,CO2 MÃOS,1.0,500.0,163.46,32.692,500.0
TIJUCA,MEDICINA ESTÉTICA,UP BUMBUM,1.0,10600.0,2266.84,21.38528301886793,10600.0
TUCURUVI,ESTÉTICA,LIMPEZA DE PELE,528.0,37160.0,5229.94,14.074122712594193,73.38
TUCURUVI,ESTÉTICA,DRENAGEM,453.0,41128.0,15915.46,38.69738669519549,96.24
TUCURUVI,LAVIEEN,LAVIEEN,410.0,153685.54,68742.28,44.72917876073442,380.93
TUCURUVI,MEDICINA ESTÉTICA,PRÓ-LIPO,326.0,65017.04,32330.76,49.726594775769556,200.54
TUCURUVI,MEDICINA ESTÉTICA,PREENCHIMENTO,310.0,265149.17,94718.22,35.72261776946162,854.71
TUCURUVI,MEDICINA ESTÉTICA,BOTOX POWER,290.0,243036.14,82169.89,33.80974251648335,838.09
TUCURUVI,ESTÉTICA,HECCUS,242.0,24214.58,11853.76,48.953005718042604,100.6
TUCURUVI,MEDICINA ESTÉTICA,SCULPTRA,211.0,400036.9,63974.05,15.992037049582175,1881.12
TUCURUVI,ESTÉTICA,CARBOXITERAPIA,154.0,16617.8,8007.72,48.18758271251309,108.69
TUCURUVI,ESTÉTICA,PRÓ- SHAPE,144.0,15302.04,5077.26,33.18027541425849,107.73
TUCURUVI,ESTÉTICA,RADIOFREQUÊNCIA,139.0,14882.5,6515.77,43.78139089534689,106.13
TUCURUVI,ULTRAFORMER_III,ULTRAFORMER FULLFACE,103.0,179082.0,50555.58,28.230409979785797,1740.98
TUCURUVI,ESTÉTICA,CRIOLIPÓLISE,102.0,36120.05,14955.74,41.405654947875206,367.31
TUCURUVI,ULTRAFORMER_III,ULTRAFORMER PAPADA,81.0,58508.5,20769.18,35.49770699983764,715.9
TUCURUVI,MEDICINA ESTÉTICA,SECAGEM,59.0,8339.0,4554.83,54.6208250389735,138.7
TUCURUVI,MEDICINA ESTÉTICA,PEELING QUÍMICO,51.0,11659.0,6625.92,56.83093404237071,222.49
TUCURUVI,MEDICINA ESTÉTICA,BOTOX LIGHT,45.0,25932.04,10981.76,42.34823413815496,576.27
TUCURUVI,ULTRAFORMER_III,ULTRAFORMER OLHOS,45.0,31780.04,11477.24,36.11461853414911,707.78
TUCURUVI,LAVIEEN,PRÓ-SÉRUM,40.0,6000.0,1542.8,25.71333333333334,150.0
TUCURUVI,MEDICINA ESTÉTICA,GLÚTEO MAX,36.0,12768.0,5465.59,42.806917293233084,350.4
TUCURUVI,MEDICINA ESTÉTICA,PRÓ-BELLA,33.0,6720.0,2525.99,37.589107142857145,216.67
TUCURUVI,ESTÉTICA,DRENAGEM 30 MIN,30.0,1770.0,730.76,41.28576271186441,59.0
TUCURUVI,MEDICINA ESTÉTICA,PRÓ-MESO,30.0,6680.0,3337.47,49.962155688622765,217.0
TUCURUVI,ULTRAFORMER_III,ULTRAFORMER PESCOÇO,25.0,27060.04,7510.15,27.75366265533976,1069.22
TUCURUVI,ULTRAFORMER_III,ULTRAFORMER FULLFACE + PESCOÇO,21.0,46660.04,11513.31,24.67488715397587,2238.52
TUCURUVI,MEDICINA ESTÉTICA,DERMAROLLER,20.0,10265.2,4931.47,48.04068191559833,507.09
TUCURUVI,MEDICINA ESTÉTICA,RADIESSE,13.0,20412.0,4373.28,21.425067607289837,1591.2
TUCURUVI,ULTRAFORMER_III,ULTRAFORMER MAÇA DO ROSTO,9.0,8700.0,2351.4,27.027586206896554,957.14
TUCURUVI,MEDICINA ESTÉTICA,CO2 ROSTO,4.0,2600.0,837.08,32.19538461538461,600.0
TUCURUVI,ULTRAFORMER_III,ULTRAFORMER BRAÇO,4.0,6100.0,230.46,3.7780327868852464,1516.67
TUCURUVI,ULTRAFORMER_III,ULTRAFORMER GLUTEO,3.0,3450.0,-305.73,-8.86173913043478,1150.0
TUCURUVI,ESTÉTICA,PEELING DE DIAMANTE,2.0,237.7,102.25,43.01791333613799,118.85
VILA MASCOTE,ESTÉTICA,LIMPEZA DE PELE,161.0,9380.0,218.51,2.329552238805974,61.21
VILA MASCOTE,ESTÉTICA,DRENAGEM,115.0,10844.0,4324.71,39.88111029140538,96.91
VILA MASCOTE,ESTÉTICA,HECCUS,92.0,9173.0,4483.43,48.876422108361496,100.06
VILA MASCOTE,LAVIEEN,LAVIEEN,53.0,16814.0,6732.85,40.043092660877846,314.51
VILA MASCOTE,MEDICINA ESTÉTICA,BOTOX POWER,34.0,27835.99,9169.63,32.94162465929899,819.27
VILA MASCOTE,ESTÉTICA,CARBOXITERAPIA,27.0,2673.0,1234.29,46.17636363636363,99.0
VILA MASCOTE,ULTRAFORMER_III,ULTRAFORMER FULLFACE,25.0,43083.96,12000.93,27.85474079912803,1727.91
VILA MASCOTE,LAVIEEN,PRÓ-SÉRUM,22.0,3300.0,848.54,25.71333333333334,150.0
VILA MASCOTE,MEDICINA ESTÉTICA,PEELING QUÍMICO,18.0,3590.0,1968.27,54.826350974930364,198.75
VILA MASCOTE,MEDICINA ESTÉTICA,PREENCHIMENTO,16.0,12798.0,4262.91,33.3091826847945,799.82
VILA MASCOTE,MEDICINA ESTÉTICA,SCULPTRA,12.0,21600.0,2826.48,13.085555555555553,1800.0
VILA MASCOTE,ULTRAFORMER_III,ULTRAFORMER PAPADA,11.0,7690.0,2640.21,34.33297789336801,699.09
VILA MASCOTE,MEDICINA ESTÉTICA,RADIESSE,7.0,10900.0,2290.6,21.014678899082575,1566.67
VILA MASCOTE,MEDICINA ESTÉTICA,SECAGEM,7.0,1194.0,684.75,57.349045226130656,167.33
VILA MASCOTE,MEDICINA ESTÉTICA,BOTOX LIGHT,5.0,2930.0,1254.52,42.81645051194539,586.0
VILA MASCOTE,MEDICINA ESTÉTICA,PRÓ-MESO,5.0,1020.0,490.41,48.079215686274516,210.0
VILA MASCOTE,ESTÉTICA,CRIOLIPÓLISE,4.0,1400.0,574.88,41.06285714285714,350.0
VILA MASCOTE,MEDICINA ESTÉTICA,PRÓ-LIPO,4.0,800.0,398.28,49.78500000000001,200.0
VILA MASCOTE,ULTRAFORMER_III,ULTRAFORMER FULLFACE + PESCOÇO,3.0,6630.0,1619.56,24.42778280542987,2210.0
VILA MASCOTE,ULTRAFORMER_III,ULTRAFORMER PESCOÇO,3.0,3510.0,1086.59,30.95709401709402,1170.0
VILA MASCOTE,MEDICINA ESTÉTICA,DERMAROLLER,1.0,530.0,258.38,48.75132075471698,530.0
VILA MASCOTE,MEDICINA ESTÉTICA,GLÚTEO MAX,1.0,360.0,155.58,43.217777777777776,360.0
