Unidade do agendamento,Grupo,Mês Atendimento,Procedimentos Padronizados,Quantidade (cortesia),Custo Direto (corteisa)
ALPHAVILLE,ESTÉTICA,Abril,LIMPEZA DE PELE,2,79.48
ALPHAVILLE,ESTÉTICA,Abril,PEELING DE DIAMANTE,2,65.42
ALPHAVILLE,ESTÉTICA,Agosto,HIDRATAÇÃO,18,416.88
ALPHAVILLE,ESTÉTICA,Agosto,LIMPEZA DE PELE,34,1351.16
ALPHAVILLE,ESTÉTICA,Agosto,PEELING DE DIAMANTE,36,1177.56
ALPHAVILLE,ESTÉTICA,Dezembro,HIDRATAÇÃO,1,23.16
ALPHAVILLE,ESTÉTICA,Dezembro,LIMPEZA DE PELE,5,198.70000000000002
ALPHAVILLE,ESTÉTICA,Dezembro,PEELING DE DIAMANTE,7,228.97
ALPHAVILLE,ESTÉTICA,Fevereiro,HIDRATAÇÃO,2,46.32
ALPHAVILLE,ESTÉTICA,Fevereiro,LIMPEZA DE PELE,6,238.44
ALPHAVILLE,ESTÉTICA,Fevereiro,PEELING DE DIAMANTE,11,359.81
ALPHAVILLE,ESTÉTICA,Janeiro,HIDRATAÇÃO,1,23.16
ALPHAVILLE,ESTÉTICA,Janeiro,LIMPEZA DE PELE,5,198.70000000000002
ALPHAVILLE,ESTÉTICA,Janeiro,PEELING DE DIAMANTE,2,65.42
ALPHAVILLE,ESTÉTICA,Julho,HIDRATAÇÃO,2,46.32
ALPHAVILLE,ESTÉTICA,Julho,LIMPEZA DE PELE,40,1589.6000000000001
ALPHAVILLE,ESTÉTICA,Julho,PEELING DE DIAMANTE,30,981.3000000000001
ALPHAVILLE,ESTÉTICA,Junho,HIDRATAÇÃO,3,69.48
ALPHAVILLE,ESTÉTICA,Junho,LIMPEZA DE PELE,25,993.5
ALPHAVILLE,ESTÉTICA,Junho,PEELING DE DIAMANTE,13,425.23
ALPHAVILLE,ESTÉTICA,Junho,RADIOFREQUÊNCIA,1,28.65
ALPHAVILLE,ESTÉTICA,Maio,HIDRATAÇÃO,4,92.64
ALPHAVILLE,ESTÉTICA,Maio,LIMPEZA DE PELE,25,993.5
ALPHAVILLE,ESTÉTICA,Maio,PEELING DE DIAMANTE,19,621.49
ALPHAVILLE,ESTÉTICA,Março,HIDRATAÇÃO,1,23.16
ALPHAVILLE,ESTÉTICA,Março,LIMPEZA DE PELE,7,278.18
ALPHAVILLE,ESTÉTICA,Março,PEELING DE DIAMANTE,4,130.84
ALPHAVILLE,ESTÉTICA,Novembro,HIDRATAÇÃO,1,23.16
ALPHAVILLE,ESTÉTICA,Novembro,LIMPEZA DE PELE,10,397.40000000000003
ALPHAVILLE,ESTÉTICA,Novembro,PEELING DE DIAMANTE,18,588.78
ALPHAVILLE,ESTÉTICA,Novembro,RADIOFREQUÊNCIA,2,57.3
ALPHAVILLE,ESTÉTICA,Outubro,HIDRATAÇÃO,5,115.8
ALPHAVILLE,ESTÉTICA,Outubro,LIMPEZA DE PELE,10,397.40000000000003
ALPHAVILLE,ESTÉTICA,Outubro,PEELING DE DIAMANTE,11,359.81
ALPHAVILLE,ESTÉTICA,Setembro,HIDRATAÇÃO,11,254.76
ALPHAVILLE,ESTÉTICA,Setembro,LIMPEZA DE PELE,8,317.92
ALPHAVILLE,ESTÉTICA,Setembro,PEELING DE DIAMANTE,20,654.2
ALPHAVILLE,LAVIEEN,Abril,LAVIEEN,35,3386.25
ALPHAVILLE,LAVIEEN,Agosto,LAVIEEN,47,4547.25
ALPHAVILLE,LAVIEEN,Julho,LAVIEEN,58,5611.5
ALPHAVILLE,LAVIEEN,Junho,LAVIEEN,55,5321.25
ALPHAVILLE,LAVIEEN,Maio,LAVIEEN,43,4160.25
ALPHAVILLE,LAVIEEN,Novembro,LAVIEEN,23,2225.25
ALPHAVILLE,LAVIEEN,Outubro,LAVIEEN,14,1354.5
ALPHAVILLE,LAVIEEN,Setembro,LAVIEEN,38,3676.5
BELO HORIZONTE,ESTÉTICA,Abril,LIMPEZA DE PELE,1,39.74
BELO HORIZONTE,ESTÉTICA,Abril,PEELING DE DIAMANTE,6,196.26
BELO HORIZONTE,ESTÉTICA,Abril,RADIOFREQUÊNCIA,1,28.65
BELO HORIZONTE,ESTÉTICA,Agosto,HECCUS,1,21.6
BELO HORIZONTE,ESTÉTICA,Agosto,HIDRATAÇÃO,1,23.16
BELO HORIZONTE,ESTÉTICA,Agosto,LIMPEZA DE PELE,2,79.48
BELO HORIZONTE,ESTÉTICA,Agosto,PEELING DE DIAMANTE,3,98.13
BELO HORIZONTE,ESTÉTICA,Dezembro,HECCUS,1,21.6
BELO HORIZONTE,ESTÉTICA,Dezembro,PEELING DE DIAMANTE,2,65.42
BELO HORIZONTE,ESTÉTICA,Fevereiro,CARBOXITERAPIA,1,24.12
BELO HORIZONTE,ESTÉTICA,Fevereiro,HECCUS,2,43.2
BELO HORIZONTE,ESTÉTICA,Fevereiro,HIDRATAÇÃO,7,162.12
BELO HORIZONTE,ESTÉTICA,Fevereiro,LIMPEZA DE PELE,12,476.88
BELO HORIZONTE,ESTÉTICA,Fevereiro,PEELING DE DIAMANTE,25,817.75
BELO HORIZONTE,ESTÉTICA,Fevereiro,RADIOFREQUÊNCIA,5,143.25
BELO HORIZONTE,ESTÉTICA,Janeiro,CARBOXITERAPIA,1,24.12
BELO HORIZONTE,ESTÉTICA,Janeiro,HECCUS,1,21.6
BELO HORIZONTE,ESTÉTICA,Janeiro,HIDRATAÇÃO,11,254.76
BELO HORIZONTE,ESTÉTICA,Janeiro,LIMPEZA DE PELE,10,397.40000000000003
BELO HORIZONTE,ESTÉTICA,Janeiro,PEELING DE DIAMANTE,13,425.23
BELO HORIZONTE,ESTÉTICA,Janeiro,PRÓ- SHAPE,3,119.10000000000001
BELO HORIZONTE,ESTÉTICA,Janeiro,RADIOFREQUÊNCIA,3,85.94999999999999
BELO HORIZONTE,ESTÉTICA,Julho,HIDRATAÇÃO,1,23.16
BELO HORIZONTE,ESTÉTICA,Julho,LIMPEZA DE PELE,2,79.48
BELO HORIZONTE,ESTÉTICA,Julho,PEELING DE DIAMANTE,8,261.68
BELO HORIZONTE,ESTÉTICA,Julho,RADIOFREQUÊNCIA,2,57.3
BELO HORIZONTE,ESTÉTICA,Junho,HIDRATAÇÃO,1,23.16
BELO HORIZONTE,ESTÉTICA,Junho,LIMPEZA DE PELE,1,39.74
BELO HORIZONTE,ESTÉTICA,Junho,PEELING DE DIAMANTE,5,163.55
BELO HORIZONTE,ESTÉTICA,Junho,RADIOFREQUÊNCIA,1,28.65
BELO HORIZONTE,ESTÉTICA,Maio,HIDRATAÇÃO,7,162.12
BELO HORIZONTE,ESTÉTICA,Maio,LIMPEZA DE PELE,5,198.70000000000002
BELO HORIZONTE,ESTÉTICA,Maio,PEELING DE DIAMANTE,15,490.65000000000003
BELO HORIZONTE,ESTÉTICA,Maio,RADIOFREQUÊNCIA,2,57.3
BELO HORIZONTE,ESTÉTICA,Março,CARBOXITERAPIA,1,24.12
BELO HORIZONTE,ESTÉTICA,Março,HECCUS,2,43.2
BELO HORIZONTE,ESTÉTICA,Março,HIDRATAÇÃO,8,185.28
BELO HORIZONTE,ESTÉTICA,Março,LIMPEZA DE PELE,7,278.18
BELO HORIZONTE,ESTÉTICA,Março,PEELING DE DIAMANTE,25,817.75
BELO HORIZONTE,ESTÉTICA,Março,PRÓ- SHAPE,1,39.7
BELO HORIZONTE,ESTÉTICA,Março,RADIOFREQUÊNCIA,2,57.3
BELO HORIZONTE,ESTÉTICA,Novembro,HECCUS,1,21.6
BELO HORIZONTE,ESTÉTICA,Novembro,HIDRATAÇÃO,2,46.32
BELO HORIZONTE,ESTÉTICA,Novembro,PEELING DE DIAMANTE,8,261.68
BELO HORIZONTE,ESTÉTICA,Novembro,PRÓ- SHAPE,1,39.7
BELO HORIZONTE,ESTÉTICA,Novembro,RADIOFREQUÊNCIA,2,57.3
BELO HORIZONTE,ESTÉTICA,Outubro,LIMPEZA DE PELE,1,39.74
BELO HORIZONTE,ESTÉTICA,Outubro,PEELING DE DIAMANTE,1,32.71
BELO HORIZONTE,ESTÉTICA,Outubro,RADIOFREQUÊNCIA,1,28.65
BELO HORIZONTE,ESTÉTICA,Setembro,HIDRATAÇÃO,2,46.32
BELO HORIZONTE,ESTÉTICA,Setembro,LIMPEZA DE PELE,1,39.74
BELO HORIZONTE,ESTÉTICA,Setembro,PEELING DE DIAMANTE,4,130.84
BELO HORIZONTE,LAVIEEN,Fevereiro,LAVIEEN,23,2225.25
BELO HORIZONTE,LAVIEEN,Janeiro,LAVIEEN,20,1935.0
BELO HORIZONTE,LAVIEEN,Julho,LAVIEEN,33,3192.75
BELO HORIZONTE,LAVIEEN,Maio,LAVIEEN,26,2515.5
BELO HORIZONTE,LAVIEEN,Março,LAVIEEN,21,2031.75
BELO HORIZONTE,LAVIEEN,Novembro,LAVIEEN,21,2031.75
CAMPINAS,ESTÉTICA,Abril,HECCUS,1,21.6
CAMPINAS,ESTÉTICA,Abril,HIDRATAÇÃO,6,138.96
CAMPINAS,ESTÉTICA,Abril,LIMPEZA DE PELE,5,198.70000000000002
CAMPINAS,ESTÉTICA,Abril,PEELING DE DIAMANTE,26,850.46
CAMPINAS,ESTÉTICA,Abril,RADIOFREQUÊNCIA,2,57.3
CAMPINAS,ESTÉTICA,Agosto,HECCUS,1,21.6
CAMPINAS,ESTÉTICA,Agosto,HIDRATAÇÃO,16,370.56
CAMPINAS,ESTÉTICA,Agosto,LIMPEZA DE PELE,21,834.5400000000001
CAMPINAS,ESTÉTICA,Agosto,PEELING DE DIAMANTE,97,3172.87
CAMPINAS,ESTÉTICA,Agosto,RADIOFREQUÊNCIA,9,257.84999999999997
CAMPINAS,ESTÉTICA,Dezembro,HIDRATAÇÃO,5,115.8
CAMPINAS,ESTÉTICA,Dezembro,LIMPEZA DE PELE,4,158.96
CAMPINAS,ESTÉTICA,Dezembro,PEELING DE DIAMANTE,24,785.04
CAMPINAS,ESTÉTICA,Dezembro,RADIOFREQUÊNCIA,4,114.6
CAMPINAS,ESTÉTICA,Fevereiro,HECCUS,1,21.6
CAMPINAS,ESTÉTICA,Fevereiro,HIDRATAÇÃO,33,764.28
CAMPINAS,ESTÉTICA,Fevereiro,LIMPEZA DE PELE,36,1430.64
CAMPINAS,ESTÉTICA,Fevereiro,PEELING DE DIAMANTE,45,1471.95
CAMPINAS,ESTÉTICA,Fevereiro,RADIOFREQUÊNCIA,3,85.94999999999999
CAMPINAS,ESTÉTICA,Janeiro,HECCUS,1,21.6
CAMPINAS,ESTÉTICA,Janeiro,HIDRATAÇÃO,47,1088.52
CAMPINAS,ESTÉTICA,Janeiro,LIMPEZA DE PELE,11,437.14000000000004
CAMPINAS,ESTÉTICA,Janeiro,PEELING DE DIAMANTE,26,850.46
CAMPINAS,ESTÉTICA,Janeiro,RADIOFREQUÊNCIA,4,114.6
CAMPINAS,ESTÉTICA,Julho,HECCUS,1,21.6
CAMPINAS,ESTÉTICA,Julho,HIDRATAÇÃO,5,115.8
CAMPINAS,ESTÉTICA,Julho,LIMPEZA DE PELE,20,794.8000000000001
CAMPINAS,ESTÉTICA,Julho,PEELING DE DIAMANTE,88,2878.48
CAMPINAS,ESTÉTICA,Julho,PRÓ- SHAPE,1,39.7
CAMPINAS,ESTÉTICA,Julho,RADIOFREQUÊNCIA,4,114.6
CAMPINAS,ESTÉTICA,Junho,CARBOXITERAPIA,1,24.12
CAMPINAS,ESTÉTICA,Junho,HECCUS,1,21.6
CAMPINAS,ESTÉTICA,Junho,HIDRATAÇÃO,13,301.08
CAMPINAS,ESTÉTICA,Junho,LIMPEZA DE PELE,27,1072.98
CAMPINAS,ESTÉTICA,Junho,PEELING DE DIAMANTE,70,2289.7000000000003
CAMPINAS,ESTÉTICA,Junho,PRÓ- SHAPE,1,39.7
CAMPINAS,ESTÉTICA,Junho,RADIOFREQUÊNCIA,16,458.4
CAMPINAS,ESTÉTICA,Maio,CARBOXITERAPIA,1,24.12
CAMPINAS,ESTÉTICA,Maio,HIDRATAÇÃO,11,254.76
CAMPINAS,ESTÉTICA,Maio,LIMPEZA DE PELE,22,874.2800000000001
CAMPINAS,ESTÉTICA,Maio,PEELING DE DIAMANTE,67,2191.57
CAMPINAS,ESTÉTICA,Maio,PRÓ- SHAPE,1,39.7
CAMPINAS,ESTÉTICA,Maio,RADIOFREQUÊNCIA,9,257.84999999999997
CAMPINAS,ESTÉTICA,Março,CARBOXITERAPIA,1,24.12
CAMPINAS,ESTÉTICA,Março,HECCUS,2,43.2
CAMPINAS,ESTÉTICA,Março,HIDRATAÇÃO,18,416.88
CAMPINAS,ESTÉTICA,Março,LIMPEZA DE PELE,22,874.2800000000001
CAMPINAS,ESTÉTICA,Março,PEELING DE DIAMANTE,65,2126.15
CAMPINAS,ESTÉTICA,Março,RADIOFREQUÊNCIA,4,114.6
CAMPINAS,ESTÉTICA,Novembro,CARBOXITERAPIA,1,24.12
CAMPINAS,ESTÉTICA,Novembro,HIDRATAÇÃO,26,602.16
CAMPINAS,ESTÉTICA,Novembro,LIMPEZA DE PELE,33,1311.42
CAMPINAS,ESTÉTICA,Novembro,PEELING DE DIAMANTE,94,3074.7400000000002
CAMPINAS,ESTÉTICA,Novembro,RADIOFREQUÊNCIA,1,28.65
CAMPINAS,ESTÉTICA,Outubro,HIDRATAÇÃO,20,463.2
CAMPINAS,ESTÉTICA,Outubro,LIMPEZA DE PELE,22,874.2800000000001
CAMPINAS,ESTÉTICA,Outubro,PEELING DE DIAMANTE,96,3140.16
CAMPINAS,ESTÉTICA,Outubro,RADIOFREQUÊNCIA,1,28.65
CAMPINAS,ESTÉTICA,Setembro,HIDRATAÇÃO,22,509.52
CAMPINAS,ESTÉTICA,Setembro,LIMPEZA DE PELE,17,675.58
CAMPINAS,ESTÉTICA,Setembro,PEELING DE DIAMANTE,81,2649.51
CAMPINAS,ESTÉTICA,Setembro,RADIOFREQUÊNCIA,1,28.65
CAMPINAS,LAVIEEN,Agosto,LAVIEEN,147,14222.25
CAMPINAS,LAVIEEN,Dezembro,LAVIEEN,110,10642.5
CAMPINAS,LAVIEEN,Fevereiro,LAVIEEN,65,6288.75
CAMPINAS,LAVIEEN,Janeiro,LAVIEEN,39,3773.25
CAMPINAS,LAVIEEN,Julho,LAVIEEN,44,4257.0
CAMPINAS,LAVIEEN,Junho,LAVIEEN,78,7546.5
CAMPINAS,LAVIEEN,Maio,LAVIEEN,62,5998.5
CAMPINAS,LAVIEEN,Março,LAVIEEN,77,7449.75
CAMPINAS,LAVIEEN,Novembro,LAVIEEN,82,7933.5
CAMPINAS,LAVIEEN,Outubro,LAVIEEN,36,3483.0
CAMPINAS,LAVIEEN,Setembro,LAVIEEN,102,9868.5
COPACABANA,ESTÉTICA,Abril,HIDRATAÇÃO,3,69.48
COPACABANA,ESTÉTICA,Abril,LIMPEZA DE PELE,4,158.96
COPACABANA,ESTÉTICA,Abril,PEELING DE DIAMANTE,21,686.91
COPACABANA,ESTÉTICA,Abril,RADIOFREQUÊNCIA,1,28.65
COPACABANA,ESTÉTICA,Agosto,CARBOXITERAPIA,1,24.12
COPACABANA,ESTÉTICA,Agosto,HIDRATAÇÃO,10,231.6
COPACABANA,ESTÉTICA,Agosto,LIMPEZA DE PELE,18,715.32
COPACABANA,ESTÉTICA,Agosto,PEELING DE DIAMANTE,76,2485.96
COPACABANA,ESTÉTICA,Agosto,RADIOFREQUÊNCIA,11,315.15
COPACABANA,ESTÉTICA,Dezembro,HIDRATAÇÃO,3,69.48
COPACABANA,ESTÉTICA,Dezembro,LIMPEZA DE PELE,7,278.18
COPACABANA,ESTÉTICA,Dezembro,PEELING DE DIAMANTE,23,752.33
COPACABANA,ESTÉTICA,Fevereiro,HECCUS,1,21.6
COPACABANA,ESTÉTICA,Fevereiro,HIDRATAÇÃO,7,162.12
COPACABANA,ESTÉTICA,Fevereiro,LIMPEZA DE PELE,19,755.0600000000001
COPACABANA,ESTÉTICA,Fevereiro,PEELING DE DIAMANTE,41,1341.1100000000001
COPACABANA,ESTÉTICA,Fevereiro,RADIOFREQUÊNCIA,10,286.5
COPACABANA,ESTÉTICA,Janeiro,HIDRATAÇÃO,4,92.64
COPACABANA,ESTÉTICA,Janeiro,LIMPEZA DE PELE,5,198.70000000000002
COPACABANA,ESTÉTICA,Janeiro,PEELING DE DIAMANTE,46,1504.66
COPACABANA,ESTÉTICA,Janeiro,RADIOFREQUÊNCIA,2,57.3
COPACABANA,ESTÉTICA,Julho,HIDRATAÇÃO,3,69.48
COPACABANA,ESTÉTICA,Julho,LIMPEZA DE PELE,15,596.1
COPACABANA,ESTÉTICA,Julho,PEELING DE DIAMANTE,95,3107.4500000000003
COPACABANA,ESTÉTICA,Julho,RADIOFREQUÊNCIA,7,200.54999999999998
COPACABANA,ESTÉTICA,Junho,HIDRATAÇÃO,5,115.8
COPACABANA,ESTÉTICA,Junho,LIMPEZA DE PELE,11,437.14000000000004
COPACABANA,ESTÉTICA,Junho,PEELING DE DIAMANTE,75,2453.25
COPACABANA,ESTÉTICA,Junho,RADIOFREQUÊNCIA,10,286.5
COPACABANA,ESTÉTICA,Maio,CARBOXITERAPIA,1,24.12
COPACABANA,ESTÉTICA,Maio,HIDRATAÇÃO,6,138.96
COPACABANA,ESTÉTICA,Maio,LIMPEZA DE PELE,24,953.76
COPACABANA,ESTÉTICA,Maio,PEELING DE DIAMANTE,67,2191.57
COPACABANA,ESTÉTICA,Maio,RADIOFREQUÊNCIA,5,143.25
COPACABANA,ESTÉTICA,Março,HIDRATAÇÃO,9,208.44
COPACABANA,ESTÉTICA,Março,LIMPEZA DE PELE,29,1152.46
COPACABANA,ESTÉTICA,Março,PEELING DE DIAMANTE,42,1373.82
COPACABANA,ESTÉTICA,Março,RADIOFREQUÊNCIA,7,200.54999999999998
COPACABANA,ESTÉTICA,Novembro,HIDRATAÇÃO,20,463.2
COPACABANA,ESTÉTICA,Novembro,LIMPEZA DE PELE,37,1470.38
COPACABANA,ESTÉTICA,Novembro,PEELING DE DIAMANTE,105,3434.55
COPACABANA,ESTÉTICA,Novembro,RADIOFREQUÊNCIA,1,28.65
COPACABANA,ESTÉTICA,Outubro,HIDRATAÇÃO,15,347.4
COPACABANA,ESTÉTICA,Outubro,LIMPEZA DE PELE,14,556.36
COPACABANA,ESTÉTICA,Outubro,PEELING DE DIAMANTE,59,1929.89
COPACABANA,ESTÉTICA,Outubro,PRÓ- SHAPE,1,39.7
COPACABANA,ESTÉTICA,Outubro,RADIOFREQUÊNCIA,3,85.94999999999999
COPACABANA,ESTÉTICA,Setembro,HIDRATAÇÃO,20,463.2
COPACABANA,ESTÉTICA,Setembro,LIMPEZA DE PELE,10,397.40000000000003
COPACABANA,ESTÉTICA,Setembro,PEELING DE DIAMANTE,62,2028.02
COPACABANA,ESTÉTICA,Setembro,RADIOFREQUÊNCIA,2,57.3
COPACABANA,LAVIEEN,Agosto,LAVIEEN,174,16834.5
COPACABANA,LAVIEEN,Fevereiro,LAVIEEN,51,4934.25
COPACABANA,LAVIEEN,Janeiro,LAVIEEN,34,3289.5
COPACABANA,LAVIEEN,Julho,LAVIEEN,206,19930.5
COPACABANA,LAVIEEN,Junho,LAVIEEN,85,8223.75
COPACABANA,LAVIEEN,Maio,LAVIEEN,123,11900.25
COPACABANA,LAVIEEN,Março,LAVIEEN,62,5998.5
COPACABANA,LAVIEEN,Novembro,LAVIEEN,106,10255.5
COPACABANA,LAVIEEN,Outubro,LAVIEEN,110,10642.5
COPACABANA,LAVIEEN,Setembro,LAVIEEN,134,12964.5
COPACABANA,MEDICINA ESTÉTICA,Fevereiro,BOTOX POWER,1,307.82
IPIRANGA,ESTÉTICA,Abril,CARBOXITERAPIA,1,24.12
IPIRANGA,ESTÉTICA,Abril,HIDRATAÇÃO,1,23.16
IPIRANGA,ESTÉTICA,Abril,PEELING DE DIAMANTE,20,654.2
IPIRANGA,ESTÉTICA,Abril,RADIOFREQUÊNCIA,4,114.6
IPIRANGA,ESTÉTICA,Agosto,HIDRATAÇÃO,1,23.16
IPIRANGA,ESTÉTICA,Agosto,LIMPEZA DE PELE,5,198.70000000000002
IPIRANGA,ESTÉTICA,Agosto,PEELING DE DIAMANTE,46,1504.66
IPIRANGA,ESTÉTICA,Agosto,RADIOFREQUÊNCIA,23,658.9499999999999
IPIRANGA,ESTÉTICA,Dezembro,CARBOXITERAPIA,1,24.12
IPIRANGA,ESTÉTICA,Dezembro,HECCUS,1,21.6
IPIRANGA,ESTÉTICA,Dezembro,HIDRATAÇÃO,2,46.32
IPIRANGA,ESTÉTICA,Dezembro,LIMPEZA DE PELE,1,39.74
IPIRANGA,ESTÉTICA,Dezembro,PEELING DE DIAMANTE,13,425.23
IPIRANGA,ESTÉTICA,Dezembro,RADIOFREQUÊNCIA,5,143.25
IPIRANGA,ESTÉTICA,Fevereiro,CARBOXITERAPIA,1,24.12
IPIRANGA,ESTÉTICA,Fevereiro,HIDRATAÇÃO,7,162.12
IPIRANGA,ESTÉTICA,Fevereiro,LIMPEZA DE PELE,5,198.70000000000002
IPIRANGA,ESTÉTICA,Fevereiro,PEELING DE DIAMANTE,26,850.46
IPIRANGA,ESTÉTICA,Fevereiro,RADIOFREQUÊNCIA,15,429.75
IPIRANGA,ESTÉTICA,Janeiro,CARBOXITERAPIA,1,24.12
IPIRANGA,ESTÉTICA,Janeiro,HECCUS,1,21.6
IPIRANGA,ESTÉTICA,Janeiro,HIDRATAÇÃO,7,162.12
IPIRANGA,ESTÉTICA,Janeiro,LIMPEZA DE PELE,6,238.44
IPIRANGA,ESTÉTICA,Janeiro,PEELING DE DIAMANTE,30,981.3000000000001
IPIRANGA,ESTÉTICA,Janeiro,RADIOFREQUÊNCIA,13,372.45
IPIRANGA,ESTÉTICA,Julho,HIDRATAÇÃO,3,69.48
IPIRANGA,ESTÉTICA,Julho,LIMPEZA DE PELE,3,119.22
IPIRANGA,ESTÉTICA,Julho,PEELING DE DIAMANTE,33,1079.43
IPIRANGA,ESTÉTICA,Julho,RADIOFREQUÊNCIA,16,458.4
IPIRANGA,ESTÉTICA,Junho,CARBOXITERAPIA,2,48.24
IPIRANGA,ESTÉTICA,Junho,HIDRATAÇÃO,2,46.32
IPIRANGA,ESTÉTICA,Junho,LIMPEZA DE PELE,4,158.96
IPIRANGA,ESTÉTICA,Junho,PEELING DE DIAMANTE,21,686.91
IPIRANGA,ESTÉTICA,Junho,RADIOFREQUÊNCIA,18,515.6999999999999
IPIRANGA,ESTÉTICA,Maio,HECCUS,2,43.2
IPIRANGA,ESTÉTICA,Maio,HIDRATAÇÃO,4,92.64
IPIRANGA,ESTÉTICA,Maio,LIMPEZA DE PELE,12,476.88
IPIRANGA,ESTÉTICA,Maio,PEELING DE DIAMANTE,42,1373.82
IPIRANGA,ESTÉTICA,Maio,RADIOFREQUÊNCIA,16,458.4
IPIRANGA,ESTÉTICA,Março,LIMPEZA DE PELE,6,238.44
IPIRANGA,ESTÉTICA,Março,PEELING DE DIAMANTE,29,948.59
IPIRANGA,ESTÉTICA,Março,PRÓ- SHAPE,1,39.7
IPIRANGA,ESTÉTICA,Março,RADIOFREQUÊNCIA,12,343.79999999999995
IPIRANGA,ESTÉTICA,Novembro,HIDRATAÇÃO,4,92.64
IPIRANGA,ESTÉTICA,Novembro,LIMPEZA DE PELE,16,635.84
IPIRANGA,ESTÉTICA,Novembro,PEELING DE DIAMANTE,68,2224.28
IPIRANGA,ESTÉTICA,Novembro,RADIOFREQUÊNCIA,8,229.2
IPIRANGA,ESTÉTICA,Outubro,HECCUS,1,21.6
IPIRANGA,ESTÉTICA,Outubro,HIDRATAÇÃO,21,486.36
IPIRANGA,ESTÉTICA,Outubro,LIMPEZA DE PELE,16,635.84
IPIRANGA,ESTÉTICA,Outubro,PEELING DE DIAMANTE,41,1341.1100000000001
IPIRANGA,ESTÉTICA,Outubro,RADIOFREQUÊNCIA,14,401.09999999999997
IPIRANGA,ESTÉTICA,Setembro,CARBOXITERAPIA,1,24.12
IPIRANGA,ESTÉTICA,Setembro,HECCUS,1,21.6
IPIRANGA,ESTÉTICA,Setembro,HIDRATAÇÃO,7,162.12
IPIRANGA,ESTÉTICA,Setembro,LIMPEZA DE PELE,3,119.22
IPIRANGA,ESTÉTICA,Setembro,PEELING DE DIAMANTE,57,1864.47
IPIRANGA,ESTÉTICA,Setembro,RADIOFREQUÊNCIA,7,200.54999999999998
IPIRANGA,LAVIEEN,Agosto,LAVIEEN,62,5998.5
IPIRANGA,LAVIEEN,Fevereiro,LAVIEEN,37,3579.75
IPIRANGA,LAVIEEN,Janeiro,LAVIEEN,34,3289.5
IPIRANGA,LAVIEEN,Julho,LAVIEEN,76,7353.0
IPIRANGA,LAVIEEN,Junho,LAVIEEN,108,10449.0
IPIRANGA,LAVIEEN,Maio,LAVIEEN,75,7256.25
IPIRANGA,LAVIEEN,Março,LAVIEEN,32,3096.0
IPIRANGA,LAVIEEN,Novembro,LAVIEEN,146,14125.5
IPIRANGA,LAVIEEN,Outubro,LAVIEEN,70,6772.5
IPIRANGA,LAVIEEN,Setembro,LAVIEEN,72,6966.0
IPIRANGA,MEDICINA ESTÉTICA,Fevereiro,BOTOX POWER,1,307.82
IPIRANGA,MEDICINA ESTÉTICA,Junho,BOTOX POWER,1,307.82
IPIRANGA,MEDICINA ESTÉTICA,Maio,BOTOX POWER,1,307.82
ITAIM,ESTÉTICA,Abril,CARBOXITERAPIA,1,24.12
ITAIM,ESTÉTICA,Abril,HIDRATAÇÃO,1,23.16
ITAIM,ESTÉTICA,Abril,LIMPEZA DE PELE,1,39.74
ITAIM,ESTÉTICA,Abril,PEELING DE DIAMANTE,3,98.13
ITAIM,ESTÉTICA,Abril,RADIOFREQUÊNCIA,1,28.65
ITAIM,ESTÉTICA,Agosto,HIDRATAÇÃO,3,69.48
ITAIM,ESTÉTICA,Agosto,LIMPEZA DE PELE,5,198.70000000000002
ITAIM,ESTÉTICA,Agosto,PEELING DE DIAMANTE,13,425.23
ITAIM,ESTÉTICA,Dezembro,HIDRATAÇÃO,2,46.32
ITAIM,ESTÉTICA,Dezembro,LIMPEZA DE PELE,2,79.48
ITAIM,ESTÉTICA,Dezembro,PEELING DE DIAMANTE,3,98.13
ITAIM,ESTÉTICA,Fevereiro,HIDRATAÇÃO,4,92.64
ITAIM,ESTÉTICA,Fevereiro,LIMPEZA DE PELE,4,158.96
ITAIM,ESTÉTICA,Fevereiro,PEELING DE DIAMANTE,5,163.55
ITAIM,ESTÉTICA,Janeiro,HIDRATAÇÃO,11,254.76
ITAIM,ESTÉTICA,Janeiro,LIMPEZA DE PELE,2,79.48
ITAIM,ESTÉTICA,Janeiro,PEELING DE DIAMANTE,12,392.52
ITAIM,ESTÉTICA,Janeiro,RADIOFREQUÊNCIA,1,28.65
ITAIM,ESTÉTICA,Julho,CARBOXITERAPIA,2,48.24
ITAIM,ESTÉTICA,Julho,HIDRATAÇÃO,4,92.64
ITAIM,ESTÉTICA,Julho,LIMPEZA DE PELE,3,119.22
ITAIM,ESTÉTICA,Julho,PEELING DE DIAMANTE,5,163.55
ITAIM,ESTÉTICA,Julho,RADIOFREQUÊNCIA,1,28.65
ITAIM,ESTÉTICA,Junho,CARBOXITERAPIA,2,48.24
ITAIM,ESTÉTICA,Junho,HECCUS,1,21.6
ITAIM,ESTÉTICA,Junho,HIDRATAÇÃO,2,46.32
ITAIM,ESTÉTICA,Junho,LIMPEZA DE PELE,8,317.92
ITAIM,ESTÉTICA,Junho,PEELING DE DIAMANTE,9,294.39
ITAIM,ESTÉTICA,Junho,RADIOFREQUÊNCIA,1,28.65
ITAIM,ESTÉTICA,Maio,HIDRATAÇÃO,3,69.48
ITAIM,ESTÉTICA,Maio,LIMPEZA DE PELE,1,39.74
ITAIM,ESTÉTICA,Maio,PEELING DE DIAMANTE,8,261.68
ITAIM,ESTÉTICA,Março,HECCUS,1,21.6
ITAIM,ESTÉTICA,Março,HIDRATAÇÃO,3,69.48
ITAIM,ESTÉTICA,Março,LIMPEZA DE PELE,9,357.66
ITAIM,ESTÉTICA,Março,PEELING DE DIAMANTE,9,294.39
ITAIM,ESTÉTICA,Novembro,HIDRATAÇÃO,4,92.64
ITAIM,ESTÉTICA,Novembro,LIMPEZA DE PELE,11,437.14000000000004
ITAIM,ESTÉTICA,Novembro,PEELING DE DIAMANTE,9,294.39
ITAIM,ESTÉTICA,Novembro,PRÓ- SHAPE,1,39.7
ITAIM,ESTÉTICA,Novembro,RADIOFREQUÊNCIA,1,28.65
ITAIM,ESTÉTICA,Outubro,HIDRATAÇÃO,2,46.32
ITAIM,ESTÉTICA,Outubro,LIMPEZA DE PELE,4,158.96
ITAIM,ESTÉTICA,Outubro,PEELING DE DIAMANTE,13,425.23
ITAIM,ESTÉTICA,Outubro,RADIOFREQUÊNCIA,2,57.3
ITAIM,ESTÉTICA,Setembro,HIDRATAÇÃO,8,185.28
ITAIM,ESTÉTICA,Setembro,LIMPEZA DE PELE,6,238.44
ITAIM,ESTÉTICA,Setembro,PEELING DE DIAMANTE,3,98.13
ITAIM,ESTÉTICA,Setembro,PRÓ- SHAPE,1,39.7
ITAIM,ESTÉTICA,Setembro,RADIOFREQUÊNCIA,1,28.65
ITAIM,LAVIEEN,Abril,LAVIEEN,16,1548.0
ITAIM,LAVIEEN,Agosto,LAVIEEN,74,7159.5
ITAIM,LAVIEEN,Fevereiro,LAVIEEN,11,1064.25
ITAIM,LAVIEEN,Julho,LAVIEEN,20,1935.0
ITAIM,LAVIEEN,Junho,LAVIEEN,18,1741.5
ITAIM,LAVIEEN,Maio,LAVIEEN,28,2709.0
ITAIM,LAVIEEN,Março,LAVIEEN,24,2322.0
ITAIM,LAVIEEN,Novembro,LAVIEEN,56,5418.0
ITAIM,LAVIEEN,Outubro,LAVIEEN,17,1644.75
ITAIM,LAVIEEN,Setembro,LAVIEEN,66,6385.5
ITAIM,MEDICINA ESTÉTICA,Fevereiro,BOTOX POWER,1,307.82
JARDINS,ESTÉTICA,Abril,CARBOXITERAPIA,1,24.12
JARDINS,ESTÉTICA,Abril,HECCUS,2,43.2
JARDINS,ESTÉTICA,Abril,HIDRATAÇÃO,16,370.56
JARDINS,ESTÉTICA,Abril,LIMPEZA DE PELE,7,278.18
JARDINS,ESTÉTICA,Abril,PEELING DE DIAMANTE,25,817.75
JARDINS,ESTÉTICA,Abril,RADIOFREQUÊNCIA,2,57.3
JARDINS,ESTÉTICA,Agosto,CARBOXITERAPIA,1,24.12
JARDINS,ESTÉTICA,Agosto,HECCUS,11,237.60000000000002
JARDINS,ESTÉTICA,Agosto,HIDRATAÇÃO,46,1065.36
JARDINS,ESTÉTICA,Agosto,LIMPEZA DE PELE,27,1072.98
JARDINS,ESTÉTICA,Agosto,PEELING DE DIAMANTE,89,2911.19
JARDINS,ESTÉTICA,Agosto,PRÓ- SHAPE,1,39.7
JARDINS,ESTÉTICA,Agosto,RADIOFREQUÊNCIA,7,200.54999999999998
JARDINS,ESTÉTICA,Dezembro,CARBOXITERAPIA,1,24.12
JARDINS,ESTÉTICA,Dezembro,HECCUS,1,21.6
JARDINS,ESTÉTICA,Dezembro,HIDRATAÇÃO,13,301.08
JARDINS,ESTÉTICA,Dezembro,LIMPEZA DE PELE,6,238.44
JARDINS,ESTÉTICA,Dezembro,PEELING DE DIAMANTE,32,1046.72
JARDINS,ESTÉTICA,Dezembro,RADIOFREQUÊNCIA,2,57.3
JARDINS,ESTÉTICA,Fevereiro,CARBOXITERAPIA,3,72.36
JARDINS,ESTÉTICA,Fevereiro,HECCUS,2,43.2
JARDINS,ESTÉTICA,Fevereiro,HIDRATAÇÃO,93,2153.88
JARDINS,ESTÉTICA,Fevereiro,LIMPEZA DE PELE,32,1271.68
JARDINS,ESTÉTICA,Fevereiro,PEELING DE DIAMANTE,71,2322.41
JARDINS,ESTÉTICA,Fevereiro,RADIOFREQUÊNCIA,6,171.89999999999998
JARDINS,ESTÉTICA,Janeiro,CARBOXITERAPIA,5,120.60000000000001
JARDINS,ESTÉTICA,Janeiro,HECCUS,2,43.2
JARDINS,ESTÉTICA,Janeiro,HIDRATAÇÃO,30,694.8
JARDINS,ESTÉTICA,Janeiro,LIMPEZA DE PELE,27,1072.98
JARDINS,ESTÉTICA,Janeiro,PEELING DE DIAMANTE,62,2028.02
JARDINS,ESTÉTICA,Janeiro,PRÓ- SHAPE,2,79.4
JARDINS,ESTÉTICA,Janeiro,RADIOFREQUÊNCIA,8,229.2
JARDINS,ESTÉTICA,Julho,CARBOXITERAPIA,4,96.48
JARDINS,ESTÉTICA,Julho,HECCUS,6,129.60000000000002
JARDINS,ESTÉTICA,Julho,HIDRATAÇÃO,56,1296.96
JARDINS,ESTÉTICA,Julho,LIMPEZA DE PELE,22,874.2800000000001
JARDINS,ESTÉTICA,Julho,PEELING DE DIAMANTE,105,3434.55
JARDINS,ESTÉTICA,Julho,RADIOFREQUÊNCIA,15,429.75
JARDINS,ESTÉTICA,Junho,CARBOXITERAPIA,7,168.84
JARDINS,ESTÉTICA,Junho,HECCUS,4,86.4
JARDINS,ESTÉTICA,Junho,HIDRATAÇÃO,99,2292.84
JARDINS,ESTÉTICA,Junho,LIMPEZA DE PELE,37,1470.38
JARDINS,ESTÉTICA,Junho,PEELING DE DIAMANTE,90,2943.9
JARDINS,ESTÉTICA,Junho,RADIOFREQUÊNCIA,3,85.94999999999999
JARDINS,ESTÉTICA,Maio,CARBOXITERAPIA,6,144.72
JARDINS,ESTÉTICA,Maio,HECCUS,5,108.0
JARDINS,ESTÉTICA,Maio,HIDRATAÇÃO,54,1250.64
JARDINS,ESTÉTICA,Maio,LIMPEZA DE PELE,20,794.8000000000001
JARDINS,ESTÉTICA,Maio,PEELING DE DIAMANTE,86,2813.06
JARDINS,ESTÉTICA,Maio,PRÓ- SHAPE,2,79.4
JARDINS,ESTÉTICA,Maio,RADIOFREQUÊNCIA,13,372.45
JARDINS,ESTÉTICA,Março,CARBOXITERAPIA,3,72.36
JARDINS,ESTÉTICA,Março,HIDRATAÇÃO,73,1690.68
JARDINS,ESTÉTICA,Março,LIMPEZA DE PELE,60,2384.4
JARDINS,ESTÉTICA,Março,PEELING DE DIAMANTE,77,2518.67
JARDINS,ESTÉTICA,Março,RADIOFREQUÊNCIA,3,85.94999999999999
JARDINS,ESTÉTICA,Novembro,CARBOXITERAPIA,2,48.24
JARDINS,ESTÉTICA,Novembro,HECCUS,3,64.80000000000001
JARDINS,ESTÉTICA,Novembro,HIDRATAÇÃO,26,602.16
JARDINS,ESTÉTICA,Novembro,LIMPEZA DE PELE,55,2185.7000000000003
JARDINS,ESTÉTICA,Novembro,PEELING DE DIAMANTE,108,3532.6800000000003
JARDINS,ESTÉTICA,Novembro,PRÓ- SHAPE,1,39.7
JARDINS,ESTÉTICA,Novembro,RADIOFREQUÊNCIA,8,229.2
JARDINS,ESTÉTICA,Outubro,HECCUS,10,216.0
JARDINS,ESTÉTICA,Outubro,HIDRATAÇÃO,30,694.8
JARDINS,ESTÉTICA,Outubro,LIMPEZA DE PELE,20,794.8000000000001
JARDINS,ESTÉTICA,Outubro,PEELING DE DIAMANTE,82,2682.2200000000003
JARDINS,ESTÉTICA,Outubro,RADIOFREQUÊNCIA,7,200.54999999999998
JARDINS,ESTÉTICA,Setembro,CARBOXITERAPIA,4,96.48
JARDINS,ESTÉTICA,Setembro,HECCUS,7,151.20000000000002
JARDINS,ESTÉTICA,Setembro,HIDRATAÇÃO,25,579.0
JARDINS,ESTÉTICA,Setembro,LIMPEZA DE PELE,16,635.84
JARDINS,ESTÉTICA,Setembro,PEELING DE DIAMANTE,70,2289.7000000000003
JARDINS,ESTÉTICA,Setembro,RADIOFREQUÊNCIA,15,429.75
JARDINS,LAVIEEN,Agosto,LAVIEEN,112,10836.0
JARDINS,LAVIEEN,Fevereiro,LAVIEEN,77,7449.75
JARDINS,LAVIEEN,Janeiro,LAVIEEN,70,6772.5
JARDINS,LAVIEEN,Julho,LAVIEEN,142,13738.5
JARDINS,LAVIEEN,Junho,LAVIEEN,108,10449.0
JARDINS,LAVIEEN,Maio,LAVIEEN,98,9481.5
JARDINS,LAVIEEN,Março,LAVIEEN,66,6385.5
JARDINS,LAVIEEN,Novembro,LAVIEEN,134,12964.5
JARDINS,LAVIEEN,Outubro,LAVIEEN,79,7643.25
JARDINS,LAVIEEN,Setembro,LAVIEEN,85,8223.75
JARDINS,MEDICINA ESTÉTICA,Fevereiro,BOTOX POWER,1,307.82
JARDINS,MEDICINA ESTÉTICA,Março,BOTOX POWER,1,307.82
JARDINS,MEDICINA ESTÉTICA,Outubro,BOTOX POWER,1,307.82
LAPA,ESTÉTICA,Abril,CARBOXITERAPIA,1,24.12
LAPA,ESTÉTICA,Abril,HIDRATAÇÃO,3,69.48
LAPA,ESTÉTICA,Abril,LIMPEZA DE PELE,6,238.44
LAPA,ESTÉTICA,Abril,PEELING DE DIAMANTE,15,490.65000000000003
LAPA,ESTÉTICA,Agosto,CARBOXITERAPIA,1,24.12
LAPA,ESTÉTICA,Agosto,HIDRATAÇÃO,17,393.72
LAPA,ESTÉTICA,Agosto,LIMPEZA DE PELE,8,317.92
LAPA,ESTÉTICA,Agosto,PEELING DE DIAMANTE,35,1144.8500000000001
LAPA,ESTÉTICA,Agosto,RADIOFREQUÊNCIA,5,143.25
LAPA,ESTÉTICA,Dezembro,LIMPEZA DE PELE,1,39.74
LAPA,ESTÉTICA,Dezembro,PEELING DE DIAMANTE,10,327.1
LAPA,ESTÉTICA,Dezembro,RADIOFREQUÊNCIA,1,28.65
LAPA,ESTÉTICA,Fevereiro,CARBOXITERAPIA,2,48.24
LAPA,ESTÉTICA,Fevereiro,HIDRATAÇÃO,15,347.4
LAPA,ESTÉTICA,Fevereiro,LIMPEZA DE PELE,8,317.92
LAPA,ESTÉTICA,Fevereiro,PEELING DE DIAMANTE,22,719.62
LAPA,ESTÉTICA,Fevereiro,RADIOFREQUÊNCIA,3,85.94999999999999
LAPA,ESTÉTICA,Janeiro,CARBOXITERAPIA,2,48.24
LAPA,ESTÉTICA,Janeiro,HIDRATAÇÃO,9,208.44
LAPA,ESTÉTICA,Janeiro,LIMPEZA DE PELE,3,119.22
LAPA,ESTÉTICA,Janeiro,PEELING DE DIAMANTE,25,817.75
LAPA,ESTÉTICA,Janeiro,RADIOFREQUÊNCIA,3,85.94999999999999
LAPA,ESTÉTICA,Julho,HECCUS,1,21.6
LAPA,ESTÉTICA,Julho,HIDRATAÇÃO,10,231.6
LAPA,ESTÉTICA,Julho,LIMPEZA DE PELE,8,317.92
LAPA,ESTÉTICA,Julho,PEELING DE DIAMANTE,48,1570.08
LAPA,ESTÉTICA,Julho,RADIOFREQUÊNCIA,4,114.6
LAPA,ESTÉTICA,Junho,CARBOXITERAPIA,4,96.48
LAPA,ESTÉTICA,Junho,HECCUS,2,43.2
LAPA,ESTÉTICA,Junho,HIDRATAÇÃO,11,254.76
LAPA,ESTÉTICA,Junho,LIMPEZA DE PELE,7,278.18
LAPA,ESTÉTICA,Junho,PEELING DE DIAMANTE,42,1373.82
LAPA,ESTÉTICA,Junho,RADIOFREQUÊNCIA,5,143.25
LAPA,ESTÉTICA,Maio,CARBOXITERAPIA,1,24.12
LAPA,ESTÉTICA,Maio,HIDRATAÇÃO,7,162.12
LAPA,ESTÉTICA,Maio,LIMPEZA DE PELE,11,437.14000000000004
LAPA,ESTÉTICA,Maio,PEELING DE DIAMANTE,36,1177.56
LAPA,ESTÉTICA,Maio,RADIOFREQUÊNCIA,2,57.3
LAPA,ESTÉTICA,Março,HECCUS,1,21.6
LAPA,ESTÉTICA,Março,HIDRATAÇÃO,2,46.32
LAPA,ESTÉTICA,Março,LIMPEZA DE PELE,5,198.70000000000002
LAPA,ESTÉTICA,Março,PEELING DE DIAMANTE,28,915.88
LAPA,ESTÉTICA,Março,RADIOFREQUÊNCIA,4,114.6
LAPA,ESTÉTICA,Novembro,HIDRATAÇÃO,32,741.12
LAPA,ESTÉTICA,Novembro,LIMPEZA DE PELE,13,516.62
LAPA,ESTÉTICA,Novembro,PEELING DE DIAMANTE,42,1373.82
LAPA,ESTÉTICA,Outubro,HIDRATAÇÃO,25,579.0
LAPA,ESTÉTICA,Outubro,LIMPEZA DE PELE,4,158.96
LAPA,ESTÉTICA,Outubro,PEELING DE DIAMANTE,29,948.59
LAPA,ESTÉTICA,Setembro,HIDRATAÇÃO,22,509.52
LAPA,ESTÉTICA,Setembro,LIMPEZA DE PELE,4,158.96
LAPA,ESTÉTICA,Setembro,PEELING DE DIAMANTE,27,883.1700000000001
LAPA,ESTÉTICA,Setembro,RADIOFREQUÊNCIA,1,28.65
LAPA,LAVIEEN,Agosto,LAVIEEN,14,1354.5
LAPA,LAVIEEN,Fevereiro,LAVIEEN,33,3192.75
LAPA,LAVIEEN,Janeiro,LAVIEEN,31,2999.25
LAPA,LAVIEEN,Julho,LAVIEEN,45,4353.75
LAPA,LAVIEEN,Junho,LAVIEEN,84,8127.0
LAPA,LAVIEEN,Maio,LAVIEEN,107,10352.25
LAPA,LAVIEEN,Março,LAVIEEN,38,3676.5
LAPA,LAVIEEN,Novembro,LAVIEEN,29,2805.75
LAPA,LAVIEEN,Outubro,LAVIEEN,24,2322.0
LAPA,LAVIEEN,Setembro,LAVIEEN,16,1548.0
LAPA,MEDICINA ESTÉTICA,Fevereiro,BOTOX POWER,3,923.46
LAPA,MEDICINA ESTÉTICA,Janeiro,BOTOX POWER,1,307.82
LAPA,MEDICINA ESTÉTICA,Maio,BOTOX POWER,2,615.64
LAPA,MEDICINA ESTÉTICA,Março,BOTOX POWER,1,307.82
LAPA,MEDICINA ESTÉTICA,Novembro,BOTOX POWER,1,307.82
LONDRINA,ESTÉTICA,Abril,HIDRATAÇÃO,5,115.8
LONDRINA,ESTÉTICA,Abril,LIMPEZA DE PELE,1,39.74
LONDRINA,ESTÉTICA,Abril,PEELING DE DIAMANTE,9,294.39
LONDRINA,ESTÉTICA,Abril,RADIOFREQUÊNCIA,1,28.65
LONDRINA,ESTÉTICA,Agosto,CARBOXITERAPIA,1,24.12
LONDRINA,ESTÉTICA,Agosto,HIDRATAÇÃO,7,162.12
LONDRINA,ESTÉTICA,Agosto,LIMPEZA DE PELE,14,556.36
LONDRINA,ESTÉTICA,Agosto,PEELING DE DIAMANTE,34,1112.14
LONDRINA,ESTÉTICA,Agosto,RADIOFREQUÊNCIA,14,401.09999999999997
LONDRINA,ESTÉTICA,Dezembro,CARBOXITERAPIA,1,24.12
LONDRINA,ESTÉTICA,Dezembro,HIDRATAÇÃO,2,46.32
LONDRINA,ESTÉTICA,Dezembro,LIMPEZA DE PELE,2,79.48
LONDRINA,ESTÉTICA,Dezembro,PEELING DE DIAMANTE,15,490.65000000000003
LONDRINA,ESTÉTICA,Dezembro,RADIOFREQUÊNCIA,1,28.65
LONDRINA,ESTÉTICA,Fevereiro,CARBOXITERAPIA,1,24.12
LONDRINA,ESTÉTICA,Fevereiro,HIDRATAÇÃO,5,115.8
LONDRINA,ESTÉTICA,Fevereiro,LIMPEZA DE PELE,10,397.40000000000003
LONDRINA,ESTÉTICA,Fevereiro,PEELING DE DIAMANTE,37,1210.27
LONDRINA,ESTÉTICA,Fevereiro,RADIOFREQUÊNCIA,8,229.2
LONDRINA,ESTÉTICA,Janeiro,HECCUS,1,21.6
LONDRINA,ESTÉTICA,Janeiro,HIDRATAÇÃO,25,579.0
LONDRINA,ESTÉTICA,Janeiro,LIMPEZA DE PELE,9,357.66
LONDRINA,ESTÉTICA,Janeiro,PEELING DE DIAMANTE,28,915.88
LONDRINA,ESTÉTICA,Janeiro,RADIOFREQUÊNCIA,4,114.6
LONDRINA,ESTÉTICA,Julho,HIDRATAÇÃO,2,46.32
LONDRINA,ESTÉTICA,Julho,LIMPEZA DE PELE,6,238.44
LONDRINA,ESTÉTICA,Julho,PEELING DE DIAMANTE,93,3042.03
LONDRINA,ESTÉTICA,Julho,RADIOFREQUÊNCIA,5,143.25
LONDRINA,ESTÉTICA,Junho,HIDRATAÇÃO,1,23.16
LONDRINA,ESTÉTICA,Junho,LIMPEZA DE PELE,9,357.66
LONDRINA,ESTÉTICA,Junho,PEELING DE DIAMANTE,35,1144.8500000000001
LONDRINA,ESTÉTICA,Junho,RADIOFREQUÊNCIA,5,143.25
LONDRINA,ESTÉTICA,Maio,HIDRATAÇÃO,3,69.48
LONDRINA,ESTÉTICA,Maio,LIMPEZA DE PELE,6,238.44
LONDRINA,ESTÉTICA,Maio,PEELING DE DIAMANTE,35,1144.8500000000001
LONDRINA,ESTÉTICA,Maio,RADIOFREQUÊNCIA,9,257.84999999999997
LONDRINA,ESTÉTICA,Março,CARBOXITERAPIA,1,24.12
LONDRINA,ESTÉTICA,Março,HIDRATAÇÃO,3,69.48
LONDRINA,ESTÉTICA,Março,LIMPEZA DE PELE,13,516.62
LONDRINA,ESTÉTICA,Março,PEELING DE DIAMANTE,57,1864.47
LONDRINA,ESTÉTICA,Março,RADIOFREQUÊNCIA,9,257.84999999999997
LONDRINA,ESTÉTICA,Novembro,CARBOXITERAPIA,2,48.24
LONDRINA,ESTÉTICA,Novembro,HIDRATAÇÃO,9,208.44
LONDRINA,ESTÉTICA,Novembro,LIMPEZA DE PELE,21,834.5400000000001
LONDRINA,ESTÉTICA,Novembro,PEELING DE DIAMANTE,22,719.62
LONDRINA,ESTÉTICA,Novembro,RADIOFREQUÊNCIA,9,257.84999999999997
LONDRINA,ESTÉTICA,Outubro,CARBOXITERAPIA,1,24.12
LONDRINA,ESTÉTICA,Outubro,HIDRATAÇÃO,19,440.04
LONDRINA,ESTÉTICA,Outubro,LIMPEZA DE PELE,15,596.1
LONDRINA,ESTÉTICA,Outubro,PEELING DE DIAMANTE,25,817.75
LONDRINA,ESTÉTICA,Outubro,RADIOFREQUÊNCIA,3,85.94999999999999
LONDRINA,ESTÉTICA,Setembro,CARBOXITERAPIA,3,72.36
LONDRINA,ESTÉTICA,Setembro,HIDRATAÇÃO,14,324.24
LONDRINA,ESTÉTICA,Setembro,LIMPEZA DE PELE,7,278.18
LONDRINA,ESTÉTICA,Setembro,PEELING DE DIAMANTE,36,1177.56
LONDRINA,ESTÉTICA,Setembro,RADIOFREQUÊNCIA,8,229.2
LONDRINA,LAVIEEN,Agosto,LAVIEEN,116,11223.0
LONDRINA,LAVIEEN,Dezembro,LAVIEEN,23,2225.25
LONDRINA,LAVIEEN,Fevereiro,LAVIEEN,49,4740.75
LONDRINA,LAVIEEN,Janeiro,LAVIEEN,25,2418.75
LONDRINA,LAVIEEN,Julho,LAVIEEN,84,8127.0
LONDRINA,LAVIEEN,Junho,LAVIEEN,68,6579.0
LONDRINA,LAVIEEN,Maio,LAVIEEN,36,3483.0
LONDRINA,LAVIEEN,Março,LAVIEEN,44,4257.0
LONDRINA,LAVIEEN,Novembro,LAVIEEN,98,9481.5
LONDRINA,LAVIEEN,Outubro,LAVIEEN,85,8223.75
LONDRINA,LAVIEEN,Setembro,LAVIEEN,100,9675.0
LONDRINA,MEDICINA ESTÉTICA,Fevereiro,BOTOX POWER,2,615.64
LONDRINA,MEDICINA ESTÉTICA,Janeiro,BOTOX POWER,1,307.82
LONDRINA,MEDICINA ESTÉTICA,Julho,BOTOX POWER,2,615.64
MOEMA,ESTÉTICA,Abril,HIDRATAÇÃO,2,46.32
MOEMA,ESTÉTICA,Abril,LIMPEZA DE PELE,4,158.96
MOEMA,ESTÉTICA,Abril,PEELING DE DIAMANTE,10,327.1
MOEMA,ESTÉTICA,Abril,RADIOFREQUÊNCIA,1,28.65
MOEMA,ESTÉTICA,Agosto,CARBOXITERAPIA,1,24.12
MOEMA,ESTÉTICA,Agosto,HECCUS,1,21.6
MOEMA,ESTÉTICA,Agosto,HIDRATAÇÃO,6,138.96
MOEMA,ESTÉTICA,Agosto,LIMPEZA DE PELE,12,476.88
MOEMA,ESTÉTICA,Agosto,PEELING DE DIAMANTE,24,785.04
MOEMA,ESTÉTICA,Agosto,RADIOFREQUÊNCIA,2,57.3
MOEMA,ESTÉTICA,Dezembro,CARBOXITERAPIA,1,24.12
MOEMA,ESTÉTICA,Dezembro,HECCUS,1,21.6
MOEMA,ESTÉTICA,Dezembro,HIDRATAÇÃO,1,23.16
MOEMA,ESTÉTICA,Dezembro,LIMPEZA DE PELE,6,238.44
MOEMA,ESTÉTICA,Dezembro,PEELING DE DIAMANTE,12,392.52
MOEMA,ESTÉTICA,Dezembro,RADIOFREQUÊNCIA,1,28.65
MOEMA,ESTÉTICA,Fevereiro,CARBOXITERAPIA,1,24.12
MOEMA,ESTÉTICA,Fevereiro,HECCUS,3,64.80000000000001
MOEMA,ESTÉTICA,Fevereiro,HIDRATAÇÃO,4,92.64
MOEMA,ESTÉTICA,Fevereiro,LIMPEZA DE PELE,15,596.1
MOEMA,ESTÉTICA,Fevereiro,PEELING DE DIAMANTE,21,686.91
MOEMA,ESTÉTICA,Fevereiro,RADIOFREQUÊNCIA,12,343.79999999999995
MOEMA,ESTÉTICA,Janeiro,CARBOXITERAPIA,2,48.24
MOEMA,ESTÉTICA,Janeiro,HECCUS,3,64.80000000000001
MOEMA,ESTÉTICA,Janeiro,HIDRATAÇÃO,3,69.48
MOEMA,ESTÉTICA,Janeiro,LIMPEZA DE PELE,8,317.92
MOEMA,ESTÉTICA,Janeiro,PEELING DE DIAMANTE,30,981.3000000000001
MOEMA,ESTÉTICA,Janeiro,PRÓ- SHAPE,1,39.7
MOEMA,ESTÉTICA,Janeiro,RADIOFREQUÊNCIA,10,286.5
MOEMA,ESTÉTICA,Julho,CARBOXITERAPIA,2,48.24
MOEMA,ESTÉTICA,Julho,HECCUS,6,129.60000000000002
MOEMA,ESTÉTICA,Julho,HIDRATAÇÃO,8,185.28
MOEMA,ESTÉTICA,Julho,LIMPEZA DE PELE,9,357.66
MOEMA,ESTÉTICA,Julho,PEELING DE DIAMANTE,49,1602.79
MOEMA,ESTÉTICA,Julho,RADIOFREQUÊNCIA,8,229.2
MOEMA,ESTÉTICA,Junho,HECCUS,2,43.2
MOEMA,ESTÉTICA,Junho,HIDRATAÇÃO,5,115.8
MOEMA,ESTÉTICA,Junho,LIMPEZA DE PELE,8,317.92
MOEMA,ESTÉTICA,Junho,PEELING DE DIAMANTE,31,1014.01
MOEMA,ESTÉTICA,Junho,PRÓ- SHAPE,2,79.4
MOEMA,ESTÉTICA,Junho,RADIOFREQUÊNCIA,8,229.2
MOEMA,ESTÉTICA,Maio,CARBOXITERAPIA,3,72.36
MOEMA,ESTÉTICA,Maio,HECCUS,2,43.2
MOEMA,ESTÉTICA,Maio,HIDRATAÇÃO,12,277.92
MOEMA,ESTÉTICA,Maio,LIMPEZA DE PELE,8,317.92
MOEMA,ESTÉTICA,Maio,PEELING DE DIAMANTE,38,1242.98
MOEMA,ESTÉTICA,Maio,RADIOFREQUÊNCIA,5,143.25
MOEMA,ESTÉTICA,Março,CARBOXITERAPIA,3,72.36
MOEMA,ESTÉTICA,Março,HECCUS,1,21.6
MOEMA,ESTÉTICA,Março,HIDRATAÇÃO,7,162.12
MOEMA,ESTÉTICA,Março,LIMPEZA DE PELE,12,476.88
MOEMA,ESTÉTICA,Março,PEELING DE DIAMANTE,24,785.04
MOEMA,ESTÉTICA,Março,PRÓ- SHAPE,1,39.7
MOEMA,ESTÉTICA,Março,RADIOFREQUÊNCIA,9,257.84999999999997
MOEMA,ESTÉTICA,Novembro,HIDRATAÇÃO,5,115.8
MOEMA,ESTÉTICA,Novembro,LIMPEZA DE PELE,18,715.32
MOEMA,ESTÉTICA,Novembro,PEELING DE DIAMANTE,16,523.36
MOEMA,ESTÉTICA,Novembro,RADIOFREQUÊNCIA,4,114.6
MOEMA,ESTÉTICA,Outubro,HECCUS,1,21.6
MOEMA,ESTÉTICA,Outubro,HIDRATAÇÃO,5,115.8
MOEMA,ESTÉTICA,Outubro,LIMPEZA DE PELE,12,476.88
MOEMA,ESTÉTICA,Outubro,PEELING DE DIAMANTE,21,686.91
MOEMA,ESTÉTICA,Setembro,HECCUS,4,86.4
MOEMA,ESTÉTICA,Setembro,HIDRATAÇÃO,6,138.96
MOEMA,ESTÉTICA,Setembro,LIMPEZA DE PELE,6,238.44
MOEMA,ESTÉTICA,Setembro,PEELING DE DIAMANTE,15,490.65000000000003
MOEMA,ESTÉTICA,Setembro,RADIOFREQUÊNCIA,4,114.6
MOEMA,LAVIEEN,Abril,LAVIEEN,20,1935.0
MOEMA,LAVIEEN,Agosto,LAVIEEN,132,12771.0
MOEMA,LAVIEEN,Julho,LAVIEEN,192,18576.0
MOEMA,LAVIEEN,Junho,LAVIEEN,187,18092.25
MOEMA,LAVIEEN,Maio,LAVIEEN,86,8320.5
MOEMA,LAVIEEN,Março,LAVIEEN,71,6869.25
MOEMA,LAVIEEN,Novembro,LAVIEEN,184,17802.0
MOEMA,LAVIEEN,Outubro,LAVIEEN,83,8030.25
MOEMA,LAVIEEN,Setembro,LAVIEEN,135,13061.25
MOEMA,MEDICINA ESTÉTICA,Dezembro,BOTOX POWER,1,307.82
MOEMA,MEDICINA ESTÉTICA,Março,BOTOX POWER,1,307.82
MOEMA,MEDICINA ESTÉTICA,Novembro,BOTOX POWER,2,615.64
MOOCA,ESTÉTICA,Abril,HIDRATAÇÃO,3,69.48
MOOCA,ESTÉTICA,Abril,LIMPEZA DE PELE,3,119.22
MOOCA,ESTÉTICA,Abril,PEELING DE DIAMANTE,8,261.68
MOOCA,ESTÉTICA,Abril,RADIOFREQUÊNCIA,3,85.94999999999999
MOOCA,ESTÉTICA,Agosto,CARBOXITERAPIA,1,24.12
MOOCA,ESTÉTICA,Agosto,HIDRATAÇÃO,12,277.92
MOOCA,ESTÉTICA,Agosto,LIMPEZA DE PELE,9,357.66
MOOCA,ESTÉTICA,Agosto,PEELING DE DIAMANTE,25,817.75
MOOCA,ESTÉTICA,Agosto,RADIOFREQUÊNCIA,3,85.94999999999999
MOOCA,ESTÉTICA,Dezembro,HIDRATAÇÃO,6,138.96
MOOCA,ESTÉTICA,Dezembro,LIMPEZA DE PELE,2,79.48
MOOCA,ESTÉTICA,Dezembro,PEELING DE DIAMANTE,6,196.26
MOOCA,ESTÉTICA,Dezembro,RADIOFREQUÊNCIA,1,28.65
MOOCA,ESTÉTICA,Fevereiro,HIDRATAÇÃO,2,46.32
MOOCA,ESTÉTICA,Fevereiro,LIMPEZA DE PELE,15,596.1
MOOCA,ESTÉTICA,Fevereiro,PEELING DE DIAMANTE,23,752.33
MOOCA,ESTÉTICA,Fevereiro,PRÓ- SHAPE,1,39.7
MOOCA,ESTÉTICA,Fevereiro,RADIOFREQUÊNCIA,2,57.3
MOOCA,ESTÉTICA,Janeiro,HIDRATAÇÃO,25,579.0
MOOCA,ESTÉTICA,Janeiro,LIMPEZA DE PELE,14,556.36
MOOCA,ESTÉTICA,Janeiro,PEELING DE DIAMANTE,15,490.65000000000003
MOOCA,ESTÉTICA,Janeiro,RADIOFREQUÊNCIA,2,57.3
MOOCA,ESTÉTICA,Julho,CARBOXITERAPIA,2,48.24
MOOCA,ESTÉTICA,Julho,HECCUS,1,21.6
MOOCA,ESTÉTICA,Julho,HIDRATAÇÃO,4,92.64
MOOCA,ESTÉTICA,Julho,LIMPEZA DE PELE,11,437.14000000000004
MOOCA,ESTÉTICA,Julho,PEELING DE DIAMANTE,21,686.91
MOOCA,ESTÉTICA,Julho,PRÓ- SHAPE,1,39.7
MOOCA,ESTÉTICA,Julho,RADIOFREQUÊNCIA,3,85.94999999999999
MOOCA,ESTÉTICA,Junho,HIDRATAÇÃO,8,185.28
MOOCA,ESTÉTICA,Junho,LIMPEZA DE PELE,11,437.14000000000004
MOOCA,ESTÉTICA,Junho,PEELING DE DIAMANTE,20,654.2
MOOCA,ESTÉTICA,Junho,RADIOFREQUÊNCIA,5,143.25
MOOCA,ESTÉTICA,Maio,CARBOXITERAPIA,1,24.12
MOOCA,ESTÉTICA,Maio,HECCUS,1,21.6
MOOCA,ESTÉTICA,Maio,HIDRATAÇÃO,5,115.8
MOOCA,ESTÉTICA,Maio,LIMPEZA DE PELE,12,476.88
MOOCA,ESTÉTICA,Maio,PEELING DE DIAMANTE,23,752.33
MOOCA,ESTÉTICA,Maio,RADIOFREQUÊNCIA,5,143.25
MOOCA,ESTÉTICA,Março,HIDRATAÇÃO,7,162.12
MOOCA,ESTÉTICA,Março,LIMPEZA DE PELE,12,476.88
MOOCA,ESTÉTICA,Março,PEELING DE DIAMANTE,34,1112.14
MOOCA,ESTÉTICA,Março,PRÓ- SHAPE,1,39.7
MOOCA,ESTÉTICA,Março,RADIOFREQUÊNCIA,5,143.25
MOOCA,ESTÉTICA,Novembro,CARBOXITERAPIA,1,24.12
MOOCA,ESTÉTICA,Novembro,HECCUS,1,21.6
MOOCA,ESTÉTICA,Novembro,HIDRATAÇÃO,9,208.44
MOOCA,ESTÉTICA,Novembro,LIMPEZA DE PELE,8,317.92
MOOCA,ESTÉTICA,Novembro,PEELING DE DIAMANTE,24,785.04
MOOCA,ESTÉTICA,Outubro,CARBOXITERAPIA,1,24.12
MOOCA,ESTÉTICA,Outubro,HECCUS,1,21.6
MOOCA,ESTÉTICA,Outubro,HIDRATAÇÃO,8,185.28
MOOCA,ESTÉTICA,Outubro,LIMPEZA DE PELE,10,397.40000000000003
MOOCA,ESTÉTICA,Outubro,PEELING DE DIAMANTE,24,785.04
MOOCA,ESTÉTICA,Outubro,RADIOFREQUÊNCIA,1,28.65
MOOCA,ESTÉTICA,Setembro,HIDRATAÇÃO,1,23.16
MOOCA,ESTÉTICA,Setembro,LIMPEZA DE PELE,8,317.92
MOOCA,ESTÉTICA,Setembro,PEELING DE DIAMANTE,14,457.94
MOOCA,ESTÉTICA,Setembro,PRÓ- SHAPE,1,39.7
MOOCA,ESTÉTICA,Setembro,RADIOFREQUÊNCIA,4,114.6
MOOCA,LAVIEEN,Abril,LAVIEEN,20,1935.0
MOOCA,LAVIEEN,Agosto,LAVIEEN,52,5031.0
MOOCA,LAVIEEN,Fevereiro,LAVIEEN,20,1935.0
MOOCA,LAVIEEN,Janeiro,LAVIEEN,52,5031.0
MOOCA,LAVIEEN,Julho,LAVIEEN,33,3192.75
MOOCA,LAVIEEN,Junho,LAVIEEN,19,1838.25
MOOCA,LAVIEEN,Maio,LAVIEEN,48,4644.0
MOOCA,LAVIEEN,Março,LAVIEEN,28,2709.0
MOOCA,LAVIEEN,Novembro,LAVIEEN,75,7256.25
MOOCA,LAVIEEN,Outubro,LAVIEEN,26,2515.5
MOOCA,LAVIEEN,Setembro,LAVIEEN,9,870.75
OSASCO,ESTÉTICA,Abril,HIDRATAÇÃO,2,46.32
OSASCO,ESTÉTICA,Abril,LIMPEZA DE PELE,3,119.22
OSASCO,ESTÉTICA,Abril,PEELING DE DIAMANTE,14,457.94
OSASCO,ESTÉTICA,Abril,RADIOFREQUÊNCIA,2,57.3
OSASCO,ESTÉTICA,Agosto,CARBOXITERAPIA,3,72.36
OSASCO,ESTÉTICA,Agosto,HECCUS,1,21.6
OSASCO,ESTÉTICA,Agosto,HIDRATAÇÃO,18,416.88
OSASCO,ESTÉTICA,Agosto,LIMPEZA DE PELE,14,556.36
OSASCO,ESTÉTICA,Agosto,PEELING DE DIAMANTE,68,2224.28
OSASCO,ESTÉTICA,Agosto,RADIOFREQUÊNCIA,3,85.94999999999999
OSASCO,ESTÉTICA,Dezembro,HIDRATAÇÃO,1,23.16
OSASCO,ESTÉTICA,Dezembro,LIMPEZA DE PELE,6,238.44
OSASCO,ESTÉTICA,Dezembro,PEELING DE DIAMANTE,11,359.81
OSASCO,ESTÉTICA,Fevereiro,CARBOXITERAPIA,1,24.12
OSASCO,ESTÉTICA,Fevereiro,HECCUS,1,21.6
OSASCO,ESTÉTICA,Fevereiro,HIDRATAÇÃO,4,92.64
OSASCO,ESTÉTICA,Fevereiro,LIMPEZA DE PELE,7,278.18
OSASCO,ESTÉTICA,Fevereiro,PEELING DE DIAMANTE,45,1471.95
OSASCO,ESTÉTICA,Fevereiro,RADIOFREQUÊNCIA,3,85.94999999999999
OSASCO,ESTÉTICA,Janeiro,HIDRATAÇÃO,1,23.16
OSASCO,ESTÉTICA,Janeiro,LIMPEZA DE PELE,8,317.92
OSASCO,ESTÉTICA,Janeiro,PEELING DE DIAMANTE,29,948.59
OSASCO,ESTÉTICA,Janeiro,RADIOFREQUÊNCIA,2,57.3
OSASCO,ESTÉTICA,Julho,HIDRATAÇÃO,6,138.96
OSASCO,ESTÉTICA,Julho,LIMPEZA DE PELE,7,278.18
OSASCO,ESTÉTICA,Julho,PEELING DE DIAMANTE,102,3336.42
OSASCO,ESTÉTICA,Julho,RADIOFREQUÊNCIA,1,28.65
OSASCO,ESTÉTICA,Junho,HIDRATAÇÃO,4,92.64
OSASCO,ESTÉTICA,Junho,LIMPEZA DE PELE,12,476.88
OSASCO,ESTÉTICA,Junho,PEELING DE DIAMANTE,67,2191.57
OSASCO,ESTÉTICA,Junho,RADIOFREQUÊNCIA,5,143.25
OSASCO,ESTÉTICA,Maio,CARBOXITERAPIA,1,24.12
OSASCO,ESTÉTICA,Maio,HIDRATAÇÃO,5,115.8
OSASCO,ESTÉTICA,Maio,LIMPEZA DE PELE,26,1033.24
OSASCO,ESTÉTICA,Maio,PEELING DE DIAMANTE,61,1995.31
OSASCO,ESTÉTICA,Maio,RADIOFREQUÊNCIA,2,57.3
OSASCO,ESTÉTICA,Março,HECCUS,2,43.2
OSASCO,ESTÉTICA,Março,HIDRATAÇÃO,3,69.48
OSASCO,ESTÉTICA,Março,LIMPEZA DE PELE,10,397.40000000000003
OSASCO,ESTÉTICA,Março,PEELING DE DIAMANTE,36,1177.56
OSASCO,ESTÉTICA,Março,PRÓ- SHAPE,1,39.7
OSASCO,ESTÉTICA,Novembro,CARBOXITERAPIA,1,24.12
OSASCO,ESTÉTICA,Novembro,HIDRATAÇÃO,22,509.52
OSASCO,ESTÉTICA,Novembro,LIMPEZA DE PELE,22,874.2800000000001
OSASCO,ESTÉTICA,Novembro,PEELING DE DIAMANTE,62,2028.02
OSASCO,ESTÉTICA,Novembro,RADIOFREQUÊNCIA,2,57.3
OSASCO,ESTÉTICA,Outubro,HECCUS,1,21.6
OSASCO,ESTÉTICA,Outubro,HIDRATAÇÃO,5,115.8
OSASCO,ESTÉTICA,Outubro,LIMPEZA DE PELE,7,278.18
OSASCO,ESTÉTICA,Outubro,PEELING DE DIAMANTE,53,1733.63
OSASCO,ESTÉTICA,Outubro,RADIOFREQUÊNCIA,5,143.25
OSASCO,ESTÉTICA,Setembro,CARBOXITERAPIA,2,48.24
OSASCO,ESTÉTICA,Setembro,HIDRATAÇÃO,15,347.4
OSASCO,ESTÉTICA,Setembro,LIMPEZA DE PELE,16,635.84
OSASCO,ESTÉTICA,Setembro,PEELING DE DIAMANTE,39,1275.69
OSASCO,ESTÉTICA,Setembro,RADIOFREQUÊNCIA,2,57.3
OSASCO,LAVIEEN,Abril,LAVIEEN,32,3096.0
OSASCO,LAVIEEN,Agosto,LAVIEEN,91,8804.25
OSASCO,LAVIEEN,Fevereiro,LAVIEEN,45,4353.75
OSASCO,LAVIEEN,Julho,LAVIEEN,57,5514.75
OSASCO,LAVIEEN,Junho,LAVIEEN,91,8804.25
OSASCO,LAVIEEN,Maio,LAVIEEN,106,10255.5
OSASCO,LAVIEEN,Março,LAVIEEN,26,2515.5
OSASCO,LAVIEEN,Novembro,LAVIEEN,108,10449.0
OSASCO,LAVIEEN,Outubro,LAVIEEN,40,3870.0
OSASCO,LAVIEEN,Setembro,LAVIEEN,67,6482.25
RIBEIRÃO PRETO,ESTÉTICA,Abril,HIDRATAÇÃO,2,46.32
RIBEIRÃO PRETO,ESTÉTICA,Abril,LIMPEZA DE PELE,5,198.70000000000002
RIBEIRÃO PRETO,ESTÉTICA,Abril,PEELING DE DIAMANTE,8,261.68
RIBEIRÃO PRETO,ESTÉTICA,Agosto,HECCUS,1,21.6
RIBEIRÃO PRETO,ESTÉTICA,Agosto,HIDRATAÇÃO,8,185.28
RIBEIRÃO PRETO,ESTÉTICA,Agosto,LIMPEZA DE PELE,6,238.44
RIBEIRÃO PRETO,ESTÉTICA,Agosto,PEELING DE DIAMANTE,39,1275.69
RIBEIRÃO PRETO,ESTÉTICA,Agosto,RADIOFREQUÊNCIA,2,57.3
RIBEIRÃO PRETO,ESTÉTICA,Dezembro,HIDRATAÇÃO,1,23.16
RIBEIRÃO PRETO,ESTÉTICA,Dezembro,LIMPEZA DE PELE,5,198.70000000000002
RIBEIRÃO PRETO,ESTÉTICA,Dezembro,PEELING DE DIAMANTE,10,327.1
RIBEIRÃO PRETO,ESTÉTICA,Fevereiro,HIDRATAÇÃO,6,138.96
RIBEIRÃO PRETO,ESTÉTICA,Fevereiro,LIMPEZA DE PELE,2,79.48
RIBEIRÃO PRETO,ESTÉTICA,Fevereiro,PEELING DE DIAMANTE,17,556.07
RIBEIRÃO PRETO,ESTÉTICA,Fevereiro,RADIOFREQUÊNCIA,1,28.65
RIBEIRÃO PRETO,ESTÉTICA,Janeiro,CARBOXITERAPIA,2,48.24
RIBEIRÃO PRETO,ESTÉTICA,Janeiro,HIDRATAÇÃO,2,46.32
RIBEIRÃO PRETO,ESTÉTICA,Janeiro,LIMPEZA DE PELE,6,238.44
RIBEIRÃO PRETO,ESTÉTICA,Janeiro,PEELING DE DIAMANTE,22,719.62
RIBEIRÃO PRETO,ESTÉTICA,Julho,HIDRATAÇÃO,1,23.16
RIBEIRÃO PRETO,ESTÉTICA,Julho,LIMPEZA DE PELE,6,238.44
RIBEIRÃO PRETO,ESTÉTICA,Julho,PEELING DE DIAMANTE,39,1275.69
RIBEIRÃO PRETO,ESTÉTICA,Julho,RADIOFREQUÊNCIA,2,57.3
RIBEIRÃO PRETO,ESTÉTICA,Junho,CARBOXITERAPIA,1,24.12
RIBEIRÃO PRETO,ESTÉTICA,Junho,HECCUS,1,21.6
RIBEIRÃO PRETO,ESTÉTICA,Junho,LIMPEZA DE PELE,2,79.48
RIBEIRÃO PRETO,ESTÉTICA,Junho,PEELING DE DIAMANTE,18,588.78
RIBEIRÃO PRETO,ESTÉTICA,Junho,RADIOFREQUÊNCIA,1,28.65
RIBEIRÃO PRETO,ESTÉTICA,Maio,LIMPEZA DE PELE,7,278.18
RIBEIRÃO PRETO,ESTÉTICA,Maio,PEELING DE DIAMANTE,30,981.3000000000001
RIBEIRÃO PRETO,ESTÉTICA,Maio,RADIOFREQUÊNCIA,2,57.3
RIBEIRÃO PRETO,ESTÉTICA,Março,CARBOXITERAPIA,1,24.12
RIBEIRÃO PRETO,ESTÉTICA,Março,HIDRATAÇÃO,4,92.64
RIBEIRÃO PRETO,ESTÉTICA,Março,LIMPEZA DE PELE,6,238.44
RIBEIRÃO PRETO,ESTÉTICA,Março,PEELING DE DIAMANTE,26,850.46
RIBEIRÃO PRETO,ESTÉTICA,Novembro,HIDRATAÇÃO,1,23.16
RIBEIRÃO PRETO,ESTÉTICA,Novembro,LIMPEZA DE PELE,6,238.44
RIBEIRÃO PRETO,ESTÉTICA,Novembro,PEELING DE DIAMANTE,23,752.33
RIBEIRÃO PRETO,ESTÉTICA,Outubro,HIDRATAÇÃO,1,23.16
RIBEIRÃO PRETO,ESTÉTICA,Outubro,LIMPEZA DE PELE,3,119.22
RIBEIRÃO PRETO,ESTÉTICA,Outubro,PEELING DE DIAMANTE,11,359.81
RIBEIRÃO PRETO,ESTÉTICA,Setembro,HIDRATAÇÃO,4,92.64
RIBEIRÃO PRETO,ESTÉTICA,Setembro,LIMPEZA DE PELE,3,119.22
RIBEIRÃO PRETO,ESTÉTICA,Setembro,PEELING DE DIAMANTE,22,719.62
RIBEIRÃO PRETO,LAVIEEN,Agosto,LAVIEEN,23,2225.25
RIBEIRÃO PRETO,LAVIEEN,Fevereiro,LAVIEEN,17,1644.75
RIBEIRÃO PRETO,LAVIEEN,Janeiro,LAVIEEN,32,3096.0
RIBEIRÃO PRETO,LAVIEEN,Julho,LAVIEEN,26,2515.5
RIBEIRÃO PRETO,LAVIEEN,Junho,LAVIEEN,40,3870.0
RIBEIRÃO PRETO,LAVIEEN,Maio,LAVIEEN,23,2225.25
RIBEIRÃO PRETO,LAVIEEN,Março,LAVIEEN,34,3289.5
RIBEIRÃO PRETO,LAVIEEN,Novembro,LAVIEEN,28,2709.0
RIBEIRÃO PRETO,LAVIEEN,Outubro,LAVIEEN,31,2999.25
RIBEIRÃO PRETO,LAVIEEN,Setembro,LAVIEEN,32,3096.0
SANTO AMARO,ESTÉTICA,Abril,CARBOXITERAPIA,1,24.12
SANTO AMARO,ESTÉTICA,Abril,HIDRATAÇÃO,12,277.92
SANTO AMARO,ESTÉTICA,Abril,LIMPEZA DE PELE,5,198.70000000000002
SANTO AMARO,ESTÉTICA,Abril,PEELING DE DIAMANTE,35,1144.8500000000001
SANTO AMARO,ESTÉTICA,Abril,RADIOFREQUÊNCIA,4,114.6
SANTO AMARO,ESTÉTICA,Agosto,CARBOXITERAPIA,5,120.60000000000001
SANTO AMARO,ESTÉTICA,Agosto,HIDRATAÇÃO,30,694.8
SANTO AMARO,ESTÉTICA,Agosto,LIMPEZA DE PELE,18,715.32
SANTO AMARO,ESTÉTICA,Agosto,PEELING DE DIAMANTE,82,2682.2200000000003
SANTO AMARO,ESTÉTICA,Agosto,PRÓ- SHAPE,1,39.7
SANTO AMARO,ESTÉTICA,Agosto,RADIOFREQUÊNCIA,5,143.25
SANTO AMARO,ESTÉTICA,Dezembro,HECCUS,1,21.6
SANTO AMARO,ESTÉTICA,Dezembro,HIDRATAÇÃO,7,162.12
SANTO AMARO,ESTÉTICA,Dezembro,LIMPEZA DE PELE,4,158.96
SANTO AMARO,ESTÉTICA,Dezembro,PEELING DE DIAMANTE,29,948.59
SANTO AMARO,ESTÉTICA,Dezembro,RADIOFREQUÊNCIA,4,114.6
SANTO AMARO,ESTÉTICA,Fevereiro,CARBOXITERAPIA,3,72.36
SANTO AMARO,ESTÉTICA,Fevereiro,HECCUS,1,21.6
SANTO AMARO,ESTÉTICA,Fevereiro,HIDRATAÇÃO,36,833.76
SANTO AMARO,ESTÉTICA,Fevereiro,LIMPEZA DE PELE,7,278.18
SANTO AMARO,ESTÉTICA,Fevereiro,PEELING DE DIAMANTE,71,2322.41
SANTO AMARO,ESTÉTICA,Fevereiro,PRÓ- SHAPE,1,39.7
SANTO AMARO,ESTÉTICA,Fevereiro,RADIOFREQUÊNCIA,4,114.6
SANTO AMARO,ESTÉTICA,Janeiro,CARBOXITERAPIA,1,24.12
SANTO AMARO,ESTÉTICA,Janeiro,HECCUS,3,64.80000000000001
SANTO AMARO,ESTÉTICA,Janeiro,HIDRATAÇÃO,37,856.92
SANTO AMARO,ESTÉTICA,Janeiro,LIMPEZA DE PELE,3,119.22
SANTO AMARO,ESTÉTICA,Janeiro,PEELING DE DIAMANTE,55,1799.05
SANTO AMARO,ESTÉTICA,Janeiro,RADIOFREQUÊNCIA,3,85.94999999999999
SANTO AMARO,ESTÉTICA,Julho,CARBOXITERAPIA,1,24.12
SANTO AMARO,ESTÉTICA,Julho,HECCUS,1,21.6
SANTO AMARO,ESTÉTICA,Julho,HIDRATAÇÃO,10,231.6
SANTO AMARO,ESTÉTICA,Julho,LIMPEZA DE PELE,3,119.22
SANTO AMARO,ESTÉTICA,Julho,PEELING DE DIAMANTE,107,3499.9700000000003
SANTO AMARO,ESTÉTICA,Julho,RADIOFREQUÊNCIA,6,171.89999999999998
SANTO AMARO,ESTÉTICA,Junho,CARBOXITERAPIA,4,96.48
SANTO AMARO,ESTÉTICA,Junho,HECCUS,3,64.80000000000001
SANTO AMARO,ESTÉTICA,Junho,HIDRATAÇÃO,29,671.64
SANTO AMARO,ESTÉTICA,Junho,LIMPEZA DE PELE,8,317.92
SANTO AMARO,ESTÉTICA,Junho,PEELING DE DIAMANTE,82,2682.2200000000003
SANTO AMARO,ESTÉTICA,Junho,RADIOFREQUÊNCIA,6,171.89999999999998
SANTO AMARO,ESTÉTICA,Maio,HIDRATAÇÃO,27,625.32
SANTO AMARO,ESTÉTICA,Maio,LIMPEZA DE PELE,8,317.92
SANTO AMARO,ESTÉTICA,Maio,PEELING DE DIAMANTE,99,3238.29
SANTO AMARO,ESTÉTICA,Maio,PRÓ- SHAPE,1,39.7
SANTO AMARO,ESTÉTICA,Maio,RADIOFREQUÊNCIA,6,171.89999999999998
SANTO AMARO,ESTÉTICA,Março,CARBOXITERAPIA,3,72.36
SANTO AMARO,ESTÉTICA,Março,HIDRATAÇÃO,24,555.84
SANTO AMARO,ESTÉTICA,Março,LIMPEZA DE PELE,9,357.66
SANTO AMARO,ESTÉTICA,Março,PEELING DE DIAMANTE,94,3074.7400000000002
SANTO AMARO,ESTÉTICA,Março,RADIOFREQUÊNCIA,5,143.25
SANTO AMARO,ESTÉTICA,Novembro,HIDRATAÇÃO,19,440.04
SANTO AMARO,ESTÉTICA,Novembro,LIMPEZA DE PELE,15,596.1
SANTO AMARO,ESTÉTICA,Novembro,PEELING DE DIAMANTE,100,3271.0
SANTO AMARO,ESTÉTICA,Outubro,CARBOXITERAPIA,2,48.24
SANTO AMARO,ESTÉTICA,Outubro,HIDRATAÇÃO,21,486.36
SANTO AMARO,ESTÉTICA,Outubro,LIMPEZA DE PELE,9,357.66
SANTO AMARO,ESTÉTICA,Outubro,PEELING DE DIAMANTE,93,3042.03
SANTO AMARO,ESTÉTICA,Outubro,PRÓ- SHAPE,1,39.7
SANTO AMARO,ESTÉTICA,Outubro,RADIOFREQUÊNCIA,1,28.65
SANTO AMARO,ESTÉTICA,Setembro,CARBOXITERAPIA,2,48.24
SANTO AMARO,ESTÉTICA,Setembro,HECCUS,1,21.6
SANTO AMARO,ESTÉTICA,Setembro,HIDRATAÇÃO,20,463.2
SANTO AMARO,ESTÉTICA,Setembro,LIMPEZA DE PELE,7,278.18
SANTO AMARO,ESTÉTICA,Setembro,PEELING DE DIAMANTE,76,2485.96
SANTO AMARO,ESTÉTICA,Setembro,RADIOFREQUÊNCIA,4,114.6
SANTO AMARO,LAVIEEN,Agosto,LAVIEEN,54,5224.5
SANTO AMARO,LAVIEEN,Fevereiro,LAVIEEN,31,2999.25
SANTO AMARO,LAVIEEN,Janeiro,LAVIEEN,44,4257.0
SANTO AMARO,LAVIEEN,Julho,LAVIEEN,56,5418.0
SANTO AMARO,LAVIEEN,Junho,LAVIEEN,42,4063.5
SANTO AMARO,LAVIEEN,Maio,LAVIEEN,48,4644.0
SANTO AMARO,LAVIEEN,Março,LAVIEEN,41,3966.75
SANTO AMARO,LAVIEEN,Novembro,LAVIEEN,102,9868.5
SANTO AMARO,LAVIEEN,Outubro,LAVIEEN,56,5418.0
SANTO AMARO,LAVIEEN,Setembro,LAVIEEN,42,4063.5
SANTO AMARO,MEDICINA ESTÉTICA,Fevereiro,BOTOX POWER,1,307.82
SANTO AMARO,MEDICINA ESTÉTICA,Maio,BOTOX POWER,1,307.82
SANTO AMARO,MEDICINA ESTÉTICA,Novembro,BOTOX POWER,1,307.82
SANTO AMARO,MEDICINA ESTÉTICA,Outubro,BOTOX POWER,2,615.64
SANTO AMARO,MEDICINA ESTÉTICA,Setembro,BOTOX POWER,1,307.82
SANTOS,ESTÉTICA,Abril,CARBOXITERAPIA,2,48.24
SANTOS,ESTÉTICA,Abril,HIDRATAÇÃO,4,92.64
SANTOS,ESTÉTICA,Abril,LIMPEZA DE PELE,7,278.18
SANTOS,ESTÉTICA,Abril,PEELING DE DIAMANTE,17,556.07
SANTOS,ESTÉTICA,Abril,RADIOFREQUÊNCIA,5,143.25
SANTOS,ESTÉTICA,Agosto,CARBOXITERAPIA,4,96.48
SANTOS,ESTÉTICA,Agosto,HECCUS,4,86.4
SANTOS,ESTÉTICA,Agosto,HIDRATAÇÃO,37,856.92
SANTOS,ESTÉTICA,Agosto,LIMPEZA DE PELE,6,238.44
SANTOS,ESTÉTICA,Agosto,PEELING DE DIAMANTE,50,1635.5
SANTOS,ESTÉTICA,Agosto,RADIOFREQUÊNCIA,9,257.84999999999997
SANTOS,ESTÉTICA,Dezembro,HIDRATAÇÃO,7,162.12
SANTOS,ESTÉTICA,Dezembro,LIMPEZA DE PELE,6,238.44
SANTOS,ESTÉTICA,Dezembro,PEELING DE DIAMANTE,15,490.65000000000003
SANTOS,ESTÉTICA,Dezembro,RADIOFREQUÊNCIA,2,57.3
SANTOS,ESTÉTICA,Fevereiro,CARBOXITERAPIA,1,24.12
SANTOS,ESTÉTICA,Fevereiro,HECCUS,1,21.6
SANTOS,ESTÉTICA,Fevereiro,HIDRATAÇÃO,23,532.68
SANTOS,ESTÉTICA,Fevereiro,LIMPEZA DE PELE,23,914.0200000000001
SANTOS,ESTÉTICA,Fevereiro,PEELING DE DIAMANTE,32,1046.72
SANTOS,ESTÉTICA,Fevereiro,RADIOFREQUÊNCIA,9,257.84999999999997
SANTOS,ESTÉTICA,Janeiro,CARBOXITERAPIA,5,120.60000000000001
SANTOS,ESTÉTICA,Janeiro,HECCUS,2,43.2
SANTOS,ESTÉTICA,Janeiro,HIDRATAÇÃO,14,324.24
SANTOS,ESTÉTICA,Janeiro,LIMPEZA DE PELE,9,357.66
SANTOS,ESTÉTICA,Janeiro,PEELING DE DIAMANTE,37,1210.27
SANTOS,ESTÉTICA,Janeiro,RADIOFREQUÊNCIA,5,143.25
SANTOS,ESTÉTICA,Julho,HIDRATAÇÃO,5,115.8
SANTOS,ESTÉTICA,Julho,LIMPEZA DE PELE,17,675.58
SANTOS,ESTÉTICA,Julho,PEELING DE DIAMANTE,56,1831.76
SANTOS,ESTÉTICA,Julho,RADIOFREQUÊNCIA,3,85.94999999999999
SANTOS,ESTÉTICA,Junho,HECCUS,2,43.2
SANTOS,ESTÉTICA,Junho,HIDRATAÇÃO,8,185.28
SANTOS,ESTÉTICA,Junho,LIMPEZA DE PELE,17,675.58
SANTOS,ESTÉTICA,Junho,PEELING DE DIAMANTE,47,1537.3700000000001
SANTOS,ESTÉTICA,Junho,RADIOFREQUÊNCIA,7,200.54999999999998
SANTOS,ESTÉTICA,Maio,HIDRATAÇÃO,14,324.24
SANTOS,ESTÉTICA,Maio,LIMPEZA DE PELE,20,794.8000000000001
SANTOS,ESTÉTICA,Maio,PEELING DE DIAMANTE,75,2453.25
SANTOS,ESTÉTICA,Maio,RADIOFREQUÊNCIA,10,286.5
SANTOS,ESTÉTICA,Março,CARBOXITERAPIA,5,120.60000000000001
SANTOS,ESTÉTICA,Março,HIDRATAÇÃO,20,463.2
SANTOS,ESTÉTICA,Março,LIMPEZA DE PELE,17,675.58
SANTOS,ESTÉTICA,Março,PEELING DE DIAMANTE,19,621.49
SANTOS,ESTÉTICA,Março,RADIOFREQUÊNCIA,9,257.84999999999997
SANTOS,ESTÉTICA,Novembro,CARBOXITERAPIA,1,24.12
SANTOS,ESTÉTICA,Novembro,HIDRATAÇÃO,7,162.12
SANTOS,ESTÉTICA,Novembro,LIMPEZA DE PELE,17,675.58
SANTOS,ESTÉTICA,Novembro,PEELING DE DIAMANTE,37,1210.27
SANTOS,ESTÉTICA,Novembro,RADIOFREQUÊNCIA,3,85.94999999999999
SANTOS,ESTÉTICA,Outubro,CARBOXITERAPIA,2,48.24
SANTOS,ESTÉTICA,Outubro,HECCUS,1,21.6
SANTOS,ESTÉTICA,Outubro,HIDRATAÇÃO,16,370.56
SANTOS,ESTÉTICA,Outubro,LIMPEZA DE PELE,12,476.88
SANTOS,ESTÉTICA,Outubro,PEELING DE DIAMANTE,23,752.33
SANTOS,ESTÉTICA,Outubro,PRÓ- SHAPE,1,39.7
SANTOS,ESTÉTICA,Outubro,RADIOFREQUÊNCIA,8,229.2
SANTOS,ESTÉTICA,Setembro,CARBOXITERAPIA,4,96.48
SANTOS,ESTÉTICA,Setembro,HECCUS,7,151.20000000000002
SANTOS,ESTÉTICA,Setembro,HIDRATAÇÃO,17,393.72
SANTOS,ESTÉTICA,Setembro,LIMPEZA DE PELE,13,516.62
SANTOS,ESTÉTICA,Setembro,PEELING DE DIAMANTE,28,915.88
SANTOS,ESTÉTICA,Setembro,RADIOFREQUÊNCIA,8,229.2
SANTOS,LAVIEEN,Agosto,LAVIEEN,48,4644.0
SANTOS,LAVIEEN,Fevereiro,LAVIEEN,52,5031.0
SANTOS,LAVIEEN,Janeiro,LAVIEEN,27,2612.25
SANTOS,LAVIEEN,Julho,LAVIEEN,34,3289.5
SANTOS,LAVIEEN,Junho,LAVIEEN,43,4160.25
SANTOS,LAVIEEN,Maio,LAVIEEN,43,4160.25
SANTOS,LAVIEEN,Março,LAVIEEN,44,4257.0
SANTOS,LAVIEEN,Novembro,LAVIEEN,81,7836.75
SANTOS,LAVIEEN,Outubro,LAVIEEN,142,13738.5
SANTOS,LAVIEEN,Setembro,LAVIEEN,45,4353.75
SANTOS,MEDICINA ESTÉTICA,Fevereiro,BOTOX POWER,2,615.64
SANTOS,MEDICINA ESTÉTICA,Junho,BOTOX POWER,1,307.82
SANTOS,MEDICINA ESTÉTICA,Setembro,BOTOX POWER,1,307.82
SOROCABA,ESTÉTICA,Abril,HIDRATAÇÃO,3,69.48
SOROCABA,ESTÉTICA,Abril,LIMPEZA DE PELE,1,39.74
SOROCABA,ESTÉTICA,Abril,PEELING DE DIAMANTE,23,752.33
SOROCABA,ESTÉTICA,Abril,RADIOFREQUÊNCIA,2,57.3
SOROCABA,ESTÉTICA,Agosto,HECCUS,1,21.6
SOROCABA,ESTÉTICA,Agosto,HIDRATAÇÃO,17,393.72
SOROCABA,ESTÉTICA,Agosto,LIMPEZA DE PELE,11,437.14000000000004
SOROCABA,ESTÉTICA,Agosto,PEELING DE DIAMANTE,65,2126.15
SOROCABA,ESTÉTICA,Agosto,RADIOFREQUÊNCIA,3,85.94999999999999
SOROCABA,ESTÉTICA,Dezembro,HIDRATAÇÃO,2,46.32
SOROCABA,ESTÉTICA,Dezembro,LIMPEZA DE PELE,4,158.96
SOROCABA,ESTÉTICA,Dezembro,PEELING DE DIAMANTE,10,327.1
SOROCABA,ESTÉTICA,Dezembro,RADIOFREQUÊNCIA,3,85.94999999999999
SOROCABA,ESTÉTICA,Fevereiro,HIDRATAÇÃO,6,138.96
SOROCABA,ESTÉTICA,Fevereiro,LIMPEZA DE PELE,4,158.96
SOROCABA,ESTÉTICA,Fevereiro,PEELING DE DIAMANTE,38,1242.98
SOROCABA,ESTÉTICA,Fevereiro,RADIOFREQUÊNCIA,21,601.65
SOROCABA,ESTÉTICA,Janeiro,CARBOXITERAPIA,2,48.24
SOROCABA,ESTÉTICA,Janeiro,HECCUS,1,21.6
SOROCABA,ESTÉTICA,Janeiro,HIDRATAÇÃO,14,324.24
SOROCABA,ESTÉTICA,Janeiro,LIMPEZA DE PELE,11,437.14000000000004
SOROCABA,ESTÉTICA,Janeiro,PEELING DE DIAMANTE,54,1766.3400000000001
SOROCABA,ESTÉTICA,Janeiro,RADIOFREQUÊNCIA,8,229.2
SOROCABA,ESTÉTICA,Julho,HIDRATAÇÃO,1,23.16
SOROCABA,ESTÉTICA,Julho,LIMPEZA DE PELE,5,198.70000000000002
SOROCABA,ESTÉTICA,Julho,PEELING DE DIAMANTE,88,2878.48
SOROCABA,ESTÉTICA,Julho,PRÓ- SHAPE,1,39.7
SOROCABA,ESTÉTICA,Julho,RADIOFREQUÊNCIA,8,229.2
SOROCABA,ESTÉTICA,Junho,HIDRATAÇÃO,3,69.48
SOROCABA,ESTÉTICA,Junho,LIMPEZA DE PELE,6,238.44
SOROCABA,ESTÉTICA,Junho,PEELING DE DIAMANTE,55,1799.05
SOROCABA,ESTÉTICA,Junho,RADIOFREQUÊNCIA,6,171.89999999999998
SOROCABA,ESTÉTICA,Maio,HIDRATAÇÃO,4,92.64
SOROCABA,ESTÉTICA,Maio,LIMPEZA DE PELE,14,556.36
SOROCABA,ESTÉTICA,Maio,PEELING DE DIAMANTE,59,1929.89
SOROCABA,ESTÉTICA,Maio,RADIOFREQUÊNCIA,11,315.15
SOROCABA,ESTÉTICA,Março,HIDRATAÇÃO,9,208.44
SOROCABA,ESTÉTICA,Março,LIMPEZA DE PELE,22,874.2800000000001
SOROCABA,ESTÉTICA,Março,PEELING DE DIAMANTE,52,1700.92
SOROCABA,ESTÉTICA,Março,RADIOFREQUÊNCIA,14,401.09999999999997
SOROCABA,ESTÉTICA,Novembro,HECCUS,1,21.6
SOROCABA,ESTÉTICA,Novembro,HIDRATAÇÃO,7,162.12
SOROCABA,ESTÉTICA,Novembro,LIMPEZA DE PELE,3,119.22
SOROCABA,ESTÉTICA,Novembro,PEELING DE DIAMANTE,51,1668.21
SOROCABA,ESTÉTICA,Novembro,RADIOFREQUÊNCIA,4,114.6
SOROCABA,ESTÉTICA,Outubro,HIDRATAÇÃO,6,138.96
SOROCABA,ESTÉTICA,Outubro,LIMPEZA DE PELE,2,79.48
SOROCABA,ESTÉTICA,Outubro,PEELING DE DIAMANTE,30,981.3000000000001
SOROCABA,ESTÉTICA,Outubro,RADIOFREQUÊNCIA,1,28.65
SOROCABA,ESTÉTICA,Setembro,HECCUS,1,21.6
SOROCABA,ESTÉTICA,Setembro,HIDRATAÇÃO,12,277.92
SOROCABA,ESTÉTICA,Setembro,LIMPEZA DE PELE,5,198.70000000000002
SOROCABA,ESTÉTICA,Setembro,PEELING DE DIAMANTE,33,1079.43
SOROCABA,ESTÉTICA,Setembro,RADIOFREQUÊNCIA,6,171.89999999999998
SOROCABA,LAVIEEN,Agosto,LAVIEEN,44,4257.0
SOROCABA,LAVIEEN,Dezembro,LAVIEEN,78,7546.5
SOROCABA,LAVIEEN,Julho,LAVIEEN,29,2805.75
SOROCABA,LAVIEEN,Março,LAVIEEN,13,1257.75
SOROCABA,LAVIEEN,Novembro,LAVIEEN,193,18672.75
SOROCABA,LAVIEEN,Outubro,LAVIEEN,173,16737.75
SOROCABA,LAVIEEN,Setembro,LAVIEEN,20,1935.0
SOROCABA,MEDICINA ESTÉTICA,Fevereiro,BOTOX POWER,1,307.82
SÃO BERNARDO,ESTÉTICA,Abril,LIMPEZA DE PELE,2,79.48
SÃO BERNARDO,ESTÉTICA,Abril,PEELING DE DIAMANTE,1,32.71
SÃO BERNARDO,ESTÉTICA,Fevereiro,PEELING DE DIAMANTE,2,65.42
SÃO BERNARDO,ESTÉTICA,Janeiro,HIDRATAÇÃO,1,23.16
SÃO BERNARDO,ESTÉTICA,Julho,PEELING DE DIAMANTE,2,65.42
SÃO BERNARDO,ESTÉTICA,Março,PEELING DE DIAMANTE,1,32.71
SÃO BERNARDO,ESTÉTICA,Novembro,HIDRATAÇÃO,1,23.16
SÃO BERNARDO,ESTÉTICA,Novembro,LIMPEZA DE PELE,5,198.70000000000002
SÃO BERNARDO,ESTÉTICA,Novembro,PEELING DE DIAMANTE,19,621.49
SÃO BERNARDO,ESTÉTICA,Outubro,HIDRATAÇÃO,2,46.32
SÃO BERNARDO,ESTÉTICA,Outubro,LIMPEZA DE PELE,6,238.44
SÃO BERNARDO,ESTÉTICA,Outubro,PEELING DE DIAMANTE,14,457.94
SÃO BERNARDO,ESTÉTICA,Setembro,HIDRATAÇÃO,2,46.32
SÃO BERNARDO,ESTÉTICA,Setembro,LIMPEZA DE PELE,3,119.22
SÃO BERNARDO,ESTÉTICA,Setembro,PEELING DE DIAMANTE,4,130.84
SÃO BERNARDO,LAVIEEN,Novembro,LAVIEEN,20,1935.0
SÃO BERNARDO,LAVIEEN,Outubro,LAVIEEN,17,1644.75
TATUAPÉ,ESTÉTICA,Abril,CARBOXITERAPIA,3,72.36
TATUAPÉ,ESTÉTICA,Abril,HECCUS,1,21.6
TATUAPÉ,ESTÉTICA,Abril,HIDRATAÇÃO,5,115.8
TATUAPÉ,ESTÉTICA,Abril,LIMPEZA DE PELE,7,278.18
TATUAPÉ,ESTÉTICA,Abril,PEELING DE DIAMANTE,20,654.2
TATUAPÉ,ESTÉTICA,Abril,RADIOFREQUÊNCIA,4,114.6
TATUAPÉ,ESTÉTICA,Agosto,CARBOXITERAPIA,7,168.84
TATUAPÉ,ESTÉTICA,Agosto,HECCUS,2,43.2
TATUAPÉ,ESTÉTICA,Agosto,HIDRATAÇÃO,38,880.08
TATUAPÉ,ESTÉTICA,Agosto,LIMPEZA DE PELE,19,755.0600000000001
TATUAPÉ,ESTÉTICA,Agosto,PEELING DE DIAMANTE,96,3140.16
TATUAPÉ,ESTÉTICA,Agosto,RADIOFREQUÊNCIA,13,372.45
TATUAPÉ,ESTÉTICA,Dezembro,HECCUS,1,21.6
TATUAPÉ,ESTÉTICA,Dezembro,HIDRATAÇÃO,9,208.44
TATUAPÉ,ESTÉTICA,Dezembro,LIMPEZA DE PELE,9,357.66
TATUAPÉ,ESTÉTICA,Dezembro,PEELING DE DIAMANTE,38,1242.98
TATUAPÉ,ESTÉTICA,Dezembro,RADIOFREQUÊNCIA,6,171.89999999999998
TATUAPÉ,ESTÉTICA,Fevereiro,CARBOXITERAPIA,2,48.24
TATUAPÉ,ESTÉTICA,Fevereiro,HECCUS,6,129.60000000000002
TATUAPÉ,ESTÉTICA,Fevereiro,HIDRATAÇÃO,36,833.76
TATUAPÉ,ESTÉTICA,Fevereiro,LIMPEZA DE PELE,23,914.0200000000001
TATUAPÉ,ESTÉTICA,Fevereiro,PEELING DE DIAMANTE,74,2420.54
TATUAPÉ,ESTÉTICA,Fevereiro,PRÓ- SHAPE,1,39.7
TATUAPÉ,ESTÉTICA,Fevereiro,RADIOFREQUÊNCIA,13,372.45
TATUAPÉ,ESTÉTICA,Janeiro,CARBOXITERAPIA,1,24.12
TATUAPÉ,ESTÉTICA,Janeiro,HECCUS,9,194.4
TATUAPÉ,ESTÉTICA,Janeiro,HIDRATAÇÃO,15,347.4
TATUAPÉ,ESTÉTICA,Janeiro,LIMPEZA DE PELE,22,874.2800000000001
TATUAPÉ,ESTÉTICA,Janeiro,PEELING DE DIAMANTE,65,2126.15
TATUAPÉ,ESTÉTICA,Janeiro,PRÓ- SHAPE,1,39.7
TATUAPÉ,ESTÉTICA,Janeiro,RADIOFREQUÊNCIA,8,229.2
TATUAPÉ,ESTÉTICA,Julho,CARBOXITERAPIA,1,24.12
TATUAPÉ,ESTÉTICA,Julho,HECCUS,5,108.0
TATUAPÉ,ESTÉTICA,Julho,HIDRATAÇÃO,22,509.52
TATUAPÉ,ESTÉTICA,Julho,LIMPEZA DE PELE,16,635.84
TATUAPÉ,ESTÉTICA,Julho,PEELING DE DIAMANTE,75,2453.25
TATUAPÉ,ESTÉTICA,Julho,RADIOFREQUÊNCIA,13,372.45
TATUAPÉ,ESTÉTICA,Junho,CARBOXITERAPIA,3,72.36
TATUAPÉ,ESTÉTICA,Junho,HECCUS,2,43.2
TATUAPÉ,ESTÉTICA,Junho,HIDRATAÇÃO,20,463.2
TATUAPÉ,ESTÉTICA,Junho,LIMPEZA DE PELE,23,914.0200000000001
TATUAPÉ,ESTÉTICA,Junho,PEELING DE DIAMANTE,99,3238.29
TATUAPÉ,ESTÉTICA,Junho,PRÓ- SHAPE,1,39.7
TATUAPÉ,ESTÉTICA,Junho,RADIOFREQUÊNCIA,17,487.04999999999995
TATUAPÉ,ESTÉTICA,Maio,CARBOXITERAPIA,1,24.12
TATUAPÉ,ESTÉTICA,Maio,HECCUS,6,129.60000000000002
TATUAPÉ,ESTÉTICA,Maio,HIDRATAÇÃO,16,370.56
TATUAPÉ,ESTÉTICA,Maio,LIMPEZA DE PELE,28,1112.72
TATUAPÉ,ESTÉTICA,Maio,PEELING DE DIAMANTE,100,3271.0
TATUAPÉ,ESTÉTICA,Maio,RADIOFREQUÊNCIA,16,458.4
TATUAPÉ,ESTÉTICA,Março,CARBOXITERAPIA,4,96.48
TATUAPÉ,ESTÉTICA,Março,HECCUS,3,64.80000000000001
TATUAPÉ,ESTÉTICA,Março,HIDRATAÇÃO,11,254.76
TATUAPÉ,ESTÉTICA,Março,LIMPEZA DE PELE,31,1231.94
TATUAPÉ,ESTÉTICA,Março,PEELING DE DIAMANTE,83,2714.9300000000003
TATUAPÉ,ESTÉTICA,Março,RADIOFREQUÊNCIA,11,315.15
TATUAPÉ,ESTÉTICA,Novembro,CARBOXITERAPIA,3,72.36
TATUAPÉ,ESTÉTICA,Novembro,HECCUS,4,86.4
TATUAPÉ,ESTÉTICA,Novembro,HIDRATAÇÃO,22,509.52
TATUAPÉ,ESTÉTICA,Novembro,LIMPEZA DE PELE,35,1390.9
TATUAPÉ,ESTÉTICA,Novembro,PEELING DE DIAMANTE,69,2256.9900000000002
TATUAPÉ,ESTÉTICA,Novembro,RADIOFREQUÊNCIA,13,372.45
TATUAPÉ,ESTÉTICA,Outubro,CARBOXITERAPIA,7,168.84
TATUAPÉ,ESTÉTICA,Outubro,HECCUS,6,129.60000000000002
TATUAPÉ,ESTÉTICA,Outubro,HIDRATAÇÃO,21,486.36
TATUAPÉ,ESTÉTICA,Outubro,LIMPEZA DE PELE,26,1033.24
TATUAPÉ,ESTÉTICA,Outubro,PEELING DE DIAMANTE,86,2813.06
TATUAPÉ,ESTÉTICA,Outubro,RADIOFREQUÊNCIA,7,200.54999999999998
TATUAPÉ,ESTÉTICA,Setembro,CARBOXITERAPIA,5,120.60000000000001
TATUAPÉ,ESTÉTICA,Setembro,HECCUS,2,43.2
TATUAPÉ,ESTÉTICA,Setembro,HIDRATAÇÃO,17,393.72
TATUAPÉ,ESTÉTICA,Setembro,LIMPEZA DE PELE,26,1033.24
TATUAPÉ,ESTÉTICA,Setembro,PEELING DE DIAMANTE,71,2322.41
TATUAPÉ,ESTÉTICA,Setembro,PRÓ- SHAPE,2,79.4
TATUAPÉ,ESTÉTICA,Setembro,RADIOFREQUÊNCIA,5,143.25
TATUAPÉ,LAVIEEN,Agosto,LAVIEEN,84,8127.0
TATUAPÉ,LAVIEEN,Fevereiro,LAVIEEN,87,8417.25
TATUAPÉ,LAVIEEN,Janeiro,LAVIEEN,49,4740.75
TATUAPÉ,LAVIEEN,Julho,LAVIEEN,77,7449.75
TATUAPÉ,LAVIEEN,Junho,LAVIEEN,93,8997.75
TATUAPÉ,LAVIEEN,Maio,LAVIEEN,69,6675.75
TATUAPÉ,LAVIEEN,Março,LAVIEEN,75,7256.25
TATUAPÉ,LAVIEEN,Novembro,LAVIEEN,93,8997.75
TATUAPÉ,LAVIEEN,Outubro,LAVIEEN,108,10449.0
TATUAPÉ,LAVIEEN,Setembro,LAVIEEN,85,8223.75
TATUAPÉ,MEDICINA ESTÉTICA,Janeiro,BOTOX POWER,1,307.82
TATUAPÉ,MEDICINA ESTÉTICA,Maio,BOTOX POWER,1,307.82
TIJUCA,ESTÉTICA,Abril,HECCUS,2,43.2
TIJUCA,ESTÉTICA,Abril,HIDRATAÇÃO,5,115.8
TIJUCA,ESTÉTICA,Abril,LIMPEZA DE PELE,1,39.74
TIJUCA,ESTÉTICA,Abril,PEELING DE DIAMANTE,30,981.3000000000001
TIJUCA,ESTÉTICA,Abril,RADIOFREQUÊNCIA,17,487.04999999999995
TIJUCA,ESTÉTICA,Agosto,CARBOXITERAPIA,3,72.36
TIJUCA,ESTÉTICA,Agosto,HECCUS,13,280.8
TIJUCA,ESTÉTICA,Agosto,HIDRATAÇÃO,21,486.36
TIJUCA,ESTÉTICA,Agosto,LIMPEZA DE PELE,8,317.92
TIJUCA,ESTÉTICA,Agosto,PEELING DE DIAMANTE,76,2485.96
TIJUCA,ESTÉTICA,Agosto,RADIOFREQUÊNCIA,34,974.0999999999999
TIJUCA,ESTÉTICA,Dezembro,CARBOXITERAPIA,1,24.12
TIJUCA,ESTÉTICA,Dezembro,HECCUS,2,43.2
TIJUCA,ESTÉTICA,Dezembro,HIDRATAÇÃO,8,185.28
TIJUCA,ESTÉTICA,Dezembro,LIMPEZA DE PELE,4,158.96
TIJUCA,ESTÉTICA,Dezembro,PEELING DE DIAMANTE,13,425.23
TIJUCA,ESTÉTICA,Dezembro,RADIOFREQUÊNCIA,12,343.79999999999995
TIJUCA,ESTÉTICA,Fevereiro,CARBOXITERAPIA,3,72.36
TIJUCA,ESTÉTICA,Fevereiro,HECCUS,2,43.2
TIJUCA,ESTÉTICA,Fevereiro,HIDRATAÇÃO,19,440.04
TIJUCA,ESTÉTICA,Fevereiro,LIMPEZA DE PELE,9,357.66
TIJUCA,ESTÉTICA,Fevereiro,PEELING DE DIAMANTE,52,1700.92
TIJUCA,ESTÉTICA,Fevereiro,PRÓ- SHAPE,2,79.4
TIJUCA,ESTÉTICA,Fevereiro,RADIOFREQUÊNCIA,17,487.04999999999995
TIJUCA,ESTÉTICA,Janeiro,CARBOXITERAPIA,1,24.12
TIJUCA,ESTÉTICA,Janeiro,HECCUS,13,280.8
TIJUCA,ESTÉTICA,Janeiro,HIDRATAÇÃO,24,555.84
TIJUCA,ESTÉTICA,Janeiro,LIMPEZA DE PELE,8,317.92
TIJUCA,ESTÉTICA,Janeiro,PEELING DE DIAMANTE,53,1733.63
TIJUCA,ESTÉTICA,Janeiro,RADIOFREQUÊNCIA,10,286.5
TIJUCA,ESTÉTICA,Julho,CARBOXITERAPIA,4,96.48
TIJUCA,ESTÉTICA,Julho,HECCUS,4,86.4
TIJUCA,ESTÉTICA,Julho,HIDRATAÇÃO,4,92.64
TIJUCA,ESTÉTICA,Julho,LIMPEZA DE PELE,2,79.48
TIJUCA,ESTÉTICA,Julho,PEELING DE DIAMANTE,99,3238.29
TIJUCA,ESTÉTICA,Julho,PRÓ- SHAPE,1,39.7
TIJUCA,ESTÉTICA,Julho,RADIOFREQUÊNCIA,23,658.9499999999999
TIJUCA,ESTÉTICA,Junho,CARBOXITERAPIA,3,72.36
TIJUCA,ESTÉTICA,Junho,HECCUS,4,86.4
TIJUCA,ESTÉTICA,Junho,HIDRATAÇÃO,5,115.8
TIJUCA,ESTÉTICA,Junho,LIMPEZA DE PELE,5,198.70000000000002
TIJUCA,ESTÉTICA,Junho,PEELING DE DIAMANTE,101,3303.71
TIJUCA,ESTÉTICA,Junho,RADIOFREQUÊNCIA,32,916.8
TIJUCA,ESTÉTICA,Maio,CARBOXITERAPIA,2,48.24
TIJUCA,ESTÉTICA,Maio,HECCUS,11,237.60000000000002
TIJUCA,ESTÉTICA,Maio,HIDRATAÇÃO,8,185.28
TIJUCA,ESTÉTICA,Maio,LIMPEZA DE PELE,6,238.44
TIJUCA,ESTÉTICA,Maio,PEELING DE DIAMANTE,89,2911.19
TIJUCA,ESTÉTICA,Maio,RADIOFREQUÊNCIA,33,945.4499999999999
TIJUCA,ESTÉTICA,Março,CARBOXITERAPIA,4,96.48
TIJUCA,ESTÉTICA,Março,HECCUS,5,108.0
TIJUCA,ESTÉTICA,Março,HIDRATAÇÃO,10,231.6
TIJUCA,ESTÉTICA,Março,LIMPEZA DE PELE,32,1271.68
TIJUCA,ESTÉTICA,Março,PEELING DE DIAMANTE,52,1700.92
TIJUCA,ESTÉTICA,Março,RADIOFREQUÊNCIA,35,1002.75
TIJUCA,ESTÉTICA,Novembro,CARBOXITERAPIA,4,96.48
TIJUCA,ESTÉTICA,Novembro,HECCUS,3,64.80000000000001
TIJUCA,ESTÉTICA,Novembro,HIDRATAÇÃO,17,393.72
TIJUCA,ESTÉTICA,Novembro,LIMPEZA DE PELE,7,278.18
TIJUCA,ESTÉTICA,Novembro,PEELING DE DIAMANTE,63,2060.73
TIJUCA,ESTÉTICA,Novembro,PRÓ- SHAPE,4,158.8
TIJUCA,ESTÉTICA,Novembro,RADIOFREQUÊNCIA,9,257.84999999999997
TIJUCA,ESTÉTICA,Outubro,CARBOXITERAPIA,1,24.12
TIJUCA,ESTÉTICA,Outubro,HECCUS,4,86.4
TIJUCA,ESTÉTICA,Outubro,HIDRATAÇÃO,28,648.48
TIJUCA,ESTÉTICA,Outubro,LIMPEZA DE PELE,4,158.96
TIJUCA,ESTÉTICA,Outubro,PEELING DE DIAMANTE,41,1341.1100000000001
TIJUCA,ESTÉTICA,Outubro,PRÓ- SHAPE,1,39.7
TIJUCA,ESTÉTICA,Outubro,RADIOFREQUÊNCIA,9,257.84999999999997
TIJUCA,ESTÉTICA,Setembro,CARBOXITERAPIA,3,72.36
TIJUCA,ESTÉTICA,Setembro,HECCUS,6,129.60000000000002
TIJUCA,ESTÉTICA,Setembro,HIDRATAÇÃO,24,555.84
TIJUCA,ESTÉTICA,Setembro,LIMPEZA DE PELE,2,79.48
TIJUCA,ESTÉTICA,Setembro,PEELING DE DIAMANTE,67,2191.57
TIJUCA,ESTÉTICA,Setembro,PRÓ- SHAPE,1,39.7
TIJUCA,ESTÉTICA,Setembro,RADIOFREQUÊNCIA,22,630.3
TIJUCA,LAVIEEN,Agosto,LAVIEEN,98,9481.5
TIJUCA,LAVIEEN,Fevereiro,LAVIEEN,37,3579.75
TIJUCA,LAVIEEN,Janeiro,LAVIEEN,26,2515.5
TIJUCA,LAVIEEN,Julho,LAVIEEN,107,10352.25
TIJUCA,LAVIEEN,Junho,LAVIEEN,104,10062.0
TIJUCA,LAVIEEN,Maio,LAVIEEN,80,7740.0
TIJUCA,LAVIEEN,Março,LAVIEEN,40,3870.0
TIJUCA,LAVIEEN,Novembro,LAVIEEN,104,10062.0
TIJUCA,LAVIEEN,Outubro,LAVIEEN,117,11319.75
TIJUCA,LAVIEEN,Setembro,LAVIEEN,114,11029.5
TIJUCA,MEDICINA ESTÉTICA,Fevereiro,BOTOX POWER,1,307.82
TIJUCA,MEDICINA ESTÉTICA,Setembro,BOTOX POWER,1,307.82
TUCURUVI,ESTÉTICA,Abril,HECCUS,1,21.6
TUCURUVI,ESTÉTICA,Abril,HIDRATAÇÃO,3,69.48
TUCURUVI,ESTÉTICA,Abril,LIMPEZA DE PELE,1,39.74
TUCURUVI,ESTÉTICA,Abril,PEELING DE DIAMANTE,16,523.36
TUCURUVI,ESTÉTICA,Abril,RADIOFREQUÊNCIA,2,57.3
TUCURUVI,ESTÉTICA,Agosto,CARBOXITERAPIA,1,24.12
TUCURUVI,ESTÉTICA,Agosto,HECCUS,2,43.2
TUCURUVI,ESTÉTICA,Agosto,HIDRATAÇÃO,19,440.04
TUCURUVI,ESTÉTICA,Agosto,LIMPEZA DE PELE,18,715.32
TUCURUVI,ESTÉTICA,Agosto,PEELING DE DIAMANTE,58,1897.18
TUCURUVI,ESTÉTICA,Agosto,RADIOFREQUÊNCIA,11,315.15
TUCURUVI,ESTÉTICA,Dezembro,HECCUS,1,21.6
TUCURUVI,ESTÉTICA,Dezembro,HIDRATAÇÃO,3,69.48
TUCURUVI,ESTÉTICA,Dezembro,LIMPEZA DE PELE,6,238.44
TUCURUVI,ESTÉTICA,Dezembro,PEELING DE DIAMANTE,11,359.81
TUCURUVI,ESTÉTICA,Dezembro,RADIOFREQUÊNCIA,5,143.25
TUCURUVI,ESTÉTICA,Fevereiro,HECCUS,2,43.2
TUCURUVI,ESTÉTICA,Fevereiro,HIDRATAÇÃO,2,46.32
TUCURUVI,ESTÉTICA,Fevereiro,LIMPEZA DE PELE,13,516.62
TUCURUVI,ESTÉTICA,Fevereiro,PEELING DE DIAMANTE,21,686.91
TUCURUVI,ESTÉTICA,Fevereiro,RADIOFREQUÊNCIA,7,200.54999999999998
TUCURUVI,ESTÉTICA,Janeiro,CARBOXITERAPIA,2,48.24
TUCURUVI,ESTÉTICA,Janeiro,HIDRATAÇÃO,7,162.12
TUCURUVI,ESTÉTICA,Janeiro,LIMPEZA DE PELE,7,278.18
TUCURUVI,ESTÉTICA,Janeiro,PEELING DE DIAMANTE,32,1046.72
TUCURUVI,ESTÉTICA,Janeiro,RADIOFREQUÊNCIA,4,114.6
TUCURUVI,ESTÉTICA,Julho,HECCUS,3,64.80000000000001
TUCURUVI,ESTÉTICA,Julho,HIDRATAÇÃO,5,115.8
TUCURUVI,ESTÉTICA,Julho,LIMPEZA DE PELE,10,397.40000000000003
TUCURUVI,ESTÉTICA,Julho,PEELING DE DIAMANTE,57,1864.47
TUCURUVI,ESTÉTICA,Julho,RADIOFREQUÊNCIA,14,401.09999999999997
TUCURUVI,ESTÉTICA,Junho,HECCUS,2,43.2
TUCURUVI,ESTÉTICA,Junho,HIDRATAÇÃO,8,185.28
TUCURUVI,ESTÉTICA,Junho,LIMPEZA DE PELE,18,715.32
TUCURUVI,ESTÉTICA,Junho,PEELING DE DIAMANTE,54,1766.3400000000001
TUCURUVI,ESTÉTICA,Junho,RADIOFREQUÊNCIA,10,286.5
TUCURUVI,ESTÉTICA,Maio,HECCUS,1,21.6
TUCURUVI,ESTÉTICA,Maio,HIDRATAÇÃO,8,185.28
TUCURUVI,ESTÉTICA,Maio,LIMPEZA DE PELE,14,556.36
TUCURUVI,ESTÉTICA,Maio,PEELING DE DIAMANTE,53,1733.63
TUCURUVI,ESTÉTICA,Maio,RADIOFREQUÊNCIA,9,257.84999999999997
TUCURUVI,ESTÉTICA,Março,CARBOXITERAPIA,2,48.24
TUCURUVI,ESTÉTICA,Março,HECCUS,1,21.6
TUCURUVI,ESTÉTICA,Março,HIDRATAÇÃO,6,138.96
TUCURUVI,ESTÉTICA,Março,LIMPEZA DE PELE,24,953.76
TUCURUVI,ESTÉTICA,Março,PEELING DE DIAMANTE,41,1341.1100000000001
TUCURUVI,ESTÉTICA,Março,PRÓ- SHAPE,1,39.7
TUCURUVI,ESTÉTICA,Março,RADIOFREQUÊNCIA,17,487.04999999999995
TUCURUVI,ESTÉTICA,Novembro,HECCUS,13,280.8
TUCURUVI,ESTÉTICA,Novembro,HIDRATAÇÃO,5,115.8
TUCURUVI,ESTÉTICA,Novembro,LIMPEZA DE PELE,5,198.70000000000002
TUCURUVI,ESTÉTICA,Novembro,PEELING DE DIAMANTE,49,1602.79
TUCURUVI,ESTÉTICA,Novembro,PRÓ- SHAPE,1,39.7
TUCURUVI,ESTÉTICA,Novembro,RADIOFREQUÊNCIA,2,57.3
TUCURUVI,ESTÉTICA,Outubro,HECCUS,6,129.60000000000002
TUCURUVI,ESTÉTICA,Outubro,HIDRATAÇÃO,11,254.76
TUCURUVI,ESTÉTICA,Outubro,LIMPEZA DE PELE,13,516.62
TUCURUVI,ESTÉTICA,Outubro,PEELING DE DIAMANTE,56,1831.76
TUCURUVI,ESTÉTICA,Outubro,PRÓ- SHAPE,1,39.7
TUCURUVI,ESTÉTICA,Outubro,RADIOFREQUÊNCIA,4,114.6
TUCURUVI,ESTÉTICA,Setembro,CARBOXITERAPIA,1,24.12
TUCURUVI,ESTÉTICA,Setembro,HECCUS,8,172.8
TUCURUVI,ESTÉTICA,Setembro,HIDRATAÇÃO,10,231.6
TUCURUVI,ESTÉTICA,Setembro,LIMPEZA DE PELE,7,278.18
TUCURUVI,ESTÉTICA,Setembro,PEELING DE DIAMANTE,38,1242.98
TUCURUVI,ESTÉTICA,Setembro,RADIOFREQUÊNCIA,10,286.5
TUCURUVI,LAVIEEN,Agosto,LAVIEEN,88,8514.0
TUCURUVI,LAVIEEN,Fevereiro,LAVIEEN,15,1451.25
TUCURUVI,LAVIEEN,Janeiro,LAVIEEN,31,2999.25
TUCURUVI,LAVIEEN,Julho,LAVIEEN,98,9481.5
TUCURUVI,LAVIEEN,Junho,LAVIEEN,68,6579.0
TUCURUVI,LAVIEEN,Maio,LAVIEEN,81,7836.75
TUCURUVI,LAVIEEN,Março,LAVIEEN,18,1741.5
TUCURUVI,LAVIEEN,Novembro,LAVIEEN,83,8030.25
TUCURUVI,LAVIEEN,Outubro,LAVIEEN,69,6675.75
TUCURUVI,LAVIEEN,Setembro,LAVIEEN,67,6482.25
TUCURUVI,MEDICINA ESTÉTICA,Fevereiro,BOTOX POWER,1,307.82
TUCURUVI,MEDICINA ESTÉTICA,Janeiro,BOTOX POWER,1,307.82
VILA MASCOTE,ESTÉTICA,Agosto,LIMPEZA DE PELE,1,39.74
VILA MASCOTE,ESTÉTICA,Maio,PEELING DE DIAMANTE,1,32.71
VILA MASCOTE,ESTÉTICA,Novembro,HIDRATAÇÃO,4,92.64
VILA MASCOTE,ESTÉTICA,Novembro,LIMPEZA DE PELE,13,516.62
VILA MASCOTE,ESTÉTICA,Novembro,PEELING DE DIAMANTE,28,915.88
VILA MASCOTE,ESTÉTICA,Outubro,HIDRATAÇÃO,2,46.32
VILA MASCOTE,ESTÉTICA,Outubro,LIMPEZA DE PELE,2,79.48
VILA MASCOTE,ESTÉTICA,Outubro,PEELING DE DIAMANTE,4,130.84
VILA MASCOTE,LAVIEEN,Novembro,LAVIEEN,98,9481.5
VILA MASCOTE,LAVIEEN,Outubro,LAVIEEN,43,4160.25
