Unidade do agendamento,Grupo,Mês Atendimento,Duração (min),Custo Direto
ALPHAVILLE,ESTÉTICA,Abril,1350,878.52
ALPHAVILLE,ESTÉTICA,Agosto,9930,6834.0
ALPHAVILLE,ESTÉTICA,Dezembro,1500,1021.69
ALPHAVILLE,ESTÉTICA,Fevereiro,2400,1628.52
ALPHAVILLE,ESTÉTICA,Janeiro,1290,840.0600000000001
ALPHAVILLE,ESTÉTICA,Julho,9360,7595.7300000000005
ALPHAVILLE,ESTÉTICA,Junho,6240,4516.22
ALPHAVILLE,ESTÉTICA,Maio,5550,4266.9800000000005
ALPHAVILLE,ESTÉTICA,Março,1920,1241.42
ALPHAVILLE,ESTÉTICA,Novembro,12000,7854.85
ALPHAVILLE,ESTÉTICA,Outubro,9000,6373.47
ALPHAVILLE,ESTÉTICA,Setembro,7980,6036.95
ALPHAVILLE,LAVIEEN,Abril,810,5539.41
ALPHAVILLE,LAVIEEN,Agosto,835,5455.73
ALPHAVILLE,LAVIEEN,Julho,1080,7070.97
ALPHAVILLE,LAVIEEN,Junho,995,7082.5599999999995
ALPHAVILLE,LAVIEEN,Maio,1035,7830.42
ALPHAVILLE,LAVIEEN,Março,45,605.16
ALPHAVILLE,LAVIEEN,Novembro,690,4450.5
ALPHAVILLE,LAVIEEN,Outubro,435,3225.63
ALPHAVILLE,LAVIEEN,Setembro,870,6031.38
ALPHAVILLE,MEDICINA ESTÉTICA,Abril,150,1232.56
ALPHAVILLE,MEDICINA ESTÉTICA,Agosto,1350,11574.19
ALPHAVILLE,MEDICINA ESTÉTICA,Dezembro,645,6828.42
ALPHAVILLE,MEDICINA ESTÉTICA,Fevereiro,30,307.82
ALPHAVILLE,MEDICINA ESTÉTICA,Julho,690,4120.15
ALPHAVILLE,MEDICINA ESTÉTICA,Junho,540,8420.970000000001
ALPHAVILLE,MEDICINA ESTÉTICA,Maio,450,3099.9900000000002
ALPHAVILLE,MEDICINA ESTÉTICA,Março,45,64.00999999999999
ALPHAVILLE,MEDICINA ESTÉTICA,Novembro,1785,19201.65
ALPHAVILLE,MEDICINA ESTÉTICA,Outubro,960,8996.72
ALPHAVILLE,MEDICINA ESTÉTICA,Setembro,1140,12883.94
ALPHAVILLE,ULTRAFORMER_III,Agosto,895,10460.54
ALPHAVILLE,ULTRAFORMER_III,Julho,510,5521.82
ALPHAVILLE,ULTRAFORMER_III,Junho,550,6601.2
ALPHAVILLE,ULTRAFORMER_III,Maio,450,5402.46
ALPHAVILLE,ULTRAFORMER_III,Novembro,1165,13217.72
ALPHAVILLE,ULTRAFORMER_III,Outubro,930,9953.02
ALPHAVILLE,ULTRAFORMER_III,Setembro,1190,13323.0
BELO HORIZONTE,ESTÉTICA,Abril,1140,766.8000000000001
BELO HORIZONTE,ESTÉTICA,Agosto,1380,883.72
BELO HORIZONTE,ESTÉTICA,Dezembro,780,546.53
BELO HORIZONTE,ESTÉTICA,Fevereiro,6840,5026.49
BELO HORIZONTE,ESTÉTICA,Janeiro,5850,4218.83
BELO HORIZONTE,ESTÉTICA,Julho,1620,1076.82
BELO HORIZONTE,ESTÉTICA,Junho,1170,792.12
BELO HORIZONTE,ESTÉTICA,Maio,4770,3741.25
BELO HORIZONTE,ESTÉTICA,Março,6600,4731.9400000000005
BELO HORIZONTE,ESTÉTICA,Novembro,1320,980.96
BELO HORIZONTE,ESTÉTICA,Outubro,960,615.98
BELO HORIZONTE,ESTÉTICA,Setembro,1560,999.33
BELO HORIZONTE,LAVIEEN,Fevereiro,735,4740.75
BELO HORIZONTE,LAVIEEN,Janeiro,435,2805.75
BELO HORIZONTE,LAVIEEN,Julho,855,5514.75
BELO HORIZONTE,LAVIEEN,Maio,615,3966.75
BELO HORIZONTE,LAVIEEN,Março,525,3386.25
BELO HORIZONTE,LAVIEEN,Novembro,810,5224.5
BELO HORIZONTE,MEDICINA ESTÉTICA,Abril,180,714.23
BELO HORIZONTE,MEDICINA ESTÉTICA,Agosto,405,5426.06
BELO HORIZONTE,MEDICINA ESTÉTICA,Dezembro,150,546.3000000000001
BELO HORIZONTE,MEDICINA ESTÉTICA,Fevereiro,2020,21443.29
BELO HORIZONTE,MEDICINA ESTÉTICA,Janeiro,1875,14891.37
BELO HORIZONTE,MEDICINA ESTÉTICA,Julho,375,2874.36
BELO HORIZONTE,MEDICINA ESTÉTICA,Junho,375,3152.6000000000004
BELO HORIZONTE,MEDICINA ESTÉTICA,Maio,1155,12177.43
BELO HORIZONTE,MEDICINA ESTÉTICA,Março,1545,11442.6
BELO HORIZONTE,MEDICINA ESTÉTICA,Novembro,150,636.32
BELO HORIZONTE,MEDICINA ESTÉTICA,Outubro,150,1252.75
BELO HORIZONTE,MEDICINA ESTÉTICA,Setembro,525,5235.54
BELO HORIZONTE,ULTRAFORMER_III,Fevereiro,360,4184.34
BELO HORIZONTE,ULTRAFORMER_III,Junho,730,8818.68
BELO HORIZONTE,ULTRAFORMER_III,Março,600,6958.12
BELO HORIZONTE,ULTRAFORMER_III,Setembro,240,2703.1
CAMPINAS,ESTÉTICA,Abril,4650,3164.9700000000003
CAMPINAS,ESTÉTICA,Agosto,17010,11603.91
CAMPINAS,ESTÉTICA,Dezembro,3210,2291.69
CAMPINAS,ESTÉTICA,Fevereiro,14550,9848.29
CAMPINAS,ESTÉTICA,Janeiro,14850,9688.03
CAMPINAS,ESTÉTICA,Julho,14370,10749.6
CAMPINAS,ESTÉTICA,Junho,14700,9865.59
CAMPINAS,ESTÉTICA,Maio,16110,10601.16
CAMPINAS,ESTÉTICA,Março,15690,10940.710000000001
CAMPINAS,ESTÉTICA,Novembro,19680,13694.77
CAMPINAS,ESTÉTICA,Outubro,14760,10014.32
CAMPINAS,ESTÉTICA,Setembro,12960,9256.99
CAMPINAS,LAVIEEN,Agosto,2415,15576.75
CAMPINAS,LAVIEEN,Dezembro,2280,14706.0
CAMPINAS,LAVIEEN,Fevereiro,1350,8707.5
CAMPINAS,LAVIEEN,Janeiro,900,5805.0
CAMPINAS,LAVIEEN,Julho,795,5127.75
CAMPINAS,LAVIEEN,Junho,1185,7643.25
CAMPINAS,LAVIEEN,Maio,1440,9288.0
CAMPINAS,LAVIEEN,Março,1185,7643.25
CAMPINAS,LAVIEEN,Novembro,1305,8417.25
CAMPINAS,LAVIEEN,Outubro,570,3676.5
CAMPINAS,LAVIEEN,Setembro,1605,10352.25
CAMPINAS,MEDICINA ESTÉTICA,Abril,435,4604.92
CAMPINAS,MEDICINA ESTÉTICA,Agosto,1845,16522.74
CAMPINAS,MEDICINA ESTÉTICA,Dezembro,470,3303.1600000000003
CAMPINAS,MEDICINA ESTÉTICA,Fevereiro,1900,16250.27
CAMPINAS,MEDICINA ESTÉTICA,Janeiro,1635,14831.63
CAMPINAS,MEDICINA ESTÉTICA,Julho,1245,12157.24
CAMPINAS,MEDICINA ESTÉTICA,Junho,1785,15330.18
CAMPINAS,MEDICINA ESTÉTICA,Maio,1080,6317.99
CAMPINAS,MEDICINA ESTÉTICA,Março,1560,13639.17
CAMPINAS,MEDICINA ESTÉTICA,Novembro,2460,20573.85
CAMPINAS,MEDICINA ESTÉTICA,Outubro,1035,10581.15
CAMPINAS,MEDICINA ESTÉTICA,Setembro,1155,9885.91
CAMPINAS,ULTRAFORMER_III,Agosto,925,9281.76
CAMPINAS,ULTRAFORMER_III,Fevereiro,400,4158.7
CAMPINAS,ULTRAFORMER_III,Janeiro,465,5370.92
CAMPINAS,ULTRAFORMER_III,Julho,830,8900.24
CAMPINAS,ULTRAFORMER_III,Junho,1010,11306.48
CAMPINAS,ULTRAFORMER_III,Maio,645,7318.06
CAMPINAS,ULTRAFORMER_III,Março,420,4939.96
CAMPINAS,ULTRAFORMER_III,Novembro,975,10597.1
CAMPINAS,ULTRAFORMER_III,Outubro,150,1714.3600000000001
CAMPINAS,ULTRAFORMER_III,Setembro,510,5629.32
COPACABANA,ESTÉTICA,Abril,10320,5933.22
COPACABANA,ESTÉTICA,Agosto,36420,20843.74
COPACABANA,ESTÉTICA,Dezembro,10380,5927.96
COPACABANA,ESTÉTICA,Fevereiro,30810,17236.08
COPACABANA,ESTÉTICA,Janeiro,26160,14796.77
COPACABANA,ESTÉTICA,Julho,33450,19938.28
COPACABANA,ESTÉTICA,Junho,29370,17207.600000000002
COPACABANA,ESTÉTICA,Maio,34890,20368.32
COPACABANA,ESTÉTICA,Março,29550,16808.760000000002
COPACABANA,ESTÉTICA,Novembro,49590,29962.3
COPACABANA,ESTÉTICA,Outubro,38220,23106.66
COPACABANA,ESTÉTICA,Setembro,34830,19999.95
COPACABANA,LAVIEEN,Agosto,2805,18092.25
COPACABANA,LAVIEEN,Fevereiro,1065,6869.25
COPACABANA,LAVIEEN,Janeiro,930,5998.5
COPACABANA,LAVIEEN,Julho,3225,20801.25
COPACABANA,LAVIEEN,Junho,1380,8901.0
COPACABANA,LAVIEEN,Maio,2235,14415.75
COPACABANA,LAVIEEN,Março,1230,7933.5
COPACABANA,LAVIEEN,Novembro,1995,12867.75
COPACABANA,LAVIEEN,Outubro,2220,14319.0
COPACABANA,LAVIEEN,Setembro,2310,14899.5
COPACABANA,MEDICINA ESTÉTICA,Abril,1595,17944.3
COPACABANA,MEDICINA ESTÉTICA,Agosto,5830,72984.75
COPACABANA,MEDICINA ESTÉTICA,Dezembro,1410,14919.42
COPACABANA,MEDICINA ESTÉTICA,Fevereiro,5100,45611.61
COPACABANA,MEDICINA ESTÉTICA,Janeiro,5380,62752.69
COPACABANA,MEDICINA ESTÉTICA,Julho,4820,63195.76
COPACABANA,MEDICINA ESTÉTICA,Junho,4530,62931.380000000005
COPACABANA,MEDICINA ESTÉTICA,Maio,5680,70028.0
COPACABANA,MEDICINA ESTÉTICA,Março,4615,61370.86
COPACABANA,MEDICINA ESTÉTICA,Novembro,7845,99317.57
COPACABANA,MEDICINA ESTÉTICA,Outubro,4955,55243.23
COPACABANA,MEDICINA ESTÉTICA,Setembro,4980,60464.46
COPACABANA,ULTRAFORMER_III,Abril,1050,12161.54
COPACABANA,ULTRAFORMER_III,Agosto,1970,21073.0
COPACABANA,ULTRAFORMER_III,Dezembro,535,6151.24
COPACABANA,ULTRAFORMER_III,Fevereiro,1630,18638.12
COPACABANA,ULTRAFORMER_III,Janeiro,2470,28936.8
COPACABANA,ULTRAFORMER_III,Julho,1505,17248.3
COPACABANA,ULTRAFORMER_III,Junho,2840,32504.64
COPACABANA,ULTRAFORMER_III,Maio,2700,31112.5
COPACABANA,ULTRAFORMER_III,Março,2290,27413.34
COPACABANA,ULTRAFORMER_III,Novembro,3985,45372.46
COPACABANA,ULTRAFORMER_III,Outubro,3330,38088.62
COPACABANA,ULTRAFORMER_III,Setembro,1665,18970.5
IPIRANGA,ESTÉTICA,Abril,4380,2989.07
IPIRANGA,ESTÉTICA,Agosto,14490,9652.09
IPIRANGA,ESTÉTICA,Dezembro,4800,3763.03
IPIRANGA,ESTÉTICA,Fevereiro,14460,9793.26
IPIRANGA,ESTÉTICA,Janeiro,16290,11352.85
IPIRANGA,ESTÉTICA,Julho,13260,8462.42
IPIRANGA,ESTÉTICA,Junho,11070,7358.55
IPIRANGA,ESTÉTICA,Maio,15360,10135.48
IPIRANGA,ESTÉTICA,Março,13500,9007.67
IPIRANGA,ESTÉTICA,Novembro,18540,13368.07
IPIRANGA,ESTÉTICA,Outubro,17550,12327.69
IPIRANGA,ESTÉTICA,Setembro,14580,9686.73
IPIRANGA,LAVIEEN,Agosto,1200,8579.76
IPIRANGA,LAVIEEN,Fevereiro,930,5998.5
IPIRANGA,LAVIEEN,Janeiro,930,5998.5
IPIRANGA,LAVIEEN,Julho,1355,9299.59
IPIRANGA,LAVIEEN,Junho,1995,14127.39
IPIRANGA,LAVIEEN,Maio,1385,10017.94
IPIRANGA,LAVIEEN,Março,630,4063.5
IPIRANGA,LAVIEEN,Novembro,2385,15383.25
IPIRANGA,LAVIEEN,Outubro,1365,9644.01
IPIRANGA,LAVIEEN,Setembro,1315,8761.67
IPIRANGA,MEDICINA ESTÉTICA,Abril,1425,18973.58
IPIRANGA,MEDICINA ESTÉTICA,Agosto,4065,41290.47
IPIRANGA,MEDICINA ESTÉTICA,Dezembro,945,9282.27
IPIRANGA,MEDICINA ESTÉTICA,Fevereiro,3585,34518.2
IPIRANGA,MEDICINA ESTÉTICA,Janeiro,3525,42472.94
IPIRANGA,MEDICINA ESTÉTICA,Julho,3495,38121.840000000004
IPIRANGA,MEDICINA ESTÉTICA,Junho,4485,41570.1
IPIRANGA,MEDICINA ESTÉTICA,Maio,4365,50580.12
IPIRANGA,MEDICINA ESTÉTICA,Março,3825,36471.770000000004
IPIRANGA,MEDICINA ESTÉTICA,Novembro,3795,40928.72
IPIRANGA,MEDICINA ESTÉTICA,Outubro,3915,41395.93
IPIRANGA,MEDICINA ESTÉTICA,Setembro,3270,31406.780000000002
IPIRANGA,ULTRAFORMER_III,Agosto,1630,18667.04
IPIRANGA,ULTRAFORMER_III,Dezembro,660,6843.04
IPIRANGA,ULTRAFORMER_III,Fevereiro,1100,12564.94
IPIRANGA,ULTRAFORMER_III,Janeiro,820,9119.0
IPIRANGA,ULTRAFORMER_III,Julho,1510,15925.44
IPIRANGA,ULTRAFORMER_III,Junho,1175,13296.74
IPIRANGA,ULTRAFORMER_III,Maio,1900,21539.8
IPIRANGA,ULTRAFORMER_III,Março,1040,11549.6
IPIRANGA,ULTRAFORMER_III,Novembro,955,10737.4
IPIRANGA,ULTRAFORMER_III,Outubro,1460,16117.960000000001
IPIRANGA,ULTRAFORMER_III,Setembro,1720,19341.4
ITAIM,ESTÉTICA,Abril,1950,1283.31
ITAIM,ESTÉTICA,Agosto,6900,4339.21
ITAIM,ESTÉTICA,Dezembro,1950,1183.13
ITAIM,ESTÉTICA,Fevereiro,7290,4343.72
ITAIM,ESTÉTICA,Janeiro,9120,6613.2
ITAIM,ESTÉTICA,Julho,5820,3692.13
ITAIM,ESTÉTICA,Junho,5880,3749.1600000000003
ITAIM,ESTÉTICA,Maio,6270,3801.11
ITAIM,ESTÉTICA,Março,6690,4060.4
ITAIM,ESTÉTICA,Novembro,9240,5816.75
ITAIM,ESTÉTICA,Outubro,7680,5186.9800000000005
ITAIM,ESTÉTICA,Setembro,7050,4443.04
ITAIM,LAVIEEN,Abril,315,2241.69
ITAIM,LAVIEEN,Agosto,1610,10629.43
ITAIM,LAVIEEN,Fevereiro,240,1548.0
ITAIM,LAVIEEN,Julho,405,2612.25
ITAIM,LAVIEEN,Junho,375,2628.69
ITAIM,LAVIEEN,Maio,630,4378.41
ITAIM,LAVIEEN,Março,555,3579.75
ITAIM,LAVIEEN,Novembro,975,6288.75
ITAIM,LAVIEEN,Outubro,330,2128.5
ITAIM,LAVIEEN,Setembro,1260,8127.0
ITAIM,MEDICINA ESTÉTICA,Abril,255,3152.15
ITAIM,MEDICINA ESTÉTICA,Agosto,1740,19242.81
ITAIM,MEDICINA ESTÉTICA,Dezembro,360,2409.3599999999997
ITAIM,MEDICINA ESTÉTICA,Fevereiro,765,6162.03
ITAIM,MEDICINA ESTÉTICA,Janeiro,900,4960.42
ITAIM,MEDICINA ESTÉTICA,Julho,1260,12130.38
ITAIM,MEDICINA ESTÉTICA,Junho,1260,13504.68
ITAIM,MEDICINA ESTÉTICA,Maio,1365,15682.65
ITAIM,MEDICINA ESTÉTICA,Março,1080,10369.380000000001
ITAIM,MEDICINA ESTÉTICA,Novembro,1140,10168.65
ITAIM,MEDICINA ESTÉTICA,Outubro,855,8046.78
ITAIM,MEDICINA ESTÉTICA,Setembro,945,10117.92
ITAIM,ULTRAFORMER_III,Abril,355,3839.96
ITAIM,ULTRAFORMER_III,Agosto,450,5163.08
ITAIM,ULTRAFORMER_III,Fevereiro,705,7884.9800000000005
ITAIM,ULTRAFORMER_III,Janeiro,790,8946.56
ITAIM,ULTRAFORMER_III,Junho,1430,15720.86
ITAIM,ULTRAFORMER_III,Maio,1990,22785.76
ITAIM,ULTRAFORMER_III,Março,480,5237.5
ITAIM,ULTRAFORMER_III,Novembro,465,5091.2
ITAIM,ULTRAFORMER_III,Outubro,375,4112.46
ITAIM,ULTRAFORMER_III,Setembro,370,4164.96
JARDINS,ESTÉTICA,Abril,7770,6230.33
JARDINS,ESTÉTICA,Agosto,27990,21288.57
JARDINS,ESTÉTICA,Dezembro,7830,6285.63
JARDINS,ESTÉTICA,Fevereiro,30960,23930.64
JARDINS,ESTÉTICA,Janeiro,24270,18252.77
JARDINS,ESTÉTICA,Julho,30270,22204.09
JARDINS,ESTÉTICA,Junho,27390,20246.8
JARDINS,ESTÉTICA,Maio,26250,20196.38
JARDINS,ESTÉTICA,Março,30240,22322.010000000002
JARDINS,ESTÉTICA,Novembro,33270,23226.57
JARDINS,ESTÉTICA,Outubro,25260,19696.93
JARDINS,ESTÉTICA,Setembro,23340,17922.56
JARDINS,LAVIEEN,Agosto,2095,14737.4
JARDINS,LAVIEEN,Fevereiro,1590,10255.5
JARDINS,LAVIEEN,Janeiro,1575,10158.75
JARDINS,LAVIEEN,Julho,2545,17849.84
JARDINS,LAVIEEN,Junho,2005,14366.84
JARDINS,LAVIEEN,Maio,2065,14648.869999999999
JARDINS,LAVIEEN,Março,1330,8648.48
JARDINS,LAVIEEN,Novembro,2300,16444.54
JARDINS,LAVIEEN,Outubro,1555,10939.49
JARDINS,LAVIEEN,Setembro,1665,11683.98
JARDINS,MEDICINA ESTÉTICA,Abril,3480,34942.48
JARDINS,MEDICINA ESTÉTICA,Agosto,10585,140007.24
JARDINS,MEDICINA ESTÉTICA,Dezembro,2520,31532.85
JARDINS,MEDICINA ESTÉTICA,Fevereiro,10055,114231.48
JARDINS,MEDICINA ESTÉTICA,Janeiro,7880,95403.78
JARDINS,MEDICINA ESTÉTICA,Julho,10385,131771.18
JARDINS,MEDICINA ESTÉTICA,Junho,10350,131564.51
JARDINS,MEDICINA ESTÉTICA,Maio,11345,149992.07
JARDINS,MEDICINA ESTÉTICA,Março,10280,132431.87
JARDINS,MEDICINA ESTÉTICA,Novembro,15850,205186.52
JARDINS,MEDICINA ESTÉTICA,Outubro,9900,124591.84
JARDINS,MEDICINA ESTÉTICA,Setembro,8550,110351.88
JARDINS,ULTRAFORMER_III,Agosto,3840,42159.56
JARDINS,ULTRAFORMER_III,Fevereiro,3505,38438.98
JARDINS,ULTRAFORMER_III,Janeiro,3500,38945.86
JARDINS,ULTRAFORMER_III,Julho,3165,34132.76
JARDINS,ULTRAFORMER_III,Junho,3780,41166.16
JARDINS,ULTRAFORMER_III,Maio,3850,42289.28
JARDINS,ULTRAFORMER_III,Março,3755,41247.08
JARDINS,ULTRAFORMER_III,Novembro,3055,33257.54
JARDINS,ULTRAFORMER_III,Outubro,3745,39122.38
JARDINS,ULTRAFORMER_III,Setembro,2085,23026.02
LAPA,ESTÉTICA,Abril,6840,4263.57
LAPA,ESTÉTICA,Agosto,20310,13527.31
LAPA,ESTÉTICA,Dezembro,5730,4178.04
LAPA,ESTÉTICA,Fevereiro,18630,12304.17
LAPA,ESTÉTICA,Janeiro,16620,10481.630000000001
LAPA,ESTÉTICA,Julho,20730,13978.82
LAPA,ESTÉTICA,Junho,21450,13384.91
LAPA,ESTÉTICA,Maio,21420,13407.550000000001
LAPA,ESTÉTICA,Março,17010,11106.970000000001
LAPA,ESTÉTICA,Novembro,21840,14395.12
LAPA,ESTÉTICA,Outubro,22560,15170.48
LAPA,ESTÉTICA,Setembro,19290,13391.210000000001
LAPA,LAVIEEN,Agosto,305,2212.18
LAPA,LAVIEEN,Fevereiro,885,5708.25
LAPA,LAVIEEN,Janeiro,915,5901.75
LAPA,LAVIEEN,Julho,945,6095.25
LAPA,LAVIEEN,Junho,1605,10457.22
LAPA,LAVIEEN,Maio,1920,12593.94
LAPA,LAVIEEN,Março,930,5998.5
LAPA,LAVIEEN,Novembro,515,3461.71
LAPA,LAVIEEN,Outubro,450,2902.5
LAPA,LAVIEEN,Setembro,390,2515.5
LAPA,MEDICINA ESTÉTICA,Abril,1335,10290.86
LAPA,MEDICINA ESTÉTICA,Agosto,3405,30304.0
LAPA,MEDICINA ESTÉTICA,Dezembro,1035,8788.52
LAPA,MEDICINA ESTÉTICA,Fevereiro,4050,35552.93
LAPA,MEDICINA ESTÉTICA,Janeiro,2445,18142.030000000002
LAPA,MEDICINA ESTÉTICA,Julho,2835,27244.260000000002
LAPA,MEDICINA ESTÉTICA,Junho,3330,27376.850000000002
LAPA,MEDICINA ESTÉTICA,Maio,4125,28905.54
LAPA,MEDICINA ESTÉTICA,Março,3330,23298.91
LAPA,MEDICINA ESTÉTICA,Novembro,5775,44747.9
LAPA,MEDICINA ESTÉTICA,Outubro,3030,25878.49
LAPA,MEDICINA ESTÉTICA,Setembro,3225,23405.13
LAPA,ULTRAFORMER_III,Abril,1000,10897.44
LAPA,ULTRAFORMER_III,Dezembro,940,10452.74
LAPA,ULTRAFORMER_III,Fevereiro,2950,33514.74
LAPA,ULTRAFORMER_III,Janeiro,910,9928.7
LAPA,ULTRAFORMER_III,Março,1245,13674.86
LAPA,ULTRAFORMER_III,Novembro,2635,28731.58
LAPA,ULTRAFORMER_III,Outubro,1095,12670.56
LONDRINA,ESTÉTICA,Abril,2670,1871.6200000000001
LONDRINA,ESTÉTICA,Agosto,9510,7059.99
LONDRINA,ESTÉTICA,Dezembro,3210,2391.76
LONDRINA,ESTÉTICA,Fevereiro,9450,7252.71
LONDRINA,ESTÉTICA,Janeiro,7770,5978.47
LONDRINA,ESTÉTICA,Julho,10350,8337.25
LONDRINA,ESTÉTICA,Junho,7470,5244.92
LONDRINA,ESTÉTICA,Maio,9240,6485.62
LONDRINA,ESTÉTICA,Março,9810,7472.570000000001
LONDRINA,ESTÉTICA,Novembro,14220,10027.62
LONDRINA,ESTÉTICA,Outubro,11430,7903.18
LONDRINA,ESTÉTICA,Setembro,9240,6672.9400000000005
LONDRINA,LAVIEEN,Agosto,2150,13902.49
LONDRINA,LAVIEEN,Dezembro,485,3373.18
LONDRINA,LAVIEEN,Fevereiro,1335,8610.75
LONDRINA,LAVIEEN,Janeiro,885,5708.25
LONDRINA,LAVIEEN,Julho,1830,12013.44
LONDRINA,LAVIEEN,Junho,1515,9771.75
LONDRINA,LAVIEEN,Maio,875,6413.53
LONDRINA,LAVIEEN,Março,1170,7546.5
LONDRINA,LAVIEEN,Novembro,1620,10449.0
LONDRINA,LAVIEEN,Outubro,1590,10255.5
LONDRINA,LAVIEEN,Setembro,1755,11319.75
LONDRINA,MEDICINA ESTÉTICA,Abril,570,7673.26
LONDRINA,MEDICINA ESTÉTICA,Agosto,2070,25526.41
LONDRINA,MEDICINA ESTÉTICA,Dezembro,720,7067.0199999999995
LONDRINA,MEDICINA ESTÉTICA,Fevereiro,1400,13280.8
LONDRINA,MEDICINA ESTÉTICA,Janeiro,1440,15849.58
LONDRINA,MEDICINA ESTÉTICA,Julho,2680,27654.23
LONDRINA,MEDICINA ESTÉTICA,Junho,1980,23985.24
LONDRINA,MEDICINA ESTÉTICA,Maio,2250,26120.12
LONDRINA,MEDICINA ESTÉTICA,Março,1830,23858.4
LONDRINA,MEDICINA ESTÉTICA,Novembro,2655,25945.93
LONDRINA,MEDICINA ESTÉTICA,Outubro,1785,17680.49
LONDRINA,MEDICINA ESTÉTICA,Setembro,1935,24992.57
LONDRINA,ULTRAFORMER_III,Agosto,1465,16079.32
LONDRINA,ULTRAFORMER_III,Fevereiro,490,5008.74
LONDRINA,ULTRAFORMER_III,Janeiro,1060,12111.82
LONDRINA,ULTRAFORMER_III,Julho,645,6889.64
LONDRINA,ULTRAFORMER_III,Junho,1905,20426.14
LONDRINA,ULTRAFORMER_III,Maio,1875,20882.36
LONDRINA,ULTRAFORMER_III,Março,1100,12274.880000000001
LONDRINA,ULTRAFORMER_III,Novembro,1900,20683.12
LONDRINA,ULTRAFORMER_III,Outubro,1510,17025.18
LONDRINA,ULTRAFORMER_III,Setembro,3015,32887.28
MOEMA,ESTÉTICA,Abril,3960,2686.91
MOEMA,ESTÉTICA,Agosto,9960,6612.8
MOEMA,ESTÉTICA,Dezembro,3330,2347.64
MOEMA,ESTÉTICA,Fevereiro,12750,9312.75
MOEMA,ESTÉTICA,Janeiro,11010,8337.81
MOEMA,ESTÉTICA,Julho,13710,9385.51
MOEMA,ESTÉTICA,Junho,11670,8329.67
MOEMA,ESTÉTICA,Maio,12630,8517.550000000001
MOEMA,ESTÉTICA,Março,12240,8909.56
MOEMA,ESTÉTICA,Novembro,13080,8468.85
MOEMA,ESTÉTICA,Outubro,12360,8061.4400000000005
MOEMA,ESTÉTICA,Setembro,10500,7168.43
MOEMA,LAVIEEN,Abril,425,3091.15
MOEMA,LAVIEEN,Agosto,2200,14469.92
MOEMA,LAVIEEN,Julho,3290,21570.4
MOEMA,LAVIEEN,Junho,3190,21275.3
MOEMA,LAVIEEN,Maio,1555,10939.49
MOEMA,LAVIEEN,Março,1160,7831.9
MOEMA,LAVIEEN,Novembro,2880,18995.88
MOEMA,LAVIEEN,Outubro,1555,11674.28
MOEMA,LAVIEEN,Setembro,2275,15268.58
MOEMA,MEDICINA ESTÉTICA,Abril,2070,25282.2
MOEMA,MEDICINA ESTÉTICA,Agosto,5595,69078.92
MOEMA,MEDICINA ESTÉTICA,Dezembro,1455,18151.63
MOEMA,MEDICINA ESTÉTICA,Fevereiro,4875,48439.6
MOEMA,MEDICINA ESTÉTICA,Janeiro,4725,46592.21
MOEMA,MEDICINA ESTÉTICA,Julho,5715,71706.54000000001
MOEMA,MEDICINA ESTÉTICA,Junho,5925,67875.73
MOEMA,MEDICINA ESTÉTICA,Maio,3810,33851.45
MOEMA,MEDICINA ESTÉTICA,Março,4770,53218.950000000004
MOEMA,MEDICINA ESTÉTICA,Novembro,8260,94117.44
MOEMA,MEDICINA ESTÉTICA,Outubro,2925,28983.25
MOEMA,MEDICINA ESTÉTICA,Setembro,5880,54287.81
MOEMA,ULTRAFORMER_III,Abril,1145,12506.8
MOEMA,ULTRAFORMER_III,Agosto,3085,34028.12
MOEMA,ULTRAFORMER_III,Fevereiro,1450,16609.62
MOEMA,ULTRAFORMER_III,Janeiro,1765,19875.78
MOEMA,ULTRAFORMER_III,Julho,4380,51638.08
MOEMA,ULTRAFORMER_III,Junho,3850,43791.4
MOEMA,ULTRAFORMER_III,Maio,2510,29038.26
MOEMA,ULTRAFORMER_III,Março,2500,28202.34
MOEMA,ULTRAFORMER_III,Novembro,2785,31142.88
MOEMA,ULTRAFORMER_III,Outubro,1570,18674.28
MOEMA,ULTRAFORMER_III,Setembro,3540,41167.88
MOOCA,ESTÉTICA,Abril,2310,1554.49
MOOCA,ESTÉTICA,Agosto,8430,5522.41
MOOCA,ESTÉTICA,Dezembro,2520,1632.8
MOOCA,ESTÉTICA,Fevereiro,6990,4698.96
MOOCA,ESTÉTICA,Janeiro,8670,6496.46
MOOCA,ESTÉTICA,Julho,7260,4837.570000000001
MOOCA,ESTÉTICA,Junho,9150,5858.25
MOOCA,ESTÉTICA,Maio,8460,6198.12
MOOCA,ESTÉTICA,Março,8880,6731.530000000001
MOOCA,ESTÉTICA,Novembro,9480,6213.43
MOOCA,ESTÉTICA,Outubro,7980,5711.2
MOOCA,ESTÉTICA,Setembro,5280,3568.94
MOOCA,LAVIEEN,Abril,915,5901.75
MOOCA,LAVIEEN,Agosto,965,6574.15
MOOCA,LAVIEEN,Fevereiro,395,2582.74
MOOCA,LAVIEEN,Janeiro,1015,6826.67
MOOCA,LAVIEEN,Julho,695,4622.71
MOOCA,LAVIEEN,Junho,420,3128.88
MOOCA,LAVIEEN,Maio,1235,8000.74
MOOCA,LAVIEEN,Março,540,3483.0
MOOCA,LAVIEEN,Novembro,1260,8127.0
MOOCA,LAVIEEN,Outubro,420,2709.0
MOOCA,LAVIEEN,Setembro,165,1064.25
MOOCA,MEDICINA ESTÉTICA,Abril,585,6735.59
MOOCA,MEDICINA ESTÉTICA,Agosto,1500,17983.45
MOOCA,MEDICINA ESTÉTICA,Dezembro,345,4590.93
MOOCA,MEDICINA ESTÉTICA,Fevereiro,1185,19491.350000000002
MOOCA,MEDICINA ESTÉTICA,Janeiro,1185,11129.23
MOOCA,MEDICINA ESTÉTICA,Julho,1275,13292.57
MOOCA,MEDICINA ESTÉTICA,Junho,1365,13991.810000000001
MOOCA,MEDICINA ESTÉTICA,Maio,1395,18841.41
MOOCA,MEDICINA ESTÉTICA,Março,1095,11839.630000000001
MOOCA,MEDICINA ESTÉTICA,Novembro,1710,13867.04
MOOCA,MEDICINA ESTÉTICA,Outubro,1185,11489.56
MOOCA,MEDICINA ESTÉTICA,Setembro,825,9201.78
MOOCA,ULTRAFORMER_III,Agosto,880,9309.9
MOOCA,ULTRAFORMER_III,Fevereiro,450,5173.08
MOOCA,ULTRAFORMER_III,Janeiro,440,4881.2
MOOCA,ULTRAFORMER_III,Julho,1395,15419.22
MOOCA,ULTRAFORMER_III,Junho,905,9723.02
MOOCA,ULTRAFORMER_III,Maio,500,5846.2
MOOCA,ULTRAFORMER_III,Março,890,9575.52
MOOCA,ULTRAFORMER_III,Novembro,330,3691.84
MOOCA,ULTRAFORMER_III,Outubro,610,6669.02
MOOCA,ULTRAFORMER_III,Setembro,1035,11903.02
OSASCO,ESTÉTICA,Abril,3900,2523.32
OSASCO,ESTÉTICA,Agosto,14490,11025.06
OSASCO,ESTÉTICA,Dezembro,3840,3127.14
OSASCO,ESTÉTICA,Fevereiro,8070,5677.39
OSASCO,ESTÉTICA,Janeiro,4740,3377.42
OSASCO,ESTÉTICA,Julho,13620,9716.26
OSASCO,ESTÉTICA,Junho,12390,8401.29
OSASCO,ESTÉTICA,Maio,14640,10100.880000000001
OSASCO,ESTÉTICA,Março,9570,7098.9800000000005
OSASCO,ESTÉTICA,Novembro,21780,16346.800000000001
OSASCO,ESTÉTICA,Outubro,11100,7749.71
OSASCO,ESTÉTICA,Setembro,13050,9637.17
OSASCO,LAVIEEN,Abril,665,4639.15
OSASCO,LAVIEEN,Agosto,1875,12723.57
OSASCO,LAVIEEN,Fevereiro,840,5418.0
OSASCO,LAVIEEN,Julho,1050,6877.47
OSASCO,LAVIEEN,Junho,1760,11806.87
OSASCO,LAVIEEN,Maio,2240,14797.9
OSASCO,LAVIEEN,Março,495,3507.66
OSASCO,LAVIEEN,Novembro,1680,10836.0
OSASCO,LAVIEEN,Outubro,895,7207.34
OSASCO,LAVIEEN,Setembro,1245,8974.98
OSASCO,MEDICINA ESTÉTICA,Abril,375,3175.9900000000002
OSASCO,MEDICINA ESTÉTICA,Agosto,2460,20360.47
OSASCO,MEDICINA ESTÉTICA,Dezembro,240,1397.32
OSASCO,MEDICINA ESTÉTICA,Fevereiro,1185,11895.82
OSASCO,MEDICINA ESTÉTICA,Janeiro,780,10280.86
OSASCO,MEDICINA ESTÉTICA,Julho,2835,25162.4
OSASCO,MEDICINA ESTÉTICA,Junho,1800,16198.44
OSASCO,MEDICINA ESTÉTICA,Maio,1890,19762.93
OSASCO,MEDICINA ESTÉTICA,Março,960,12363.07
OSASCO,MEDICINA ESTÉTICA,Novembro,4485,41640.950000000004
OSASCO,MEDICINA ESTÉTICA,Outubro,2025,18221.28
OSASCO,MEDICINA ESTÉTICA,Setembro,1860,12111.17
OSASCO,ULTRAFORMER_III,Agosto,1230,13100.82
OSASCO,ULTRAFORMER_III,Julho,870,9217.4
OSASCO,ULTRAFORMER_III,Junho,690,7387.42
OSASCO,ULTRAFORMER_III,Maio,1110,12358.06
OSASCO,ULTRAFORMER_III,Novembro,735,7441.16
OSASCO,ULTRAFORMER_III,Outubro,1040,10821.12
OSASCO,ULTRAFORMER_III,Setembro,870,9364.9
RIBEIRÃO PRETO,ESTÉTICA,Abril,1320,970.3000000000001
RIBEIRÃO PRETO,ESTÉTICA,Agosto,4680,3506.55
RIBEIRÃO PRETO,ESTÉTICA,Dezembro,1260,915.97
RIBEIRÃO PRETO,ESTÉTICA,Fevereiro,4440,3468.83
RIBEIRÃO PRETO,ESTÉTICA,Janeiro,3780,2736.8900000000003
RIBEIRÃO PRETO,ESTÉTICA,Julho,4200,3207.37
RIBEIRÃO PRETO,ESTÉTICA,Junho,2790,1977.79
RIBEIRÃO PRETO,ESTÉTICA,Maio,3930,3280.79
RIBEIRÃO PRETO,ESTÉTICA,Março,3810,2824.65
RIBEIRÃO PRETO,ESTÉTICA,Novembro,6120,4098.7
RIBEIRÃO PRETO,ESTÉTICA,Outubro,3480,2491.9
RIBEIRÃO PRETO,ESTÉTICA,Setembro,3780,2650.4900000000002
RIBEIRÃO PRETO,LAVIEEN,Agosto,510,3289.5
RIBEIRÃO PRETO,LAVIEEN,Fevereiro,645,4160.25
RIBEIRÃO PRETO,LAVIEEN,Janeiro,705,4547.25
RIBEIRÃO PRETO,LAVIEEN,Julho,540,3483.0
RIBEIRÃO PRETO,LAVIEEN,Junho,615,3966.75
RIBEIRÃO PRETO,LAVIEEN,Maio,600,3870.0
RIBEIRÃO PRETO,LAVIEEN,Março,900,5805.0
RIBEIRÃO PRETO,LAVIEEN,Novembro,560,4276.8099999999995
RIBEIRÃO PRETO,LAVIEEN,Outubro,790,6110.21
RIBEIRÃO PRETO,LAVIEEN,Setembro,735,4740.75
RIBEIRÃO PRETO,MEDICINA ESTÉTICA,Abril,285,919.56
RIBEIRÃO PRETO,MEDICINA ESTÉTICA,Agosto,1320,13843.49
RIBEIRÃO PRETO,MEDICINA ESTÉTICA,Dezembro,180,1481.95
RIBEIRÃO PRETO,MEDICINA ESTÉTICA,Fevereiro,1390,13857.16
RIBEIRÃO PRETO,MEDICINA ESTÉTICA,Janeiro,1005,7968.9
RIBEIRÃO PRETO,MEDICINA ESTÉTICA,Julho,1290,13697.78
RIBEIRÃO PRETO,MEDICINA ESTÉTICA,Junho,945,11176.29
RIBEIRÃO PRETO,MEDICINA ESTÉTICA,Maio,1155,13984.36
RIBEIRÃO PRETO,MEDICINA ESTÉTICA,Março,645,7734.9800000000005
RIBEIRÃO PRETO,MEDICINA ESTÉTICA,Novembro,1005,9403.93
RIBEIRÃO PRETO,MEDICINA ESTÉTICA,Outubro,810,8560.2
RIBEIRÃO PRETO,MEDICINA ESTÉTICA,Setembro,1005,9704.07
RIBEIRÃO PRETO,ULTRAFORMER_III,Agosto,760,8811.8
RIBEIRÃO PRETO,ULTRAFORMER_III,Julho,710,9114.3
RIBEIRÃO PRETO,ULTRAFORMER_III,Junho,240,2713.1
RIBEIRÃO PRETO,ULTRAFORMER_III,Maio,455,5646.2
RIBEIRÃO PRETO,ULTRAFORMER_III,Março,550,6122.4400000000005
RIBEIRÃO PRETO,ULTRAFORMER_III,Novembro,590,6595.56
RIBEIRÃO PRETO,ULTRAFORMER_III,Outubro,580,6855.9
RIBEIRÃO PRETO,ULTRAFORMER_III,Setembro,930,10547.74
SANTO AMARO,ESTÉTICA,Abril,6150,4559.150000000001
SANTO AMARO,ESTÉTICA,Agosto,18660,13321.42
SANTO AMARO,ESTÉTICA,Dezembro,5310,3985.88
SANTO AMARO,ESTÉTICA,Fevereiro,16620,13432.470000000001
SANTO AMARO,ESTÉTICA,Janeiro,14880,10978.29
SANTO AMARO,ESTÉTICA,Julho,18210,13391.970000000001
SANTO AMARO,ESTÉTICA,Junho,18720,13810.79
SANTO AMARO,ESTÉTICA,Maio,21390,15829.59
SANTO AMARO,ESTÉTICA,Março,17280,13232.27
SANTO AMARO,ESTÉTICA,Novembro,24570,17257.83
SANTO AMARO,ESTÉTICA,Outubro,21510,16592.43
SANTO AMARO,ESTÉTICA,Setembro,18780,15214.94
SANTO AMARO,LAVIEEN,Agosto,1315,9076.58
SANTO AMARO,LAVIEEN,Fevereiro,780,5031.0
SANTO AMARO,LAVIEEN,Janeiro,1050,6772.5
SANTO AMARO,LAVIEEN,Julho,1445,10299.97
SANTO AMARO,LAVIEEN,Junho,1115,8066.5
SANTO AMARO,LAVIEEN,Maio,1410,10249.17
SANTO AMARO,LAVIEEN,Março,1005,6482.25
SANTO AMARO,LAVIEEN,Novembro,1780,11655.95
SANTO AMARO,LAVIEEN,Outubro,1205,8017.18
SANTO AMARO,LAVIEEN,Setembro,1245,8555.1
SANTO AMARO,MEDICINA ESTÉTICA,Abril,2235,15261.53
SANTO AMARO,MEDICINA ESTÉTICA,Agosto,6030,45745.090000000004
SANTO AMARO,MEDICINA ESTÉTICA,Dezembro,1095,4267.95
SANTO AMARO,MEDICINA ESTÉTICA,Fevereiro,5085,33987.43
SANTO AMARO,MEDICINA ESTÉTICA,Janeiro,5005,30800.94
SANTO AMARO,MEDICINA ESTÉTICA,Julho,4845,45255.130000000005
SANTO AMARO,MEDICINA ESTÉTICA,Junho,5625,54112.17
SANTO AMARO,MEDICINA ESTÉTICA,Maio,5490,46118.12
SANTO AMARO,MEDICINA ESTÉTICA,Março,6205,47530.39
SANTO AMARO,MEDICINA ESTÉTICA,Novembro,8635,70845.23
SANTO AMARO,MEDICINA ESTÉTICA,Outubro,6495,44485.89
SANTO AMARO,MEDICINA ESTÉTICA,Setembro,5070,39571.6
SANTO AMARO,ULTRAFORMER_III,Agosto,1770,18187.62
SANTO AMARO,ULTRAFORMER_III,Fevereiro,720,7879.92
SANTO AMARO,ULTRAFORMER_III,Janeiro,630,6763.68
SANTO AMARO,ULTRAFORMER_III,Julho,2075,21996.0
SANTO AMARO,ULTRAFORMER_III,Junho,1150,12072.36
SANTO AMARO,ULTRAFORMER_III,Maio,1580,17533.58
SANTO AMARO,ULTRAFORMER_III,Março,1055,12438.64
SANTO AMARO,ULTRAFORMER_III,Novembro,1080,10894.86
SANTO AMARO,ULTRAFORMER_III,Outubro,2190,24188.9
SANTO AMARO,ULTRAFORMER_III,Setembro,1785,19797.920000000002
SANTOS,ESTÉTICA,Abril,5700,4517.37
SANTOS,ESTÉTICA,Agosto,18870,12794.720000000001
SANTOS,ESTÉTICA,Dezembro,5400,3627.73
SANTOS,ESTÉTICA,Fevereiro,19350,13515.25
SANTOS,ESTÉTICA,Janeiro,14910,10644.5
SANTOS,ESTÉTICA,Julho,14820,10122.54
SANTOS,ESTÉTICA,Junho,18030,13344.45
SANTOS,ESTÉTICA,Maio,18000,13133.76
SANTOS,ESTÉTICA,Março,17910,12127.48
SANTOS,ESTÉTICA,Novembro,18960,13668.73
SANTOS,ESTÉTICA,Outubro,15060,12111.64
SANTOS,ESTÉTICA,Setembro,16500,11299.460000000001
SANTOS,LAVIEEN,Agosto,1110,7159.5
SANTOS,LAVIEEN,Fevereiro,1005,6482.25
SANTOS,LAVIEEN,Janeiro,930,5998.5
SANTOS,LAVIEEN,Julho,1000,6624.95
SANTOS,LAVIEEN,Junho,1035,6675.75
SANTOS,LAVIEEN,Maio,885,5708.25
SANTOS,LAVIEEN,Março,945,6095.25
SANTOS,LAVIEEN,Novembro,1275,8223.75
SANTOS,LAVIEEN,Outubro,2370,15286.5
SANTOS,LAVIEEN,Setembro,1110,7159.5
SANTOS,MEDICINA ESTÉTICA,Abril,1185,14599.01
SANTOS,MEDICINA ESTÉTICA,Agosto,3615,34318.64
SANTOS,MEDICINA ESTÉTICA,Dezembro,765,10028.04
SANTOS,MEDICINA ESTÉTICA,Fevereiro,4035,35057.25
SANTOS,MEDICINA ESTÉTICA,Janeiro,3690,28847.3
SANTOS,MEDICINA ESTÉTICA,Julho,4260,33168.41
SANTOS,MEDICINA ESTÉTICA,Junho,2850,26374.18
SANTOS,MEDICINA ESTÉTICA,Maio,3390,29900.2
SANTOS,MEDICINA ESTÉTICA,Março,3300,30950.03
SANTOS,MEDICINA ESTÉTICA,Novembro,4890,48125.32
SANTOS,MEDICINA ESTÉTICA,Outubro,4065,36521.79
SANTOS,MEDICINA ESTÉTICA,Setembro,2970,20427.26
SANTOS,ULTRAFORMER_III,Agosto,910,9828.02
SANTOS,ULTRAFORMER_III,Dezembro,1245,13975.26
SANTOS,ULTRAFORMER_III,Fevereiro,850,9651.84
SANTOS,ULTRAFORMER_III,Janeiro,1070,12042.1
SANTOS,ULTRAFORMER_III,Julho,780,8854.92
SANTOS,ULTRAFORMER_III,Junho,570,6414.9400000000005
SANTOS,ULTRAFORMER_III,Maio,560,6342.4400000000005
SANTOS,ULTRAFORMER_III,Março,905,10370.86
SANTOS,ULTRAFORMER_III,Novembro,1440,15707.960000000001
SANTOS,ULTRAFORMER_III,Outubro,1440,15468.58
SANTOS,ULTRAFORMER_III,Setembro,1160,12853.0
SOROCABA,ESTÉTICA,Abril,2910,2131.08
SOROCABA,ESTÉTICA,Agosto,10080,7484.83
SOROCABA,ESTÉTICA,Dezembro,2550,1745.1100000000001
SOROCABA,ESTÉTICA,Fevereiro,9420,6970.4800000000005
SOROCABA,ESTÉTICA,Janeiro,11160,8212.58
SOROCABA,ESTÉTICA,Julho,9660,7202.34
SOROCABA,ESTÉTICA,Junho,9060,6628.9800000000005
SOROCABA,ESTÉTICA,Maio,10170,7226.860000000001
SOROCABA,ESTÉTICA,Março,10770,8251.81
SOROCABA,ESTÉTICA,Novembro,10860,7549.450000000001
SOROCABA,ESTÉTICA,Outubro,8160,5450.39
SOROCABA,ESTÉTICA,Setembro,9030,5972.1
SOROCABA,LAVIEEN,Agosto,840,5418.0
SOROCABA,LAVIEEN,Dezembro,1725,11126.25
SOROCABA,LAVIEEN,Julho,510,3289.5
SOROCABA,LAVIEEN,Março,240,1548.0
SOROCABA,LAVIEEN,Novembro,3890,25125.49
SOROCABA,LAVIEEN,Outubro,3630,23518.47
SOROCABA,LAVIEEN,Setembro,330,2128.5
SOROCABA,MEDICINA ESTÉTICA,Abril,690,6097.47
SOROCABA,MEDICINA ESTÉTICA,Agosto,1485,14006.95
SOROCABA,MEDICINA ESTÉTICA,Dezembro,1560,20074.66
SOROCABA,MEDICINA ESTÉTICA,Fevereiro,1650,15230.5
SOROCABA,MEDICINA ESTÉTICA,Janeiro,2340,17007.66
SOROCABA,MEDICINA ESTÉTICA,Julho,2085,20792.99
SOROCABA,MEDICINA ESTÉTICA,Junho,1545,14971.78
SOROCABA,MEDICINA ESTÉTICA,Maio,1890,22870.48
SOROCABA,MEDICINA ESTÉTICA,Março,2475,26715.56
SOROCABA,MEDICINA ESTÉTICA,Novembro,2790,25202.33
SOROCABA,MEDICINA ESTÉTICA,Outubro,1530,12051.37
SOROCABA,MEDICINA ESTÉTICA,Setembro,1335,9475.09
SOROCABA,ULTRAFORMER_III,Agosto,1610,18453.3
SOROCABA,ULTRAFORMER_III,Fevereiro,690,8835.9
SOROCABA,ULTRAFORMER_III,Janeiro,560,6225.28
SOROCABA,ULTRAFORMER_III,Julho,1205,13910.22
SOROCABA,ULTRAFORMER_III,Junho,285,2884.34
SOROCABA,ULTRAFORMER_III,Maio,835,9246.16
SOROCABA,ULTRAFORMER_III,Março,270,3195.6
SOROCABA,ULTRAFORMER_III,Novembro,1090,11926.52
SOROCABA,ULTRAFORMER_III,Setembro,1545,16870.8
SÃO BERNARDO,ESTÉTICA,Abril,150,112.19
SÃO BERNARDO,ESTÉTICA,Agosto,150,103.60000000000001
SÃO BERNARDO,ESTÉTICA,Fevereiro,390,260.28000000000003
SÃO BERNARDO,ESTÉTICA,Janeiro,90,62.900000000000006
SÃO BERNARDO,ESTÉTICA,Julho,240,173.77
SÃO BERNARDO,ESTÉTICA,Maio,90,50.510000000000005
SÃO BERNARDO,ESTÉTICA,Março,30,32.71
SÃO BERNARDO,ESTÉTICA,Novembro,5790,3913.9900000000002
SÃO BERNARDO,ESTÉTICA,Outubro,4560,3485.73
SÃO BERNARDO,ESTÉTICA,Setembro,1710,1179.96
SÃO BERNARDO,LAVIEEN,Novembro,440,2872.99
SÃO BERNARDO,LAVIEEN,Outubro,355,2464.7
SÃO BERNARDO,MEDICINA ESTÉTICA,Abril,30,297.8
SÃO BERNARDO,MEDICINA ESTÉTICA,Fevereiro,105,669.63
SÃO BERNARDO,MEDICINA ESTÉTICA,Julho,90,444.62
SÃO BERNARDO,MEDICINA ESTÉTICA,Maio,75,339.31
SÃO BERNARDO,MEDICINA ESTÉTICA,Novembro,580,8873.18
SÃO BERNARDO,MEDICINA ESTÉTICA,Outubro,750,4946.87
SÃO BERNARDO,MEDICINA ESTÉTICA,Setembro,510,5971.18
SÃO BERNARDO,ULTRAFORMER_III,Novembro,330,3921.2200000000003
TATUAPÉ,ESTÉTICA,Abril,6270,4408.99
TATUAPÉ,ESTÉTICA,Agosto,19140,14225.98
TATUAPÉ,ESTÉTICA,Dezembro,6480,5149.67
TATUAPÉ,ESTÉTICA,Fevereiro,15870,12078.61
TATUAPÉ,ESTÉTICA,Janeiro,18090,13820.220000000001
TATUAPÉ,ESTÉTICA,Julho,17490,13310.67
TATUAPÉ,ESTÉTICA,Junho,20610,15166.34
TATUAPÉ,ESTÉTICA,Maio,19560,14702.310000000001
TATUAPÉ,ESTÉTICA,Março,17100,12601.49
TATUAPÉ,ESTÉTICA,Novembro,26220,19488.24
TATUAPÉ,ESTÉTICA,Outubro,20040,14895.33
TATUAPÉ,ESTÉTICA,Setembro,17400,12960.83
TATUAPÉ,LAVIEEN,Abril,10,134.48
TATUAPÉ,LAVIEEN,Agosto,1470,9796.41
TATUAPÉ,LAVIEEN,Fevereiro,2295,14802.75
TATUAPÉ,LAVIEEN,Janeiro,1530,9868.5
TATUAPÉ,LAVIEEN,Julho,1375,9358.61
TATUAPÉ,LAVIEEN,Junho,1560,10376.91
TATUAPÉ,LAVIEEN,Maio,1200,7740.0
TATUAPÉ,LAVIEEN,Março,1695,10932.75
TATUAPÉ,LAVIEEN,Novembro,1815,11706.75
TATUAPÉ,LAVIEEN,Outubro,2235,14730.66
TATUAPÉ,LAVIEEN,Setembro,1805,11677.24
TATUAPÉ,MEDICINA ESTÉTICA,Abril,1785,18156.89
TATUAPÉ,MEDICINA ESTÉTICA,Agosto,5895,69430.92
TATUAPÉ,MEDICINA ESTÉTICA,Dezembro,1530,16998.12
TATUAPÉ,MEDICINA ESTÉTICA,Fevereiro,4870,36335.63
TATUAPÉ,MEDICINA ESTÉTICA,Janeiro,5510,43856.61
TATUAPÉ,MEDICINA ESTÉTICA,Julho,5550,55557.69
TATUAPÉ,MEDICINA ESTÉTICA,Junho,4340,41784.57
TATUAPÉ,MEDICINA ESTÉTICA,Maio,5460,51538.93
TATUAPÉ,MEDICINA ESTÉTICA,Março,4095,33913.63
TATUAPÉ,MEDICINA ESTÉTICA,Novembro,4545,38983.65
TATUAPÉ,MEDICINA ESTÉTICA,Outubro,5535,52484.31
TATUAPÉ,MEDICINA ESTÉTICA,Setembro,5610,57493.68
TATUAPÉ,ULTRAFORMER_III,Abril,2180,23900.72
TATUAPÉ,ULTRAFORMER_III,Agosto,2145,23385.44
TATUAPÉ,ULTRAFORMER_III,Dezembro,1745,19531.4
TATUAPÉ,ULTRAFORMER_III,Julho,670,6748.04
TATUAPÉ,ULTRAFORMER_III,Junho,2325,24377.04
TATUAPÉ,ULTRAFORMER_III,Maio,2050,23398.36
TATUAPÉ,ULTRAFORMER_III,Março,900,9769.380000000001
TATUAPÉ,ULTRAFORMER_III,Novembro,2800,29818.52
TATUAPÉ,ULTRAFORMER_III,Outubro,1985,20813.28
TATUAPÉ,ULTRAFORMER_III,Setembro,1690,17052.0
TIJUCA,ESTÉTICA,Abril,11040,7950.56
TIJUCA,ESTÉTICA,Agosto,41790,26550.95
TIJUCA,ESTÉTICA,Dezembro,11550,7452.71
TIJUCA,ESTÉTICA,Fevereiro,29280,17607.62
TIJUCA,ESTÉTICA,Janeiro,29400,18104.97
TIJUCA,ESTÉTICA,Julho,34920,22844.24
TIJUCA,ESTÉTICA,Junho,37890,23756.69
TIJUCA,ESTÉTICA,Maio,39030,24931.940000000002
TIJUCA,ESTÉTICA,Março,33450,20428.62
TIJUCA,ESTÉTICA,Novembro,47070,28854.18
TIJUCA,ESTÉTICA,Outubro,35250,20461.760000000002
TIJUCA,ESTÉTICA,Setembro,36180,22651.84
TIJUCA,LAVIEEN,Agosto,1670,10806.49
TIJUCA,LAVIEEN,Fevereiro,960,6192.0
TIJUCA,LAVIEEN,Janeiro,690,4450.5
TIJUCA,LAVIEEN,Julho,2120,14233.84
TIJUCA,LAVIEEN,Junho,2145,14360.1
TIJUCA,LAVIEEN,Maio,1830,12223.38
TIJUCA,LAVIEEN,Março,1055,6839.74
TIJUCA,LAVIEEN,Novembro,1750,11777.36
TIJUCA,LAVIEEN,Outubro,1870,12341.42
TIJUCA,LAVIEEN,Setembro,1850,12282.4
TIJUCA,MEDICINA ESTÉTICA,Abril,1575,14629.92
TIJUCA,MEDICINA ESTÉTICA,Agosto,4220,39433.03
TIJUCA,MEDICINA ESTÉTICA,Dezembro,1215,11907.28
TIJUCA,MEDICINA ESTÉTICA,Fevereiro,5215,42877.49
TIJUCA,MEDICINA ESTÉTICA,Janeiro,3820,31113.5
TIJUCA,MEDICINA ESTÉTICA,Julho,4995,43542.2
TIJUCA,MEDICINA ESTÉTICA,Junho,3960,30362.8
TIJUCA,MEDICINA ESTÉTICA,Maio,3790,33117.1
TIJUCA,MEDICINA ESTÉTICA,Março,4355,32847.5
TIJUCA,MEDICINA ESTÉTICA,Novembro,7970,71561.15
TIJUCA,MEDICINA ESTÉTICA,Outubro,4140,36672.91
TIJUCA,MEDICINA ESTÉTICA,Setembro,4140,37550.06
TIJUCA,ULTRAFORMER_III,Abril,315,4369.0599999999995
TIJUCA,ULTRAFORMER_III,Agosto,1985,23107.74
TIJUCA,ULTRAFORMER_III,Dezembro,700,8355.9
TIJUCA,ULTRAFORMER_III,Fevereiro,420,4720.92
TIJUCA,ULTRAFORMER_III,Janeiro,255,3174.06
TIJUCA,ULTRAFORMER_III,Julho,1600,17794.88
TIJUCA,ULTRAFORMER_III,Junho,1065,12163.98
TIJUCA,ULTRAFORMER_III,Maio,1290,14510.54
TIJUCA,ULTRAFORMER_III,Março,355,4109.68
TIJUCA,ULTRAFORMER_III,Novembro,2385,27161.68
TIJUCA,ULTRAFORMER_III,Outubro,2170,24311.7
TIJUCA,ULTRAFORMER_III,Setembro,1590,18002.1
TUCURUVI,ESTÉTICA,Abril,2490,1901.76
TUCURUVI,ESTÉTICA,Agosto,13260,9847.93
TUCURUVI,ESTÉTICA,Dezembro,3150,2219.89
TUCURUVI,ESTÉTICA,Fevereiro,10110,6649.400000000001
TUCURUVI,ESTÉTICA,Janeiro,11100,8317.1
TUCURUVI,ESTÉTICA,Julho,8820,6734.400000000001
TUCURUVI,ESTÉTICA,Junho,10650,7781.08
TUCURUVI,ESTÉTICA,Maio,9030,6572.18
TUCURUVI,ESTÉTICA,Março,12060,9025.43
TUCURUVI,ESTÉTICA,Novembro,10170,7117.06
TUCURUVI,ESTÉTICA,Outubro,13170,10392.61
TUCURUVI,ESTÉTICA,Setembro,10440,7409.990000000001
TUCURUVI,LAVIEEN,Agosto,1830,11803.5
TUCURUVI,LAVIEEN,Fevereiro,660,4257.0
TUCURUVI,LAVIEEN,Janeiro,825,5321.25
TUCURUVI,LAVIEEN,Julho,1845,11900.25
TUCURUVI,LAVIEEN,Junho,1350,8707.5
TUCURUVI,LAVIEEN,Maio,1590,10255.5
TUCURUVI,LAVIEEN,Março,585,3773.25
TUCURUVI,LAVIEEN,Novembro,1545,9965.25
TUCURUVI,LAVIEEN,Outubro,1600,10599.92
TUCURUVI,LAVIEEN,Setembro,1365,8804.25
TUCURUVI,MEDICINA ESTÉTICA,Abril,735,7287.64
TUCURUVI,MEDICINA ESTÉTICA,Agosto,3510,38360.17
TUCURUVI,MEDICINA ESTÉTICA,Dezembro,375,4258.81
TUCURUVI,MEDICINA ESTÉTICA,Fevereiro,2085,17816.58
TUCURUVI,MEDICINA ESTÉTICA,Janeiro,2285,26559.940000000002
TUCURUVI,MEDICINA ESTÉTICA,Julho,2745,34723.32
TUCURUVI,MEDICINA ESTÉTICA,Junho,2700,29041.27
TUCURUVI,MEDICINA ESTÉTICA,Maio,3345,41813.28
TUCURUVI,MEDICINA ESTÉTICA,Março,3135,34130.54
TUCURUVI,MEDICINA ESTÉTICA,Novembro,2055,18969.56
TUCURUVI,MEDICINA ESTÉTICA,Outubro,2410,26906.62
TUCURUVI,MEDICINA ESTÉTICA,Setembro,2565,31991.510000000002
TUCURUVI,ULTRAFORMER_III,Agosto,640,7131.52
TUCURUVI,ULTRAFORMER_III,Fevereiro,1005,10824.6
TUCURUVI,ULTRAFORMER_III,Janeiro,640,7181.860000000001
TUCURUVI,ULTRAFORMER_III,Julho,495,5272.4400000000005
TUCURUVI,ULTRAFORMER_III,Junho,775,7893.08
TUCURUVI,ULTRAFORMER_III,Maio,1455,16414.9
TUCURUVI,ULTRAFORMER_III,Março,985,10781.48
TUCURUVI,ULTRAFORMER_III,Novembro,1800,19944.56
TUCURUVI,ULTRAFORMER_III,Outubro,2255,24948.94
TUCURUVI,ULTRAFORMER_III,Setembro,1290,14044.28
VILA MASCOTE,ESTÉTICA,Agosto,60,39.74
VILA MASCOTE,ESTÉTICA,Julho,60,28.91
VILA MASCOTE,ESTÉTICA,Maio,90,61.620000000000005
VILA MASCOTE,ESTÉTICA,Novembro,7170,4937.87
VILA MASCOTE,ESTÉTICA,Outubro,2610,1723.48
VILA MASCOTE,LAVIEEN,Novembro,1575,10158.75
VILA MASCOTE,LAVIEEN,Outubro,665,4324.24
VILA MASCOTE,MEDICINA ESTÉTICA,Novembro,1560,17766.33
VILA MASCOTE,MEDICINA ESTÉTICA,Outubro,315,2422.48
VILA MASCOTE,ULTRAFORMER_III,Novembro,570,6674.66
VILA MASCOTE,ULTRAFORMER_III,Outubro,600,6927.78
