Unidade do agendamento,Grupo,Procedimentos Padronizados,Quantidade,Duração (min),Custo Direto,Quantidade (cortesia),Custo Direto (corteisa)
ALPHAVILLE,ESTÉTICA,CARBOXITERAPIA,24,720,578.88,0.0,0.0
ALPHAVILLE,ESTÉTICA,CRIOLIPÓLISE,52,3120,5364.84,0.0,0.0
ALPHAVILLE,ESTÉTICA,DRENAGEM,210,12600,6071.1,0.0,0.0
ALPHAVILLE,ESTÉTICA,HECCUS,22,660,475.20000000000005,0.0,0.0
ALPHAVILLE,ESTÉTICA,HIDRATAÇÃO,51,1530,1181.16,49.0,1134.84
ALPHAVILLE,ESTÉTICA,LIMPEZA DE PELE,664,39840,26387.36,178.0,7073.72
ALPHAVILLE,ESTÉTICA,PEELING DE DIAMANTE,178,5340,5822.38,170.0,5560.7
ALPHAVILLE,ESTÉTICA,PRÓ- SHAPE,22,1320,873.4000000000001,0.0,0.0
ALPHAVILLE,ESTÉTICA,RADIOFREQUÊNCIA,9,270,257.84999999999997,2.0,57.3
ALPHAVILLE,LAVIEEN,LAVIEEN,396,5940,38313.0,300.0,29025.0
ALPHAVILLE,LAVIEEN,PRÓ-SÉRUM,99,495,6656.759999999999,0.0,0.0
ALPHAVILLE,MEDICINA ESTÉTICA,BOTOX LIGHT,18,540,2924.28,0.0,0.0
ALPHAVILLE,MEDICINA ESTÉTICA,BOTOX POWER,85,2550,26164.7,0.0,0.0
ALPHAVILLE,MEDICINA ESTÉTICA,ENZIMA MELASMA,1,30,51.12,0.0,0.0
ALPHAVILLE,MEDICINA ESTÉTICA,PEELING QUÍMICO,15,450,470.1,0.0,0.0
ALPHAVILLE,MEDICINA ESTÉTICA,PREENCHIMENTO,25,750,7445.0,0.0,0.0
ALPHAVILLE,MEDICINA ESTÉTICA,PRÓ-BELLA,5,150,335.5,0.0,0.0
ALPHAVILLE,MEDICINA ESTÉTICA,PRÓ-LIPO,58,870,2407.58,0.0,0.0
ALPHAVILLE,MEDICINA ESTÉTICA,PRÓ-MESO,3,90,137.46,0.0,0.0
ALPHAVILLE,MEDICINA ESTÉTICA,RADIESSE,4,120,3084.72,0.0,0.0
ALPHAVILLE,MEDICINA ESTÉTICA,RETOQUE,47,705,0.0,0.0,0.0
ALPHAVILLE,MEDICINA ESTÉTICA,SCULPTRA,29,870,29991.22,0.0,0.0
ALPHAVILLE,MEDICINA ESTÉTICA,SECAGEM,8,240,180.0,0.0,0.0
ALPHAVILLE,ULTRAFORMER_III,ULTRAFORMER FULLFACE,64,3840,47079.68,0.0,0.0
ALPHAVILLE,ULTRAFORMER_III,ULTRAFORMER FULLFACE + PESCOÇO,1,90,1019.08,0.0,0.0
ALPHAVILLE,ULTRAFORMER_III,ULTRAFORMER INTERNO COXA,1,90,1343.12,0.0,0.0
ALPHAVILLE,ULTRAFORMER_III,ULTRAFORMER MAÇA DO ROSTO,10,450,4206.2,0.0,0.0
ALPHAVILLE,ULTRAFORMER_III,ULTRAFORMER OLHOS,9,270,2188.08,0.0,0.0
ALPHAVILLE,ULTRAFORMER_III,ULTRAFORMER PAPADA,24,720,6074.88,0.0,0.0
ALPHAVILLE,ULTRAFORMER_III,ULTRAFORMER PESCOÇO,5,200,2315.6,0.0,0.0
BELO HORIZONTE,ESTÉTICA,CARBOXITERAPIA,26,780,627.12,4.0,96.48
BELO HORIZONTE,ESTÉTICA,CRIOLIPÓLISE,27,1620,2785.59,0.0,0.0
BELO HORIZONTE,ESTÉTICA,DRENAGEM,202,12120,5839.82,0.0,0.0
BELO HORIZONTE,ESTÉTICA,HECCUS,36,1080,777.6,5.0,108.0
BELO HORIZONTE,ESTÉTICA,HIDRATAÇÃO,29,870,671.64,27.0,625.32
BELO HORIZONTE,ESTÉTICA,LIMPEZA DE PELE,238,14280,9458.12,49.0,1947.26
BELO HORIZONTE,ESTÉTICA,PEELING DE DIAMANTE,138,4140,4513.9800000000005,136.0,4448.56
BELO HORIZONTE,ESTÉTICA,PRÓ- SHAPE,13,780,516.1,3.0,119.10000000000001
BELO HORIZONTE,ESTÉTICA,RADIOFREQUÊNCIA,52,1560,1489.8,21.0,601.65
BELO HORIZONTE,LAVIEEN,LAVIEEN,225,3375,21768.75,128.0,12384.0
BELO HORIZONTE,MEDICINA ESTÉTICA,BOTOX LIGHT,8,240,1299.68,0.0,0.0
BELO HORIZONTE,MEDICINA ESTÉTICA,BOTOX POWER,63,1890,19392.66,0.0,0.0
BELO HORIZONTE,MEDICINA ESTÉTICA,CO2 CICATRIZ,1,10,189.24,0.0,0.0
BELO HORIZONTE,MEDICINA ESTÉTICA,CO2 ROSTO,8,240,1993.92,0.0,0.0
BELO HORIZONTE,MEDICINA ESTÉTICA,DERMAROLLER,1,30,115.48,0.0,0.0
BELO HORIZONTE,MEDICINA ESTÉTICA,PEELING QUÍMICO,13,390,407.42,0.0,0.0
BELO HORIZONTE,MEDICINA ESTÉTICA,PREENCHIMENTO,45,1350,13401.0,0.0,0.0
BELO HORIZONTE,MEDICINA ESTÉTICA,PRÓ-BELLA,7,210,469.69999999999993,0.0,0.0
BELO HORIZONTE,MEDICINA ESTÉTICA,PRÓ-LIPO,87,1305,3611.37,0.0,0.0
BELO HORIZONTE,MEDICINA ESTÉTICA,PRÓ-MESO,7,210,320.74,0.0,0.0
BELO HORIZONTE,MEDICINA ESTÉTICA,RADIESSE,4,120,3084.72,0.0,0.0
BELO HORIZONTE,MEDICINA ESTÉTICA,RETOQUE,66,990,0.0,0.0,0.0
BELO HORIZONTE,MEDICINA ESTÉTICA,SCULPTRA,32,960,33093.76,0.0,0.0
BELO HORIZONTE,MEDICINA ESTÉTICA,SECAGEM,7,210,157.5,0.0,0.0
BELO HORIZONTE,ULTRAFORMER_III,ULTRAFORMER FULLFACE,26,1560,19126.12,0.0,0.0
BELO HORIZONTE,ULTRAFORMER_III,ULTRAFORMER FULLFACE + PESCOÇO,4,360,4076.32,0.0,0.0
BELO HORIZONTE,ULTRAFORMER_III,ULTRAFORMER INTERNO COXA,3,270,4029.3599999999997,0.0,0.0
BELO HORIZONTE,ULTRAFORMER_III,ULTRAFORMER OLHOS,1,30,243.12,0.0,0.0
BELO HORIZONTE,ULTRAFORMER_III,ULTRAFORMER PAPADA,11,330,2784.32,0.0,0.0
BELO HORIZONTE,ULTRAFORMER_III,ULTRAFORMER PESCOÇO,1,40,463.12,0.0,0.0
CAMPINAS,ESTÉTICA,CARBOXITERAPIA,93,2790,2243.1600000000003,3.0,72.36
CAMPINAS,ESTÉTICA,CRIOLIPÓLISE,39,2340,4023.63,0.0,0.0
CAMPINAS,ESTÉTICA,DRENAGEM,987,59220,28534.170000000002,0.0,0.0
CAMPINAS,ESTÉTICA,HECCUS,135,4050,2916.0,8.0,172.8
CAMPINAS,ESTÉTICA,HIDRATAÇÃO,133,3990,3080.28,133.0,3080.28
CAMPINAS,ESTÉTICA,LIMPEZA DE PELE,856,51360,34017.44,238.0,9458.12
CAMPINAS,ESTÉTICA,PEELING DE DIAMANTE,816,24480,26691.36,816.0,26691.36
CAMPINAS,ESTÉTICA,PRÓ- SHAPE,98,5880,3890.6000000000004,7.0,277.90000000000003
CAMPINAS,ESTÉTICA,RADIOFREQUÊNCIA,89,2670,2549.85,60.0,1719.0
CAMPINAS,LAVIEEN,LAVIEEN,897,13455,86784.75,784.0,75852.0
CAMPINAS,MEDICINA ESTÉTICA,BOTOX LIGHT,4,120,649.84,0.0,0.0
CAMPINAS,MEDICINA ESTÉTICA,BOTOX POWER,149,4470,45865.18,0.0,0.0
CAMPINAS,MEDICINA ESTÉTICA,CO2 CICATRIZ,1,10,189.24,0.0,0.0
CAMPINAS,MEDICINA ESTÉTICA,CO2 ROSTO,8,240,1993.92,0.0,0.0
CAMPINAS,MEDICINA ESTÉTICA,DERMAROLLER,7,210,808.36,0.0,0.0
CAMPINAS,MEDICINA ESTÉTICA,PEELING QUÍMICO,17,510,532.78,0.0,0.0
CAMPINAS,MEDICINA ESTÉTICA,PREENCHIMENTO,95,2850,28291.0,0.0,0.0
CAMPINAS,MEDICINA ESTÉTICA,PRÓ-BELLA,5,150,335.5,0.0,0.0
CAMPINAS,MEDICINA ESTÉTICA,PRÓ-LIPO,123,1845,5105.73,0.0,0.0
CAMPINAS,MEDICINA ESTÉTICA,PRÓ-MESO,7,210,320.74,0.0,0.0
CAMPINAS,MEDICINA ESTÉTICA,RADIESSE,12,360,9254.16,0.0,0.0
CAMPINAS,MEDICINA ESTÉTICA,RETOQUE,107,1605,0.0,0.0,0.0
CAMPINAS,MEDICINA ESTÉTICA,SCULPTRA,37,1110,38264.66,0.0,0.0
CAMPINAS,MEDICINA ESTÉTICA,SECAGEM,51,1530,1147.5,0.0,0.0
CAMPINAS,ULTRAFORMER_III,ULTRAFORMER FULLFACE,52,3120,38252.24,0.0,0.0
CAMPINAS,ULTRAFORMER_III,ULTRAFORMER FULLFACE + PESCOÇO,4,360,4076.32,0.0,0.0
CAMPINAS,ULTRAFORMER_III,ULTRAFORMER FULLFACE + PESCOÇO + PAPADA,3,270,3774.3599999999997,0.0,0.0
CAMPINAS,ULTRAFORMER_III,ULTRAFORMER MAÇA DO ROSTO,7,315,2944.34,0.0,0.0
CAMPINAS,ULTRAFORMER_III,ULTRAFORMER OLHOS,26,780,6321.12,0.0,0.0
CAMPINAS,ULTRAFORMER_III,ULTRAFORMER PAPADA,36,1080,9112.32,0.0,0.0
CAMPINAS,ULTRAFORMER_III,ULTRAFORMER PESCOÇO,12,480,5557.4400000000005,0.0,0.0
COPACABANA,ESTÉTICA,CARBOXITERAPIA,211,6330,5089.320000000001,2.0,48.24
COPACABANA,ESTÉTICA,CRIOLIPÓLISE,52,3120,5364.84,0.0,0.0
COPACABANA,ESTÉTICA,DRENAGEM,4032,241920,116565.12,0.0,0.0
COPACABANA,ESTÉTICA,HECCUS,311,9330,6717.6,1.0,21.6
COPACABANA,ESTÉTICA,HIDRATAÇÃO,98,2940,2269.68,98.0,2269.68
COPACABANA,ESTÉTICA,LIMPEZA DE PELE,792,47520,31474.08,200.0,7948.0
COPACABANA,ESTÉTICA,PEELING DE DIAMANTE,685,20550,22406.350000000002,681.0,22275.510000000002
COPACABANA,ESTÉTICA,PRÓ- SHAPE,213,12780,8456.1,1.0,39.7
COPACABANA,ESTÉTICA,RADIOFREQUÊNCIA,202,6060,5787.299999999999,58.0,1661.6999999999998
COPACABANA,LAVIEEN,LAVIEEN,1298,19470,125581.5,1140.0,110295.0
COPACABANA,MEDICINA ESTÉTICA,BOTOX LIGHT,16,480,2599.36,0.0,0.0
COPACABANA,MEDICINA ESTÉTICA,BOTOX POWER,513,15390,157911.66,1.0,307.82
COPACABANA,MEDICINA ESTÉTICA,CO2 CICATRIZ,79,790,14949.960000000001,0.0,0.0
COPACABANA,MEDICINA ESTÉTICA,CO2 COLO,31,620,6641.4400000000005,0.0,0.0
COPACABANA,MEDICINA ESTÉTICA,CO2 MÃOS,14,140,2649.36,0.0,0.0
COPACABANA,MEDICINA ESTÉTICA,CO2 OLHEIRAS,1,10,189.24,0.0,0.0
COPACABANA,MEDICINA ESTÉTICA,CO2 PESCOÇO,4,80,856.96,0.0,0.0
COPACABANA,MEDICINA ESTÉTICA,CO2 ROSTO,89,2670,22182.36,0.0,0.0
COPACABANA,MEDICINA ESTÉTICA,DERMAROLLER,88,2640,10162.24,0.0,0.0
COPACABANA,MEDICINA ESTÉTICA,GLÚTEO MAX,5,75,491.8,0.0,0.0
COPACABANA,MEDICINA ESTÉTICA,PEELING QUÍMICO,58,1740,1817.72,0.0,0.0
COPACABANA,MEDICINA ESTÉTICA,PREENCHIMENTO,133,3990,39607.4,0.0,0.0
COPACABANA,MEDICINA ESTÉTICA,PRÓ-BELLA,22,660,1476.1999999999998,0.0,0.0
COPACABANA,MEDICINA ESTÉTICA,PRÓ-LIPO,402,6030,16687.02,0.0,0.0
COPACABANA,MEDICINA ESTÉTICA,PRÓ-MESO,38,1140,1741.16,0.0,0.0
COPACABANA,MEDICINA ESTÉTICA,RADIESSE,33,990,25448.94,0.0,0.0
COPACABANA,MEDICINA ESTÉTICA,RETOQUE,365,5475,0.0,0.0,0.0
COPACABANA,MEDICINA ESTÉTICA,SCULPTRA,332,9960,343347.76,0.0,0.0
COPACABANA,MEDICINA ESTÉTICA,SECAGEM,27,810,607.5,0.0,0.0
COPACABANA,ULTRAFORMER_III,ULTRAFORMER BRAÇO,3,135,3054.36,0.0,0.0
COPACABANA,ULTRAFORMER_III,ULTRAFORMER FULLFACE,220,13200,161836.4,0.0,0.0
COPACABANA,ULTRAFORMER_III,ULTRAFORMER FULLFACE + PESCOÇO,74,6660,75411.92,0.0,0.0
COPACABANA,ULTRAFORMER_III,ULTRAFORMER GLUTEO,2,90,1826.24,0.0,0.0
COPACABANA,ULTRAFORMER_III,ULTRAFORMER INTERNO COXA,6,540,8058.719999999999,0.0,0.0
COPACABANA,ULTRAFORMER_III,ULTRAFORMER MAÇA DO ROSTO,1,45,420.62,0.0,0.0
COPACABANA,ULTRAFORMER_III,ULTRAFORMER OLHOS,18,540,4376.16,0.0,0.0
COPACABANA,ULTRAFORMER_III,ULTRAFORMER PAPADA,129,3870,32652.48,0.0,0.0
COPACABANA,ULTRAFORMER_III,ULTRAFORMER PESCOÇO,12,480,5557.4400000000005,0.0,0.0
IPIRANGA,ESTÉTICA,CARBOXITERAPIA,265,7950,6391.8,9.0,217.08
IPIRANGA,ESTÉTICA,CRIOLIPÓLISE,77,4620,7944.09,0.0,0.0
IPIRANGA,ESTÉTICA,DRENAGEM,1021,61260,29517.11,0.0,0.0
IPIRANGA,ESTÉTICA,HECCUS,288,8640,6220.8,5.0,108.0
IPIRANGA,ESTÉTICA,HIDRATAÇÃO,54,1620,1250.64,54.0,1250.64
IPIRANGA,ESTÉTICA,LIMPEZA DE PELE,682,40920,27102.68,76.0,3020.2400000000002
IPIRANGA,ESTÉTICA,PEELING DE DIAMANTE,412,12360,13476.52,412.0,13476.52
IPIRANGA,ESTÉTICA,PRÓ- SHAPE,84,5040,3334.8,1.0,39.7
IPIRANGA,ESTÉTICA,RADIOFREQUÊNCIA,282,8460,8079.299999999999,145.0,4154.25
IPIRANGA,LAVIEEN,LAVIEEN,804,12060,77787.0,681.0,65886.75
IPIRANGA,LAVIEEN,PRÓ-SÉRUM,146,730,9817.039999999999,0.0,0.0
IPIRANGA,MEDICINA ESTÉTICA,BOTOX LIGHT,32,960,5198.72,0.0,0.0
IPIRANGA,MEDICINA ESTÉTICA,BOTOX POWER,349,10470,107429.18,3.0,923.46
IPIRANGA,MEDICINA ESTÉTICA,DERMAROLLER,29,870,3348.92,0.0,0.0
IPIRANGA,MEDICINA ESTÉTICA,GLÚTEO MAX,14,210,1377.04,0.0,0.0
IPIRANGA,MEDICINA ESTÉTICA,PEELING QUÍMICO,106,3180,3322.04,0.0,0.0
IPIRANGA,MEDICINA ESTÉTICA,PREENCHIMENTO,238,7140,70876.40000000001,0.0,0.0
IPIRANGA,MEDICINA ESTÉTICA,PRÓ-BELLA,13,390,872.3,0.0,0.0
IPIRANGA,MEDICINA ESTÉTICA,PRÓ-LIPO,236,3540,9796.359999999999,0.0,0.0
IPIRANGA,MEDICINA ESTÉTICA,PRÓ-MESO,32,960,1466.24,0.0,0.0
IPIRANGA,MEDICINA ESTÉTICA,RADIESSE,77,2310,59380.85999999999,0.0,0.0
IPIRANGA,MEDICINA ESTÉTICA,RETOQUE,194,2910,0.0,0.0,0.0
IPIRANGA,MEDICINA ESTÉTICA,SCULPTRA,143,4290,147887.74000000002,0.0,0.0
IPIRANGA,MEDICINA ESTÉTICA,SECAGEM,89,2670,2002.5,0.0,0.0
IPIRANGA,ULTRAFORMER_III,ULTRAFORMER BRAÇO,2,90,2036.24,0.0,0.0
IPIRANGA,ULTRAFORMER_III,ULTRAFORMER FULLFACE,139,8340,102251.18000000001,0.0,0.0
IPIRANGA,ULTRAFORMER_III,ULTRAFORMER FULLFACE + PESCOÇO,8,720,8152.64,0.0,0.0
IPIRANGA,ULTRAFORMER_III,ULTRAFORMER GLUTEO,1,45,913.12,0.0,0.0
IPIRANGA,ULTRAFORMER_III,ULTRAFORMER MAÇA DO ROSTO,3,135,1261.8600000000001,0.0,0.0
IPIRANGA,ULTRAFORMER_III,ULTRAFORMER OLHOS,33,990,8022.96,0.0,0.0
IPIRANGA,ULTRAFORMER_III,ULTRAFORMER PAPADA,96,2880,24299.52,0.0,0.0
IPIRANGA,ULTRAFORMER_III,ULTRAFORMER PESCOÇO,29,1160,13430.48,0.0,0.0
ITAIM,ESTÉTICA,CARBOXITERAPIA,70,2100,1688.4,5.0,120.60000000000001
ITAIM,ESTÉTICA,CRIOLIPÓLISE,6,360,619.02,0.0,0.0
ITAIM,ESTÉTICA,DRENAGEM,473,28380,13674.43,0.0,0.0
ITAIM,ESTÉTICA,HECCUS,82,2460,1771.2,2.0,43.2
ITAIM,ESTÉTICA,HIDRATAÇÃO,36,1080,833.76,36.0,833.76
ITAIM,ESTÉTICA,LIMPEZA DE PELE,514,30840,20426.36,56.0,2225.44
ITAIM,ESTÉTICA,PEELING DE DIAMANTE,90,2700,2943.9,87.0,2845.77
ITAIM,ESTÉTICA,PRÓ- SHAPE,34,2040,1349.8000000000002,1.0,39.7
ITAIM,ESTÉTICA,RADIOFREQUÊNCIA,69,2070,1976.85,8.0,229.2
ITAIM,LAVIEEN,LAVIEEN,421,6315,40731.75,323.0,31250.25
ITAIM,LAVIEEN,PRÓ-SÉRUM,37,185,2487.8799999999997,0.0,0.0
ITAIM,MEDICINA ESTÉTICA,BOTOX LIGHT,4,120,649.84,0.0,0.0
ITAIM,MEDICINA ESTÉTICA,BOTOX POWER,101,3030,31089.82,1.0,307.82
ITAIM,MEDICINA ESTÉTICA,DERMAROLLER,9,270,1039.32,0.0,0.0
ITAIM,MEDICINA ESTÉTICA,GLÚTEO MAX,2,30,196.72,0.0,0.0
ITAIM,MEDICINA ESTÉTICA,PEELING QUÍMICO,34,1020,1065.56,0.0,0.0
ITAIM,MEDICINA ESTÉTICA,PREENCHIMENTO,57,1710,16974.600000000002,0.0,0.0
ITAIM,MEDICINA ESTÉTICA,PRÓ-BELLA,2,60,134.2,0.0,0.0
ITAIM,MEDICINA ESTÉTICA,PRÓ-LIPO,113,1695,4690.63,0.0,0.0
ITAIM,MEDICINA ESTÉTICA,PRÓ-MESO,12,360,549.84,0.0,0.0
ITAIM,MEDICINA ESTÉTICA,RADIESSE,5,150,3855.8999999999996,0.0,0.0
ITAIM,MEDICINA ESTÉTICA,RETOQUE,48,720,0.0,0.0,0.0
ITAIM,MEDICINA ESTÉTICA,SCULPTRA,46,1380,47572.280000000006,0.0,0.0
ITAIM,MEDICINA ESTÉTICA,SECAGEM,9,270,202.5,0.0,0.0
ITAIM,ULTRAFORMER_III,ULTRAFORMER FULLFACE,70,4200,51493.4,0.0,0.0
ITAIM,ULTRAFORMER_III,ULTRAFORMER FULLFACE + PESCOÇO,8,720,8152.64,0.0,0.0
ITAIM,ULTRAFORMER_III,ULTRAFORMER FULLFACE + PESCOÇO + PAPADA,1,90,1258.12,0.0,0.0
ITAIM,ULTRAFORMER_III,ULTRAFORMER INTERNO COXA,2,180,2686.24,0.0,0.0
ITAIM,ULTRAFORMER_III,ULTRAFORMER MAÇA DO ROSTO,5,225,2103.1,0.0,0.0
ITAIM,ULTRAFORMER_III,ULTRAFORMER OLHOS,11,330,2674.32,0.0,0.0
ITAIM,ULTRAFORMER_III,ULTRAFORMER PAPADA,43,1290,10884.16,0.0,0.0
ITAIM,ULTRAFORMER_III,ULTRAFORMER PESCOÇO,5,200,2315.6,0.0,0.0
JARDINS,ESTÉTICA,CARBOXITERAPIA,340,10200,8200.800000000001,39.0,940.6800000000001
JARDINS,ESTÉTICA,CRIOLIPÓLISE,297,17820,30641.49,0.0,0.0
JARDINS,ESTÉTICA,DRENAGEM,1124,67440,32494.84,0.0,0.0
JARDINS,ESTÉTICA,HECCUS,719,21570,15530.400000000001,51.0,1101.6000000000001
JARDINS,ESTÉTICA,HIDRATAÇÃO,659,19770,15262.44,654.0,15146.64
JARDINS,ESTÉTICA,LIMPEZA DE PELE,1873,112380,74433.02,319.0,12677.060000000001
JARDINS,ESTÉTICA,PEELING DE DIAMANTE,906,27180,29635.260000000002,899.0,29406.29
JARDINS,ESTÉTICA,PRÓ- SHAPE,151,9060,5994.700000000001,3.0,119.10000000000001
JARDINS,ESTÉTICA,RADIOFREQUÊNCIA,245,7350,7019.25,83.0,2377.95
JARDINS,LAVIEEN,LAVIEEN,1115,16725,107876.25,928.0,89784.0
JARDINS,LAVIEEN,PRÓ-SÉRUM,248,1240,16675.52,0.0,0.0
JARDINS,MEDICINA ESTÉTICA,BOTOX LIGHT,128,3840,20794.88,0.0,0.0
JARDINS,MEDICINA ESTÉTICA,BOTOX POWER,958,28740,294891.56,3.0,923.46
JARDINS,MEDICINA ESTÉTICA,CO2 CICATRIZ,35,350,6623.400000000001,0.0,0.0
JARDINS,MEDICINA ESTÉTICA,CO2 COLO,22,440,4713.280000000001,0.0,0.0
JARDINS,MEDICINA ESTÉTICA,CO2 MÃOS,6,60,1135.44,0.0,0.0
JARDINS,MEDICINA ESTÉTICA,CO2 OLHEIRAS,11,110,2081.6400000000003,0.0,0.0
JARDINS,MEDICINA ESTÉTICA,CO2 PESCOÇO,8,160,1713.92,0.0,0.0
JARDINS,MEDICINA ESTÉTICA,CO2 ROSTO,148,4440,36887.520000000004,0.0,0.0
JARDINS,MEDICINA ESTÉTICA,DERMAROLLER,69,2070,7968.12,0.0,0.0
JARDINS,MEDICINA ESTÉTICA,GLÚTEO MAX,5,75,491.8,0.0,0.0
JARDINS,MEDICINA ESTÉTICA,PEELING QUÍMICO,155,4650,4857.7,0.0,0.0
JARDINS,MEDICINA ESTÉTICA,PREENCHIMENTO,621,18630,184933.80000000002,0.0,0.0
JARDINS,MEDICINA ESTÉTICA,PRÓ-BELLA,19,570,1274.8999999999999,0.0,0.0
JARDINS,MEDICINA ESTÉTICA,PRÓ-FIT,2,30,111.44,0.0,0.0
JARDINS,MEDICINA ESTÉTICA,PRÓ-LIPO,696,10440,28890.96,0.0,0.0
JARDINS,MEDICINA ESTÉTICA,PRÓ-MESO,58,1740,2657.56,0.0,0.0
JARDINS,MEDICINA ESTÉTICA,RADIESSE,152,4560,117219.35999999999,0.0,0.0
JARDINS,MEDICINA ESTÉTICA,RETOQUE,305,4575,0.0,0.0,0.0
JARDINS,MEDICINA ESTÉTICA,SCULPTRA,628,18840,649465.04,0.0,0.0
JARDINS,MEDICINA ESTÉTICA,SECAGEM,133,3990,2992.5,0.0,0.0
JARDINS,MEDICINA ESTÉTICA,UP BUMBUM,3,120,15631.199999999999,0.0,0.0
JARDINS,ULTRAFORMER_III,ULTRAFORMER BRAÇO,2,90,2036.24,0.0,0.0
JARDINS,ULTRAFORMER_III,ULTRAFORMER FULLFACE,292,17520,214801.04,0.0,0.0
JARDINS,ULTRAFORMER_III,ULTRAFORMER FULLFACE + PESCOÇO,5,450,5095.400000000001,0.0,0.0
JARDINS,ULTRAFORMER_III,ULTRAFORMER FULLFACE + PESCOÇO + PAPADA,1,90,1258.12,0.0,0.0
JARDINS,ULTRAFORMER_III,ULTRAFORMER INTERNO COXA,1,90,1343.12,0.0,0.0
JARDINS,ULTRAFORMER_III,ULTRAFORMER MAÇA DO ROSTO,29,1305,12197.98,0.0,0.0
JARDINS,ULTRAFORMER_III,ULTRAFORMER OLHOS,82,2460,19935.84,0.0,0.0
JARDINS,ULTRAFORMER_III,ULTRAFORMER PAPADA,240,7200,60748.8,0.0,0.0
JARDINS,ULTRAFORMER_III,ULTRAFORMER PESCOÇO,77,3080,35660.24,0.0,0.0
LAPA,ESTÉTICA,CARBOXITERAPIA,365,10950,8803.800000000001,11.0,265.32
LAPA,ESTÉTICA,CRIOLIPÓLISE,103,6180,10626.51,0.0,0.0
LAPA,ESTÉTICA,DRENAGEM,1485,89100,42931.35,0.0,0.0
LAPA,ESTÉTICA,HECCUS,271,8130,5853.6,4.0,86.4
LAPA,ESTÉTICA,HIDRATAÇÃO,158,4740,3659.28,150.0,3474.0
LAPA,ESTÉTICA,LIMPEZA DE PELE,1220,73200,48482.8,76.0,3020.2400000000002
LAPA,ESTÉTICA,PEELING DE DIAMANTE,382,11460,12495.220000000001,374.0,12233.54
LAPA,ESTÉTICA,PRÓ- SHAPE,76,4560,3017.2000000000003,0.0,0.0
LAPA,ESTÉTICA,RADIOFREQUÊNCIA,139,4170,3982.35,30.0,859.5
LAPA,LAVIEEN,LAVIEEN,580,8700,56115.0,430.0,41602.5
LAPA,LAVIEEN,PRÓ-SÉRUM,19,95,1277.56,0.0,0.0
LAPA,MEDICINA ESTÉTICA,BOTOX LIGHT,26,780,4223.96,0.0,0.0
LAPA,MEDICINA ESTÉTICA,BOTOX POWER,285,8550,87728.7,8.0,2462.56
LAPA,MEDICINA ESTÉTICA,DERMAROLLER,68,2040,7852.64,0.0,0.0
LAPA,MEDICINA ESTÉTICA,ENZIMA MELASMA,32,960,1635.84,0.0,0.0
LAPA,MEDICINA ESTÉTICA,GLÚTEO MAX,1,15,98.36,0.0,0.0
LAPA,MEDICINA ESTÉTICA,PEELING QUÍMICO,130,3900,4074.2,0.0,0.0
LAPA,MEDICINA ESTÉTICA,PREENCHIMENTO,208,6240,61942.4,0.0,0.0
LAPA,MEDICINA ESTÉTICA,PRÓ-BELLA,14,420,939.3999999999999,0.0,0.0
LAPA,MEDICINA ESTÉTICA,PRÓ-LIPO,254,3810,10543.539999999999,0.0,0.0
LAPA,MEDICINA ESTÉTICA,PRÓ-MESO,49,1470,2245.18,0.0,0.0
LAPA,MEDICINA ESTÉTICA,RADIESSE,14,420,10796.519999999999,0.0,0.0
LAPA,MEDICINA ESTÉTICA,RETOQUE,231,3465,0.0,0.0,0.0
LAPA,MEDICINA ESTÉTICA,SCULPTRA,119,3570,123067.42000000001,0.0,0.0
LAPA,MEDICINA ESTÉTICA,SECAGEM,95,2850,2137.5,0.0,0.0
LAPA,ULTRAFORMER_III,ULTRAFORMER BRAÇO,3,135,3054.36,0.0,0.0
LAPA,ULTRAFORMER_III,ULTRAFORMER FULLFACE,100,6000,73562.0,0.0,0.0
LAPA,ULTRAFORMER_III,ULTRAFORMER FULLFACE + PESCOÇO,11,990,11209.880000000001,0.0,0.0
LAPA,ULTRAFORMER_III,ULTRAFORMER FULLFACE + PESCOÇO + PAPADA,3,270,3774.3599999999997,0.0,0.0
LAPA,ULTRAFORMER_III,ULTRAFORMER MAÇA DO ROSTO,6,270,2523.7200000000003,0.0,0.0
LAPA,ULTRAFORMER_III,ULTRAFORMER OLHOS,30,900,7293.6,0.0,0.0
LAPA,ULTRAFORMER_III,ULTRAFORMER PAPADA,70,2100,17718.4,0.0,0.0
LAPA,ULTRAFORMER_III,ULTRAFORMER PESCOÇO,11,440,5094.32,0.0,0.0
LONDRINA,ESTÉTICA,CARBOXITERAPIA,269,8070,6488.280000000001,8.0,192.96
LONDRINA,ESTÉTICA,CRIOLIPÓLISE,32,1920,3301.44,0.0,0.0
LONDRINA,ESTÉTICA,DRENAGEM,284,17040,8210.44,0.0,0.0
LONDRINA,ESTÉTICA,HECCUS,69,2070,1490.4,0.0,0.0
LONDRINA,ESTÉTICA,HIDRATAÇÃO,76,2280,1760.16,68.0,1574.88
LONDRINA,ESTÉTICA,LIMPEZA DE PELE,679,40740,26983.460000000003,108.0,4291.92
LONDRINA,ESTÉTICA,PEELING DE DIAMANTE,454,13620,14850.34,446.0,14588.66
LONDRINA,ESTÉTICA,PRÓ- SHAPE,136,8160,5399.200000000001,0.0,0.0
LONDRINA,ESTÉTICA,RADIOFREQUÊNCIA,173,5190,4956.45,86.0,2463.9
LONDRINA,LAVIEEN,LAVIEEN,954,14310,92299.5,679.0,65693.25
LONDRINA,LAVIEEN,PRÓ-SÉRUM,36,180,2420.64,0.0,0.0
LONDRINA,MEDICINA ESTÉTICA,BOTOX LIGHT,20,600,3249.2000000000003,0.0,0.0
LONDRINA,MEDICINA ESTÉTICA,BOTOX POWER,365,10950,112354.3,5.0,1539.1
LONDRINA,MEDICINA ESTÉTICA,CO2 COLO,1,20,214.24,0.0,0.0
LONDRINA,MEDICINA ESTÉTICA,CO2 OLHEIRAS,1,10,189.24,0.0,0.0
LONDRINA,MEDICINA ESTÉTICA,CO2 PESCOÇO,3,60,642.72,0.0,0.0
LONDRINA,MEDICINA ESTÉTICA,CO2 ROSTO,12,360,2990.88,0.0,0.0
LONDRINA,MEDICINA ESTÉTICA,DERMAROLLER,5,150,577.4,0.0,0.0
LONDRINA,MEDICINA ESTÉTICA,ENZIMA MELASMA,1,30,51.12,0.0,0.0
LONDRINA,MEDICINA ESTÉTICA,GLÚTEO MAX,6,90,590.16,0.0,0.0
LONDRINA,MEDICINA ESTÉTICA,PEELING QUÍMICO,12,360,376.08,0.0,0.0
LONDRINA,MEDICINA ESTÉTICA,PREENCHIMENTO,139,4170,41394.200000000004,0.0,0.0
LONDRINA,MEDICINA ESTÉTICA,PRÓ-BELLA,2,60,134.2,0.0,0.0
LONDRINA,MEDICINA ESTÉTICA,PRÓ-LIPO,49,735,2033.99,0.0,0.0
LONDRINA,MEDICINA ESTÉTICA,PRÓ-MESO,7,210,320.74,0.0,0.0
LONDRINA,MEDICINA ESTÉTICA,RADIESSE,9,270,6940.62,0.0,0.0
LONDRINA,MEDICINA ESTÉTICA,RETOQUE,4,60,0.0,0.0,0.0
LONDRINA,MEDICINA ESTÉTICA,SCULPTRA,74,2220,76529.32,0.0,0.0
LONDRINA,MEDICINA ESTÉTICA,SECAGEM,43,1290,967.5,0.0,0.0
LONDRINA,ULTRAFORMER_III,ULTRAFORMER BRAÇO,1,45,1018.12,0.0,0.0
LONDRINA,ULTRAFORMER_III,ULTRAFORMER FULLFACE,117,7020,86067.54,0.0,0.0
LONDRINA,ULTRAFORMER_III,ULTRAFORMER FULLFACE + PESCOÇO,26,2340,26496.08,0.0,0.0
LONDRINA,ULTRAFORMER_III,ULTRAFORMER MAÇA DO ROSTO,25,1125,10515.5,0.0,0.0
LONDRINA,ULTRAFORMER_III,ULTRAFORMER OLHOS,13,390,3160.56,0.0,0.0
LONDRINA,ULTRAFORMER_III,ULTRAFORMER PAPADA,105,3150,26577.600000000002,0.0,0.0
LONDRINA,ULTRAFORMER_III,ULTRAFORMER PESCOÇO,6,240,2778.7200000000003,0.0,0.0
MOEMA,ESTÉTICA,CARBOXITERAPIA,256,7680,6174.72,9.0,217.08
MOEMA,ESTÉTICA,CRIOLIPÓLISE,41,2460,4229.97,0.0,0.0
MOEMA,ESTÉTICA,DRENAGEM,586,35160,16941.26,0.0,0.0
MOEMA,ESTÉTICA,HECCUS,393,11790,8488.800000000001,23.0,496.8
MOEMA,ESTÉTICA,HIDRATAÇÃO,68,2040,1574.88,68.0,1574.88
MOEMA,ESTÉTICA,LIMPEZA DE PELE,696,41760,27659.04,113.0,4490.62
MOEMA,ESTÉTICA,PEELING DE DIAMANTE,298,8940,9747.58,297.0,9714.87
MOEMA,ESTÉTICA,PRÓ- SHAPE,147,8820,5835.900000000001,3.0,119.10000000000001
MOEMA,ESTÉTICA,RADIOFREQUÊNCIA,139,4170,3982.35,60.0,1719.0
MOEMA,LAVIEEN,LAVIEEN,1165,17475,112713.75,1074.0,103909.5
MOEMA,LAVIEEN,PRÓ-SÉRUM,148,740,9951.519999999999,0.0,0.0
MOEMA,MEDICINA ESTÉTICA,BOTOX LIGHT,57,1710,9260.220000000001,0.0,0.0
MOEMA,MEDICINA ESTÉTICA,BOTOX POWER,468,14040,144059.76,4.0,1231.28
MOEMA,MEDICINA ESTÉTICA,DERMAROLLER,52,1560,6004.96,0.0,0.0
MOEMA,MEDICINA ESTÉTICA,GLÚTEO MAX,1,15,98.36,0.0,0.0
MOEMA,MEDICINA ESTÉTICA,PEELING QUÍMICO,121,3630,3792.14,0.0,0.0
MOEMA,MEDICINA ESTÉTICA,PREENCHIMENTO,304,9120,90531.2,0.0,0.0
MOEMA,MEDICINA ESTÉTICA,PRÓ-BELLA,21,630,1409.1,0.0,0.0
MOEMA,MEDICINA ESTÉTICA,PRÓ-LIPO,246,3690,10211.46,0.0,0.0
MOEMA,MEDICINA ESTÉTICA,PRÓ-MESO,55,1650,2520.1,0.0,0.0
MOEMA,MEDICINA ESTÉTICA,RADIESSE,28,840,21593.039999999997,0.0,0.0
MOEMA,MEDICINA ESTÉTICA,RETOQUE,370,5550,0.0,0.0,0.0
MOEMA,MEDICINA ESTÉTICA,SCULPTRA,273,8190,282331.14,0.0,0.0
MOEMA,MEDICINA ESTÉTICA,SECAGEM,59,1770,1327.5,0.0,0.0
MOEMA,ULTRAFORMER_III,ULTRAFORMER FULLFACE,263,15780,193468.06,0.0,0.0
MOEMA,ULTRAFORMER_III,ULTRAFORMER FULLFACE + PESCOÇO,39,3510,39744.12,0.0,0.0
MOEMA,ULTRAFORMER_III,ULTRAFORMER FULLFACE + PESCOÇO + PAPADA,6,540,7548.719999999999,0.0,0.0
MOEMA,ULTRAFORMER_III,ULTRAFORMER GLUTEO,2,90,1826.24,0.0,0.0
MOEMA,ULTRAFORMER_III,ULTRAFORMER INTERNO COXA,14,1260,18803.68,0.0,0.0
MOEMA,ULTRAFORMER_III,ULTRAFORMER MAÇA DO ROSTO,9,405,3785.58,0.0,0.0
MOEMA,ULTRAFORMER_III,ULTRAFORMER OLHOS,40,1200,9724.8,0.0,0.0
MOEMA,ULTRAFORMER_III,ULTRAFORMER PAPADA,153,4590,38727.36,0.0,0.0
MOEMA,ULTRAFORMER_III,ULTRAFORMER PESCOÇO,34,1360,15746.08,0.0,0.0
MOOCA,ESTÉTICA,CARBOXITERAPIA,113,3390,2725.56,6.0,144.72
MOOCA,ESTÉTICA,CRIOLIPÓLISE,28,1680,2888.76,0.0,0.0
MOOCA,ESTÉTICA,DRENAGEM,434,26040,12546.94,0.0,0.0
MOOCA,ESTÉTICA,HECCUS,159,4770,3434.4,4.0,86.4
MOOCA,ESTÉTICA,HIDRATAÇÃO,71,2130,1644.36,71.0,1644.36
MOOCA,ESTÉTICA,LIMPEZA DE PELE,549,32940,21817.260000000002,114.0,4530.360000000001
MOOCA,ESTÉTICA,PEELING DE DIAMANTE,254,7620,8308.34,252.0,8242.92
MOOCA,ESTÉTICA,PRÓ- SHAPE,44,2640,1746.8000000000002,5.0,198.5
MOOCA,ESTÉTICA,RADIOFREQUÊNCIA,52,1560,1489.8,38.0,1088.7
MOOCA,LAVIEEN,LAVIEEN,478,7170,46246.5,357.0,34539.75
MOOCA,LAVIEEN,PRÓ-SÉRUM,36,180,2420.64,0.0,0.0
MOOCA,MEDICINA ESTÉTICA,BOTOX LIGHT,8,240,1299.68,0.0,0.0
MOOCA,MEDICINA ESTÉTICA,BOTOX POWER,80,2400,24625.6,0.0,0.0
MOOCA,MEDICINA ESTÉTICA,DERMAROLLER,10,300,1154.8,0.0,0.0
MOOCA,MEDICINA ESTÉTICA,ENZIMA MELASMA,1,30,51.12,0.0,0.0
MOOCA,MEDICINA ESTÉTICA,GLÚTEO MAX,2,30,196.72,0.0,0.0
MOOCA,MEDICINA ESTÉTICA,PEELING QUÍMICO,42,1260,1316.28,0.0,0.0
MOOCA,MEDICINA ESTÉTICA,PREENCHIMENTO,89,2670,26504.2,0.0,0.0
MOOCA,MEDICINA ESTÉTICA,PRÓ-BELLA,12,360,805.1999999999999,0.0,0.0
MOOCA,MEDICINA ESTÉTICA,PRÓ-LIPO,126,1890,5230.259999999999,0.0,0.0
MOOCA,MEDICINA ESTÉTICA,PRÓ-MESO,12,360,549.84,0.0,0.0
MOOCA,MEDICINA ESTÉTICA,RADIESSE,7,210,5398.259999999999,0.0,0.0
MOOCA,MEDICINA ESTÉTICA,RETOQUE,34,510,0.0,0.0,0.0
MOOCA,MEDICINA ESTÉTICA,SCULPTRA,77,2310,79631.86,0.0,0.0
MOOCA,MEDICINA ESTÉTICA,SECAGEM,17,510,382.5,0.0,0.0
MOOCA,ULTRAFORMER_III,ULTRAFORMER FULLFACE,70,4200,51493.4,0.0,0.0
MOOCA,ULTRAFORMER_III,ULTRAFORMER FULLFACE + PESCOÇO,1,90,1019.08,0.0,0.0
MOOCA,ULTRAFORMER_III,ULTRAFORMER FULLFACE + PESCOÇO + PAPADA,1,90,1258.12,0.0,0.0
MOOCA,ULTRAFORMER_III,ULTRAFORMER MAÇA DO ROSTO,7,315,2944.34,0.0,0.0
MOOCA,ULTRAFORMER_III,ULTRAFORMER OLHOS,11,330,2674.32,0.0,0.0
MOOCA,ULTRAFORMER_III,ULTRAFORMER PAPADA,50,1500,12656.0,0.0,0.0
MOOCA,ULTRAFORMER_III,ULTRAFORMER PESCOÇO,14,560,6483.68,0.0,0.0
OSASCO,ESTÉTICA,CARBOXITERAPIA,161,4830,3883.32,8.0,192.96
OSASCO,ESTÉTICA,CRIOLIPÓLISE,102,6120,10523.34,0.0,0.0
OSASCO,ESTÉTICA,DRENAGEM,731,43860,21133.21,0.0,0.0
OSASCO,ESTÉTICA,HECCUS,95,2850,2052.0,6.0,129.60000000000002
OSASCO,ESTÉTICA,HIDRATAÇÃO,73,2190,1690.68,73.0,1690.68
OSASCO,ESTÉTICA,LIMPEZA DE PELE,802,48120,31871.480000000003,132.0,5245.68
OSASCO,ESTÉTICA,PEELING DE DIAMANTE,643,19290,21032.53,640.0,20934.4
OSASCO,ESTÉTICA,PRÓ- SHAPE,46,2760,1826.2,1.0,39.7
OSASCO,ESTÉTICA,RADIOFREQUÊNCIA,84,2520,2406.6,28.0,802.1999999999999
OSASCO,LAVIEEN,LAVIEEN,797,11955,77109.75,628.0,60759.0
OSASCO,LAVIEEN,PRÓ-SÉRUM,134,670,9010.16,0.0,0.0
OSASCO,MEDICINA ESTÉTICA,BOTOX LIGHT,13,390,2111.98,0.0,0.0
OSASCO,MEDICINA ESTÉTICA,BOTOX POWER,165,4950,50790.299999999996,0.0,0.0
OSASCO,MEDICINA ESTÉTICA,DERMAROLLER,17,510,1963.16,0.0,0.0
OSASCO,MEDICINA ESTÉTICA,ENZIMA MELASMA,1,30,51.12,0.0,0.0
OSASCO,MEDICINA ESTÉTICA,GLÚTEO MAX,6,90,590.16,0.0,0.0
OSASCO,MEDICINA ESTÉTICA,PEELING QUÍMICO,66,1980,2068.44,0.0,0.0
OSASCO,MEDICINA ESTÉTICA,PREENCHIMENTO,151,4530,44967.8,0.0,0.0
OSASCO,MEDICINA ESTÉTICA,PRÓ-BELLA,2,60,134.2,0.0,0.0
OSASCO,MEDICINA ESTÉTICA,PRÓ-LIPO,137,2055,5686.87,0.0,0.0
OSASCO,MEDICINA ESTÉTICA,PRÓ-MESO,8,240,366.56,0.0,0.0
OSASCO,MEDICINA ESTÉTICA,RADIESSE,9,270,6940.62,0.0,0.0
OSASCO,MEDICINA ESTÉTICA,RETOQUE,97,1455,0.0,0.0,0.0
OSASCO,MEDICINA ESTÉTICA,SCULPTRA,65,1950,67221.7,0.0,0.0
OSASCO,MEDICINA ESTÉTICA,SECAGEM,62,1860,1395.0,0.0,0.0
OSASCO,ULTRAFORMER_III,ULTRAFORMER FULLFACE,65,3900,47815.3,0.0,0.0
OSASCO,ULTRAFORMER_III,ULTRAFORMER FULLFACE + PESCOÇO,4,360,4076.32,0.0,0.0
OSASCO,ULTRAFORMER_III,ULTRAFORMER MAÇA DO ROSTO,6,270,2523.7200000000003,0.0,0.0
OSASCO,ULTRAFORMER_III,ULTRAFORMER OLHOS,33,990,8022.96,0.0,0.0
OSASCO,ULTRAFORMER_III,ULTRAFORMER PAPADA,53,1590,13415.36,0.0,0.0
OSASCO,ULTRAFORMER_III,ULTRAFORMER PESCOÇO,2,80,926.24,0.0,0.0
RIBEIRÃO PRETO,ESTÉTICA,CARBOXITERAPIA,47,1410,1133.64,2.0,48.24
RIBEIRÃO PRETO,ESTÉTICA,CRIOLIPÓLISE,15,900,1547.55,0.0,0.0
RIBEIRÃO PRETO,ESTÉTICA,DRENAGEM,157,9420,4538.87,0.0,0.0
RIBEIRÃO PRETO,ESTÉTICA,HECCUS,44,1320,950.4000000000001,2.0,43.2
RIBEIRÃO PRETO,ESTÉTICA,HIDRATAÇÃO,27,810,625.32,27.0,625.32
RIBEIRÃO PRETO,ESTÉTICA,LIMPEZA DE PELE,242,14520,9617.08,65.0,2583.1
RIBEIRÃO PRETO,ESTÉTICA,PEELING DE DIAMANTE,270,8100,8831.7,262.0,8570.02
RIBEIRÃO PRETO,ESTÉTICA,PRÓ- SHAPE,54,3240,2143.8,0.0,0.0
RIBEIRÃO PRETO,ESTÉTICA,RADIOFREQUÊNCIA,28,840,802.1999999999999,8.0,229.2
RIBEIRÃO PRETO,LAVIEEN,LAVIEEN,414,6210,40054.5,278.0,26896.5
RIBEIRÃO PRETO,LAVIEEN,PRÓ-SÉRUM,29,145,1949.9599999999998,0.0,0.0
RIBEIRÃO PRETO,MEDICINA ESTÉTICA,BOTOX LIGHT,1,30,162.46,0.0,0.0
RIBEIRÃO PRETO,MEDICINA ESTÉTICA,BOTOX POWER,78,2340,24009.96,0.0,0.0
RIBEIRÃO PRETO,MEDICINA ESTÉTICA,CO2 CICATRIZ,1,10,189.24,0.0,0.0
RIBEIRÃO PRETO,MEDICINA ESTÉTICA,CO2 ROSTO,4,120,996.96,0.0,0.0
RIBEIRÃO PRETO,MEDICINA ESTÉTICA,GLÚTEO MAX,2,30,196.72,0.0,0.0
RIBEIRÃO PRETO,MEDICINA ESTÉTICA,PEELING QUÍMICO,8,240,250.72,0.0,0.0
RIBEIRÃO PRETO,MEDICINA ESTÉTICA,PREENCHIMENTO,70,2100,20846.0,0.0,0.0
RIBEIRÃO PRETO,MEDICINA ESTÉTICA,PRÓ-BELLA,32,960,2147.2,0.0,0.0
RIBEIRÃO PRETO,MEDICINA ESTÉTICA,PRÓ-LIPO,108,1620,4483.08,0.0,0.0
RIBEIRÃO PRETO,MEDICINA ESTÉTICA,PRÓ-MESO,12,360,549.84,0.0,0.0
RIBEIRÃO PRETO,MEDICINA ESTÉTICA,RADIESSE,24,720,18508.32,0.0,0.0
RIBEIRÃO PRETO,MEDICINA ESTÉTICA,RETOQUE,46,690,0.0,0.0,0.0
RIBEIRÃO PRETO,MEDICINA ESTÉTICA,SCULPTRA,45,1350,46538.100000000006,0.0,0.0
RIBEIRÃO PRETO,MEDICINA ESTÉTICA,SECAGEM,17,510,382.5,0.0,0.0
RIBEIRÃO PRETO,ULTRAFORMER_III,ULTRAFORMER BRAÇO,4,180,4072.48,0.0,0.0
RIBEIRÃO PRETO,ULTRAFORMER_III,ULTRAFORMER FULLFACE,51,3060,37516.62,0.0,0.0
RIBEIRÃO PRETO,ULTRAFORMER_III,ULTRAFORMER FULLFACE + PESCOÇO,2,180,2038.16,0.0,0.0
RIBEIRÃO PRETO,ULTRAFORMER_III,ULTRAFORMER MAÇA DO ROSTO,1,45,420.62,0.0,0.0
RIBEIRÃO PRETO,ULTRAFORMER_III,ULTRAFORMER OLHOS,8,240,1944.96,0.0,0.0
RIBEIRÃO PRETO,ULTRAFORMER_III,ULTRAFORMER PAPADA,27,810,6834.24,0.0,0.0
RIBEIRÃO PRETO,ULTRAFORMER_III,ULTRAFORMER PESCOÇO,10,400,4631.2,0.0,0.0
SANTO AMARO,ESTÉTICA,CARBOXITERAPIA,263,7890,6343.56,21.0,506.52000000000004
SANTO AMARO,ESTÉTICA,CRIOLIPÓLISE,171,10260,17642.07,0.0,0.0
SANTO AMARO,ESTÉTICA,DRENAGEM,799,47940,23099.09,0.0,0.0
SANTO AMARO,ESTÉTICA,HECCUS,248,7440,5356.8,11.0,237.60000000000002
SANTO AMARO,ESTÉTICA,HIDRATAÇÃO,244,7320,5651.04,244.0,5651.04
SANTO AMARO,ESTÉTICA,LIMPEZA DE PELE,1244,74640,49436.560000000005,96.0,3815.04
SANTO AMARO,ESTÉTICA,PEELING DE DIAMANTE,915,27450,29929.65,914.0,29896.940000000002
SANTO AMARO,ESTÉTICA,PRÓ- SHAPE,129,7740,5121.3,4.0,158.8
SANTO AMARO,ESTÉTICA,RADIOFREQUÊNCIA,162,4860,4641.3,47.0,1346.55
SANTO AMARO,LAVIEEN,LAVIEEN,746,11190,72175.5,490.0,47407.5
SANTO AMARO,LAVIEEN,PRÓ-SÉRUM,125,625,8405.0,0.0,0.0
SANTO AMARO,MEDICINA ESTÉTICA,BOTOX LIGHT,62,1860,10072.52,0.0,0.0
SANTO AMARO,MEDICINA ESTÉTICA,BOTOX POWER,360,10800,110815.2,5.0,1539.1
SANTO AMARO,MEDICINA ESTÉTICA,CO2 COLO,6,120,1285.44,0.0,0.0
SANTO AMARO,MEDICINA ESTÉTICA,CO2 MÃOS,7,70,1324.68,0.0,0.0
SANTO AMARO,MEDICINA ESTÉTICA,CO2 OLHEIRAS,2,20,378.48,0.0,0.0
SANTO AMARO,MEDICINA ESTÉTICA,CO2 PESCOÇO,1,20,214.24,0.0,0.0
SANTO AMARO,MEDICINA ESTÉTICA,CO2 ROSTO,21,630,5234.04,0.0,0.0
SANTO AMARO,MEDICINA ESTÉTICA,DERMAROLLER,115,3450,13280.2,0.0,0.0
SANTO AMARO,MEDICINA ESTÉTICA,ENZIMA MELASMA,56,1680,2862.72,0.0,0.0
SANTO AMARO,MEDICINA ESTÉTICA,GLÚTEO MAX,10,150,983.6,0.0,0.0
SANTO AMARO,MEDICINA ESTÉTICA,PEELING QUÍMICO,344,10320,10780.96,0.0,0.0
SANTO AMARO,MEDICINA ESTÉTICA,PREENCHIMENTO,304,9120,90531.2,0.0,0.0
SANTO AMARO,MEDICINA ESTÉTICA,PRÓ-BELLA,30,900,2012.9999999999998,0.0,0.0
SANTO AMARO,MEDICINA ESTÉTICA,PRÓ-FIT,1,15,55.72,0.0,0.0
SANTO AMARO,MEDICINA ESTÉTICA,PRÓ-LIPO,304,4560,12619.039999999999,0.0,0.0
SANTO AMARO,MEDICINA ESTÉTICA,PRÓ-MESO,108,3240,4948.56,0.0,0.0
SANTO AMARO,MEDICINA ESTÉTICA,RADIESSE,48,1440,37016.64,0.0,0.0
SANTO AMARO,MEDICINA ESTÉTICA,RETOQUE,236,3540,0.0,0.0,0.0
SANTO AMARO,MEDICINA ESTÉTICA,SCULPTRA,156,4680,161332.08000000002,0.0,0.0
SANTO AMARO,MEDICINA ESTÉTICA,SECAGEM,80,2400,1800.0,0.0,0.0
SANTO AMARO,ULTRAFORMER_III,ULTRAFORMER BRAÇO,2,90,2036.24,0.0,0.0
SANTO AMARO,ULTRAFORMER_III,ULTRAFORMER FULLFACE,103,6180,75768.86,0.0,0.0
SANTO AMARO,ULTRAFORMER_III,ULTRAFORMER FULLFACE + PESCOÇO,4,360,4076.32,0.0,0.0
SANTO AMARO,ULTRAFORMER_III,ULTRAFORMER FULLFACE + PESCOÇO + PAPADA,2,180,2516.24,0.0,0.0
SANTO AMARO,ULTRAFORMER_III,ULTRAFORMER GLUTEO,1,45,913.12,0.0,0.0
SANTO AMARO,ULTRAFORMER_III,ULTRAFORMER MAÇA DO ROSTO,18,810,7571.16,0.0,0.0
SANTO AMARO,ULTRAFORMER_III,ULTRAFORMER OLHOS,41,1230,9967.92,0.0,0.0
SANTO AMARO,ULTRAFORMER_III,ULTRAFORMER PAPADA,92,2760,23287.04,0.0,0.0
SANTO AMARO,ULTRAFORMER_III,ULTRAFORMER PESCOÇO,25,1000,11578.0,0.0,0.0
SANTOS,ESTÉTICA,CARBOXITERAPIA,379,11370,9141.48,21.0,506.52000000000004
SANTOS,ESTÉTICA,CRIOLIPÓLISE,139,8340,14340.630000000001,0.0,0.0
SANTOS,ESTÉTICA,DRENAGEM,1111,66660,32119.01,0.0,0.0
SANTOS,ESTÉTICA,HECCUS,247,7410,5335.200000000001,17.0,367.20000000000005
SANTOS,ESTÉTICA,HIDRATAÇÃO,158,4740,3659.28,157.0,3636.12
SANTOS,ESTÉTICA,LIMPEZA DE PELE,873,52380,34693.020000000004,170.0,6755.8
SANTOS,ESTÉTICA,PEELING DE DIAMANTE,470,14100,15373.7,458.0,14981.18
SANTOS,ESTÉTICA,PRÓ- SHAPE,59,3540,2342.3,1.0,39.7
SANTOS,ESTÉTICA,RADIOFREQUÊNCIA,318,9540,9110.699999999999,75.0,2148.75
SANTOS,LAVIEEN,LAVIEEN,727,10905,70337.25,522.0,50503.5
SANTOS,LAVIEEN,PRÓ-SÉRUM,5,25,336.2,0.0,0.0
SANTOS,MEDICINA ESTÉTICA,BOTOX LIGHT,33,990,5361.18,0.0,0.0
SANTOS,MEDICINA ESTÉTICA,BOTOX POWER,353,10590,108660.45999999999,4.0,1231.28
SANTOS,MEDICINA ESTÉTICA,DERMAROLLER,21,630,2425.08,0.0,0.0
SANTOS,MEDICINA ESTÉTICA,GLÚTEO MAX,6,90,590.16,0.0,0.0
SANTOS,MEDICINA ESTÉTICA,PEELING QUÍMICO,79,2370,2475.86,0.0,0.0
SANTOS,MEDICINA ESTÉTICA,PREENCHIMENTO,308,9240,91722.40000000001,0.0,0.0
SANTOS,MEDICINA ESTÉTICA,PRÓ-BELLA,6,180,402.59999999999997,0.0,0.0
SANTOS,MEDICINA ESTÉTICA,PRÓ-LIPO,187,2805,7762.37,0.0,0.0
SANTOS,MEDICINA ESTÉTICA,PRÓ-MESO,37,1110,1695.34,0.0,0.0
SANTOS,MEDICINA ESTÉTICA,RADIESSE,32,960,24677.76,0.0,0.0
SANTOS,MEDICINA ESTÉTICA,RETOQUE,226,3390,0.0,0.0,0.0
SANTOS,MEDICINA ESTÉTICA,SCULPTRA,79,2370,81700.22,0.0,0.0
SANTOS,MEDICINA ESTÉTICA,SECAGEM,77,2310,1732.5,0.0,0.0
SANTOS,ULTRAFORMER_III,ULTRAFORMER BRAÇO,2,90,2036.24,0.0,0.0
SANTOS,ULTRAFORMER_III,ULTRAFORMER FULLFACE,94,5640,69148.28,0.0,0.0
SANTOS,ULTRAFORMER_III,ULTRAFORMER FULLFACE + PESCOÇO,6,540,6114.4800000000005,0.0,0.0
SANTOS,ULTRAFORMER_III,ULTRAFORMER MAÇA DO ROSTO,3,135,1261.8600000000001,0.0,0.0
SANTOS,ULTRAFORMER_III,ULTRAFORMER OLHOS,18,540,4376.16,0.0,0.0
SANTOS,ULTRAFORMER_III,ULTRAFORMER PAPADA,65,1950,16452.8,0.0,0.0
SANTOS,ULTRAFORMER_III,ULTRAFORMER PESCOÇO,15,600,6946.8,0.0,0.0
SOROCABA,ESTÉTICA,CARBOXITERAPIA,82,2460,1977.8400000000001,0.0,0.0
SOROCABA,ESTÉTICA,CRIOLIPÓLISE,24,1440,2476.08,0.0,0.0
SOROCABA,ESTÉTICA,DRENAGEM,434,26040,12546.94,0.0,0.0
SOROCABA,ESTÉTICA,HECCUS,54,1620,1166.4,3.0,64.80000000000001
SOROCABA,ESTÉTICA,HIDRATAÇÃO,65,1950,1505.4,65.0,1505.4
SOROCABA,ESTÉTICA,LIMPEZA DE PELE,616,36960,24479.84,89.0,3536.86
SOROCABA,ESTÉTICA,PEELING DE DIAMANTE,544,16320,17794.24,541.0,17696.11
SOROCABA,ESTÉTICA,PRÓ- SHAPE,76,4560,3017.2000000000003,1.0,39.7
SOROCABA,ESTÉTICA,RADIOFREQUÊNCIA,119,3570,3409.35,83.0,2377.95
SOROCABA,LAVIEEN,LAVIEEN,709,10635,68595.75,532.0,51471.0
SOROCABA,LAVIEEN,PRÓ-SÉRUM,3,15,201.71999999999997,0.0,0.0
SOROCABA,MEDICINA ESTÉTICA,BOTOX LIGHT,30,900,4873.8,0.0,0.0
SOROCABA,MEDICINA ESTÉTICA,BOTOX POWER,206,6180,63410.92,1.0,307.82
SOROCABA,MEDICINA ESTÉTICA,DERMAROLLER,9,270,1039.32,0.0,0.0
SOROCABA,MEDICINA ESTÉTICA,ENZIMA MELASMA,18,540,920.16,0.0,0.0
SOROCABA,MEDICINA ESTÉTICA,GLÚTEO MAX,11,165,1081.96,0.0,0.0
SOROCABA,MEDICINA ESTÉTICA,PEELING QUÍMICO,48,1440,1504.32,0.0,0.0
SOROCABA,MEDICINA ESTÉTICA,PREENCHIMENTO,104,3120,30971.2,0.0,0.0
SOROCABA,MEDICINA ESTÉTICA,PRÓ-BELLA,1,30,67.1,0.0,0.0
SOROCABA,MEDICINA ESTÉTICA,PRÓ-LIPO,131,1965,5437.8099999999995,0.0,0.0
SOROCABA,MEDICINA ESTÉTICA,PRÓ-MESO,15,450,687.3,0.0,0.0
SOROCABA,MEDICINA ESTÉTICA,RADIESSE,29,870,22364.219999999998,0.0,0.0
SOROCABA,MEDICINA ESTÉTICA,RETOQUE,98,1470,0.0,0.0,0.0
SOROCABA,MEDICINA ESTÉTICA,SCULPTRA,73,2190,75495.14,0.0,0.0
SOROCABA,MEDICINA ESTÉTICA,SECAGEM,42,1260,945.0,0.0,0.0
SOROCABA,ULTRAFORMER_III,ULTRAFORMER FULLFACE,77,4620,56642.74,0.0,0.0
SOROCABA,ULTRAFORMER_III,ULTRAFORMER FULLFACE + PESCOÇO,7,630,7133.56,0.0,0.0
SOROCABA,ULTRAFORMER_III,ULTRAFORMER FULLFACE + PESCOÇO + PAPADA,1,90,1258.12,0.0,0.0
SOROCABA,ULTRAFORMER_III,ULTRAFORMER GLUTEO,2,90,1826.24,0.0,0.0
SOROCABA,ULTRAFORMER_III,ULTRAFORMER MAÇA DO ROSTO,10,450,4206.2,0.0,0.0
SOROCABA,ULTRAFORMER_III,ULTRAFORMER OLHOS,19,570,4619.28,0.0,0.0
SOROCABA,ULTRAFORMER_III,ULTRAFORMER PAPADA,30,900,7593.6,0.0,0.0
SOROCABA,ULTRAFORMER_III,ULTRAFORMER PESCOÇO,7,280,3241.84,0.0,0.0
SÃO BERNARDO,ESTÉTICA,CARBOXITERAPIA,11,330,265.32,0.0,0.0
SÃO BERNARDO,ESTÉTICA,CRIOLIPÓLISE,6,360,619.02,0.0,0.0
SÃO BERNARDO,ESTÉTICA,DRENAGEM,41,2460,1185.31,0.0,0.0
SÃO BERNARDO,ESTÉTICA,HECCUS,30,900,648.0,0.0,0.0
SÃO BERNARDO,ESTÉTICA,HIDRATAÇÃO,6,180,138.96,6.0,138.96
SÃO BERNARDO,ESTÉTICA,LIMPEZA DE PELE,77,4620,3059.98,13.0,516.62
SÃO BERNARDO,ESTÉTICA,PEELING DE DIAMANTE,35,1050,1144.8500000000001,35.0,1144.8500000000001
SÃO BERNARDO,ESTÉTICA,PRÓ- SHAPE,17,1020,674.9000000000001,0.0,0.0
SÃO BERNARDO,ESTÉTICA,RADIOFREQUÊNCIA,7,210,200.54999999999998,0.0,0.0
SÃO BERNARDO,LAVIEEN,LAVIEEN,22,330,2128.5,17.0,1644.75
SÃO BERNARDO,LAVIEEN,PRÓ-SÉRUM,5,25,336.2,0.0,0.0
SÃO BERNARDO,MEDICINA ESTÉTICA,BOTOX POWER,14,420,4309.48,0.0,0.0
SÃO BERNARDO,MEDICINA ESTÉTICA,DERMAROLLER,1,30,115.48,0.0,0.0
SÃO BERNARDO,MEDICINA ESTÉTICA,PEELING QUÍMICO,4,120,125.36,0.0,0.0
SÃO BERNARDO,MEDICINA ESTÉTICA,PREENCHIMENTO,17,510,5062.6,0.0,0.0
SÃO BERNARDO,MEDICINA ESTÉTICA,PRÓ-LIPO,26,390,1079.26,0.0,0.0
SÃO BERNARDO,MEDICINA ESTÉTICA,RETOQUE,8,120,0.0,0.0,0.0
SÃO BERNARDO,MEDICINA ESTÉTICA,SCULPTRA,4,120,4136.72,0.0,0.0
SÃO BERNARDO,MEDICINA ESTÉTICA,SECAGEM,5,150,112.5,0.0,0.0
SÃO BERNARDO,ULTRAFORMER_III,ULTRAFORMER FULLFACE,5,300,3678.1,0.0,0.0
SÃO BERNARDO,ULTRAFORMER_III,ULTRAFORMER OLHOS,1,30,243.12,0.0,0.0
TATUAPÉ,ESTÉTICA,CARBOXITERAPIA,319,9570,7694.280000000001,38.0,916.5600000000001
TATUAPÉ,ESTÉTICA,CRIOLIPÓLISE,116,6960,11967.72,0.0,0.0
TATUAPÉ,ESTÉTICA,DRENAGEM,665,39900,19225.15,0.0,0.0
TATUAPÉ,ESTÉTICA,HECCUS,305,9150,6588.0,35.0,756.0
TATUAPÉ,ESTÉTICA,HIDRATAÇÃO,221,6630,5118.36,220.0,5095.2
TATUAPÉ,ESTÉTICA,LIMPEZA DE PELE,1330,79800,52854.200000000004,258.0,10252.92
TATUAPÉ,ESTÉTICA,PEELING DE DIAMANTE,889,26670,29079.190000000002,879.0,28752.09
TATUAPÉ,ESTÉTICA,PRÓ- SHAPE,109,6540,4327.3,8.0,317.6
TATUAPÉ,ESTÉTICA,RADIOFREQUÊNCIA,179,5370,5128.349999999999,129.0,3695.85
TATUAPÉ,LAVIEEN,LAVIEEN,1122,16830,108553.5,837.0,80979.75
TATUAPÉ,LAVIEEN,PRÓ-SÉRUM,44,220,2958.56,0.0,0.0
TATUAPÉ,MEDICINA ESTÉTICA,BOTOX LIGHT,75,2250,12184.5,0.0,0.0
TATUAPÉ,MEDICINA ESTÉTICA,BOTOX POWER,429,12870,132054.78,2.0,615.64
TATUAPÉ,MEDICINA ESTÉTICA,CO2 CICATRIZ,3,30,567.72,0.0,0.0
TATUAPÉ,MEDICINA ESTÉTICA,CO2 COLO,2,40,428.48,0.0,0.0
TATUAPÉ,MEDICINA ESTÉTICA,CO2 OLHEIRAS,1,10,189.24,0.0,0.0
TATUAPÉ,MEDICINA ESTÉTICA,CO2 PESCOÇO,2,40,428.48,0.0,0.0
TATUAPÉ,MEDICINA ESTÉTICA,CO2 ROSTO,13,390,3240.12,0.0,0.0
TATUAPÉ,MEDICINA ESTÉTICA,DERMAROLLER,71,2130,8199.08,0.0,0.0
TATUAPÉ,MEDICINA ESTÉTICA,ENZIMA MELASMA,1,30,51.12,0.0,0.0
TATUAPÉ,MEDICINA ESTÉTICA,GLÚTEO MAX,14,210,1377.04,0.0,0.0
TATUAPÉ,MEDICINA ESTÉTICA,PEELING QUÍMICO,268,8040,8399.12,0.0,0.0
TATUAPÉ,MEDICINA ESTÉTICA,PREENCHIMENTO,351,10530,104527.8,0.0,0.0
TATUAPÉ,MEDICINA ESTÉTICA,PRÓ-BELLA,21,630,1409.1,0.0,0.0
TATUAPÉ,MEDICINA ESTÉTICA,PRÓ-LIPO,282,4230,11705.82,0.0,0.0
TATUAPÉ,MEDICINA ESTÉTICA,PRÓ-MESO,54,1620,2474.28,0.0,0.0
TATUAPÉ,MEDICINA ESTÉTICA,RADIESSE,51,1530,39330.18,0.0,0.0
TATUAPÉ,MEDICINA ESTÉTICA,RETOQUE,48,720,0.0,0.0,0.0
TATUAPÉ,MEDICINA ESTÉTICA,SCULPTRA,164,4920,169605.52000000002,0.0,0.0
TATUAPÉ,MEDICINA ESTÉTICA,SECAGEM,66,1980,1485.0,0.0,0.0
TATUAPÉ,ULTRAFORMER_III,ULTRAFORMER BRAÇO,1,45,1018.12,0.0,0.0
TATUAPÉ,ULTRAFORMER_III,ULTRAFORMER FULLFACE,134,8040,98573.08,0.0,0.0
TATUAPÉ,ULTRAFORMER_III,ULTRAFORMER FULLFACE + PESCOÇO,24,2160,24457.920000000002,0.0,0.0
TATUAPÉ,ULTRAFORMER_III,ULTRAFORMER FULLFACE + PESCOÇO + PAPADA,1,90,1258.12,0.0,0.0
TATUAPÉ,ULTRAFORMER_III,ULTRAFORMER MAÇA DO ROSTO,23,1035,9674.26,0.0,0.0
TATUAPÉ,ULTRAFORMER_III,ULTRAFORMER OLHOS,44,1320,10697.28,0.0,0.0
TATUAPÉ,ULTRAFORMER_III,ULTRAFORMER PAPADA,147,4410,37208.64,0.0,0.0
TATUAPÉ,ULTRAFORMER_III,ULTRAFORMER PESCOÇO,26,1040,12041.12,0.0,0.0
TIJUCA,ESTÉTICA,CARBOXITERAPIA,256,7680,6174.72,29.0,699.48
TIJUCA,ESTÉTICA,CRIOLIPÓLISE,112,6720,11555.04,0.0,0.0
TIJUCA,ESTÉTICA,DRENAGEM,3467,208020,100230.97,0.0,0.0
TIJUCA,ESTÉTICA,HECCUS,355,10650,7668.000000000001,64.0,1382.4
TIJUCA,ESTÉTICA,HIDRATAÇÃO,143,4290,3311.88,141.0,3265.56
TIJUCA,ESTÉTICA,LIMPEZA DE PELE,1386,83160,55079.64,107.0,4252.18
TIJUCA,ESTÉTICA,PEELING DE DIAMANTE,765,22950,25023.15,759.0,24826.89
TIJUCA,ESTÉTICA,PRÓ- SHAPE,307,18420,12187.900000000001,9.0,357.3
TIJUCA,ESTÉTICA,RADIOFREQUÊNCIA,444,13320,12720.599999999999,260.0,7449.0
TIJUCA,LAVIEEN,LAVIEEN,928,13920,89784.0,740.0,71595.0
TIJUCA,LAVIEEN,PRÓ-SÉRUM,68,340,4572.32,0.0,0.0
TIJUCA,MEDICINA ESTÉTICA,BOTOX LIGHT,15,450,2436.9,0.0,0.0
TIJUCA,MEDICINA ESTÉTICA,BOTOX POWER,297,8910,91422.54,2.0,615.64
TIJUCA,MEDICINA ESTÉTICA,CO2 CICATRIZ,22,220,4163.280000000001,0.0,0.0
TIJUCA,MEDICINA ESTÉTICA,CO2 COLO,7,140,1499.68,0.0,0.0
TIJUCA,MEDICINA ESTÉTICA,CO2 ROSTO,22,660,5483.280000000001,0.0,0.0
TIJUCA,MEDICINA ESTÉTICA,DERMAROLLER,51,1530,5889.4800000000005,0.0,0.0
TIJUCA,MEDICINA ESTÉTICA,GLÚTEO MAX,5,75,491.8,0.0,0.0
TIJUCA,MEDICINA ESTÉTICA,PEELING QUÍMICO,183,5490,5735.22,0.0,0.0
TIJUCA,MEDICINA ESTÉTICA,PREENCHIMENTO,224,6720,66707.2,0.0,0.0
TIJUCA,MEDICINA ESTÉTICA,PRÓ-BELLA,37,1110,2482.7,0.0,0.0
TIJUCA,MEDICINA ESTÉTICA,PRÓ-LIPO,450,6750,18679.5,0.0,0.0
TIJUCA,MEDICINA ESTÉTICA,PRÓ-MESO,55,1650,2520.1,0.0,0.0
TIJUCA,MEDICINA ESTÉTICA,RADIESSE,57,1710,43957.259999999995,0.0,0.0
TIJUCA,MEDICINA ESTÉTICA,RETOQUE,243,3645,0.0,0.0,0.0
TIJUCA,MEDICINA ESTÉTICA,SCULPTRA,123,3690,127204.14000000001,0.0,0.0
TIJUCA,MEDICINA ESTÉTICA,SECAGEM,62,1860,1395.0,0.0,0.0
TIJUCA,ULTRAFORMER_III,ULTRAFORMER BRAÇO,1,45,1018.12,0.0,0.0
TIJUCA,ULTRAFORMER_III,ULTRAFORMER FULLFACE,141,8460,103722.42,0.0,0.0
TIJUCA,ULTRAFORMER_III,ULTRAFORMER FULLFACE + PESCOÇO,23,2070,23438.84,0.0,0.0
TIJUCA,ULTRAFORMER_III,ULTRAFORMER GLUTEO,1,45,913.12,0.0,0.0
TIJUCA,ULTRAFORMER_III,ULTRAFORMER INTERNO COXA,2,180,2686.24,0.0,0.0
TIJUCA,ULTRAFORMER_III,ULTRAFORMER MAÇA DO ROSTO,8,360,3364.96,0.0,0.0
TIJUCA,ULTRAFORMER_III,ULTRAFORMER OLHOS,5,150,1215.6,0.0,0.0
TIJUCA,ULTRAFORMER_III,ULTRAFORMER PAPADA,90,2700,22780.8,0.0,0.0
TIJUCA,ULTRAFORMER_III,ULTRAFORMER PESCOÇO,23,920,10651.76,0.0,0.0
TUCURUVI,ESTÉTICA,CARBOXITERAPIA,116,3480,2797.92,4.0,96.48
TUCURUVI,ESTÉTICA,CRIOLIPÓLISE,69,4140,7118.7300000000005,0.0,0.0
TUCURUVI,ESTÉTICA,DRENAGEM,470,28200,13587.7,0.0,0.0
TUCURUVI,ESTÉTICA,HECCUS,263,7890,5680.8,35.0,756.0
TUCURUVI,ESTÉTICA,HIDRATAÇÃO,82,2460,1899.1200000000001,81.0,1875.96
TUCURUVI,ESTÉTICA,LIMPEZA DE PELE,637,38220,25314.38,151.0,6000.740000000001
TUCURUVI,ESTÉTICA,PEELING DE DIAMANTE,499,14970,16322.29,496.0,16224.16
TUCURUVI,ESTÉTICA,PRÓ- SHAPE,89,5340,3533.3,4.0,158.8
TUCURUVI,ESTÉTICA,RADIOFREQUÊNCIA,183,5490,5242.95,104.0,2979.6
TUCURUVI,LAVIEEN,LAVIEEN,837,12555,80979.75,600.0,58050.0
TUCURUVI,LAVIEEN,PRÓ-SÉRUM,8,40,537.92,0.0,0.0
TUCURUVI,MEDICINA ESTÉTICA,BOTOX LIGHT,33,990,5361.18,0.0,0.0
TUCURUVI,MEDICINA ESTÉTICA,BOTOX POWER,230,6900,70798.59999999999,2.0,615.64
TUCURUVI,MEDICINA ESTÉTICA,CO2 CICATRIZ,1,10,189.24,0.0,0.0
TUCURUVI,MEDICINA ESTÉTICA,CO2 ROSTO,6,180,1495.44,0.0,0.0
TUCURUVI,MEDICINA ESTÉTICA,DERMAROLLER,23,690,2656.04,0.0,0.0
TUCURUVI,MEDICINA ESTÉTICA,ENZIMA MELASMA,1,30,51.12,0.0,0.0
TUCURUVI,MEDICINA ESTÉTICA,PEELING QUÍMICO,42,1260,1316.28,0.0,0.0
TUCURUVI,MEDICINA ESTÉTICA,PREENCHIMENTO,168,5040,50030.4,0.0,0.0
TUCURUVI,MEDICINA ESTÉTICA,PRÓ-BELLA,22,660,1476.1999999999998,0.0,0.0
TUCURUVI,MEDICINA ESTÉTICA,PRÓ-LIPO,258,3870,10709.58,0.0,0.0
TUCURUVI,MEDICINA ESTÉTICA,PRÓ-MESO,3,90,137.46,0.0,0.0
TUCURUVI,MEDICINA ESTÉTICA,RADIESSE,8,240,6169.44,0.0,0.0
TUCURUVI,MEDICINA ESTÉTICA,RETOQUE,131,1965,0.0,0.0,0.0
TUCURUVI,MEDICINA ESTÉTICA,SCULPTRA,138,4140,142716.84,0.0,0.0
TUCURUVI,MEDICINA ESTÉTICA,SECAGEM,43,1290,967.5,0.0,0.0
TUCURUVI,ULTRAFORMER_III,ULTRAFORMER BRAÇO,1,45,1018.12,0.0,0.0
TUCURUVI,ULTRAFORMER_III,ULTRAFORMER FULLFACE,85,5100,62527.7,0.0,0.0
TUCURUVI,ULTRAFORMER_III,ULTRAFORMER FULLFACE + PESCOÇO,15,1350,15286.2,0.0,0.0
TUCURUVI,ULTRAFORMER_III,ULTRAFORMER GLUTEO,1,45,913.12,0.0,0.0
TUCURUVI,ULTRAFORMER_III,ULTRAFORMER MAÇA DO ROSTO,9,405,3785.58,0.0,0.0
TUCURUVI,ULTRAFORMER_III,ULTRAFORMER OLHOS,27,810,6564.24,0.0,0.0
TUCURUVI,ULTRAFORMER_III,ULTRAFORMER PAPADA,75,2250,18984.0,0.0,0.0
TUCURUVI,ULTRAFORMER_III,ULTRAFORMER PESCOÇO,20,800,9262.4,0.0,0.0
VILA MASCOTE,ESTÉTICA,CARBOXITERAPIA,9,270,217.08,0.0,0.0
VILA MASCOTE,ESTÉTICA,CRIOLIPÓLISE,2,120,206.34,0.0,0.0
VILA MASCOTE,ESTÉTICA,DRENAGEM,37,2220,1069.67,0.0,0.0
VILA MASCOTE,ESTÉTICA,HECCUS,22,660,475.20000000000005,0.0,0.0
VILA MASCOTE,ESTÉTICA,HIDRATAÇÃO,5,150,115.8,5.0,115.8
VILA MASCOTE,ESTÉTICA,LIMPEZA DE PELE,43,2580,1708.8200000000002,7.0,278.18
VILA MASCOTE,ESTÉTICA,PEELING DE DIAMANTE,15,450,490.65000000000003,15.0,490.65000000000003
VILA MASCOTE,LAVIEEN,LAVIEEN,115,1725,11126.25,110.0,10642.5
VILA MASCOTE,LAVIEEN,PRÓ-SÉRUM,1,5,67.24,0.0,0.0
VILA MASCOTE,MEDICINA ESTÉTICA,BOTOX LIGHT,1,30,162.46,0.0,0.0
VILA MASCOTE,MEDICINA ESTÉTICA,BOTOX POWER,11,330,3386.02,0.0,0.0
VILA MASCOTE,MEDICINA ESTÉTICA,GLÚTEO MAX,1,15,98.36,0.0,0.0
VILA MASCOTE,MEDICINA ESTÉTICA,PEELING QUÍMICO,1,30,31.34,0.0,0.0
VILA MASCOTE,MEDICINA ESTÉTICA,PREENCHIMENTO,5,150,1489.0,0.0,0.0
VILA MASCOTE,MEDICINA ESTÉTICA,PRÓ-LIPO,1,15,41.51,0.0,0.0
VILA MASCOTE,MEDICINA ESTÉTICA,PRÓ-MESO,3,90,137.46,0.0,0.0
VILA MASCOTE,MEDICINA ESTÉTICA,RADIESSE,1,30,771.18,0.0,0.0
VILA MASCOTE,MEDICINA ESTÉTICA,RETOQUE,8,120,0.0,0.0,0.0
VILA MASCOTE,MEDICINA ESTÉTICA,SCULPTRA,4,120,4136.72,0.0,0.0
VILA MASCOTE,MEDICINA ESTÉTICA,SECAGEM,1,30,22.5,0.0,0.0
VILA MASCOTE,ULTRAFORMER_III,ULTRAFORMER FULLFACE,14,840,10298.68,0.0,0.0
VILA MASCOTE,ULTRAFORMER_III,ULTRAFORMER FULLFACE + PESCOÇO,2,180,2038.16,0.0,0.0
VILA MASCOTE,ULTRAFORMER_III,ULTRAFORMER PAPADA,5,150,1265.6,0.0,0.0
