Unidade do agendamento,Grupo,Procedimentos Padronizados,Duração (min)
ALPHAVILLE,ESTÉTICA,CARBOXITERAPIA,720
ALPHAVILLE,ESTÉTICA,CRIOLIPÓLISE,3120
ALPHAVILLE,ESTÉTICA,DRENAGEM,12600
ALPHAVILLE,ESTÉTICA,HECCUS,660
ALPHAVILLE,ESTÉTICA,HIDRATAÇÃO,1530
ALPHAVILLE,ESTÉTICA,LIMPEZA DE PELE,39840
ALPHAVILLE,ESTÉTICA,PEELING DE DIAMANTE,5340
ALPHAVILLE,ESTÉTICA,PRÓ- SHAPE,1320
ALPHAVILLE,ESTÉTICA,RADIOFREQUÊNCIA,270
ALPHAVILLE,LAVIEEN,LAVIEEN,5940
ALPHAVILLE,LAVIEEN,PRÓ-SÉRUM,495
ALPHAVILLE,MEDICINA ESTÉTICA,BOTOX LIGHT,540
ALPHAVILLE,MEDICINA ESTÉTICA,BOTOX POWER,2550
ALPHAVILLE,MEDICINA ESTÉTICA,ENZIMA MELASMA,30
ALPHAVILLE,MEDICINA ESTÉTICA,PEELING QUÍMICO,450
ALPHAVILLE,MEDICINA ESTÉTICA,PREENCHIMENTO,750
ALPHAVILLE,MEDICINA ESTÉTICA,PRÓ-BELLA,150
ALPHAVILLE,MEDICINA ESTÉTICA,PRÓ-LIPO,870
ALPHAVILLE,MEDICINA ESTÉTICA,PRÓ-MESO,90
ALPHAVILLE,MEDICINA ESTÉTICA,RADIESSE,120
ALPHAVILLE,MEDICINA ESTÉTICA,RETOQUE,705
ALPHAVILLE,MEDICINA ESTÉTICA,SCULPTRA,870
ALPHAVILLE,MEDICINA ESTÉTICA,SECAGEM,240
ALPHAVILLE,ULTRAFORMER_III,ULTRAFORMER FULLFACE,3840
ALPHAVILLE,ULTRAFORMER_III,ULTRAFORMER FULLFACE + PESCOÇO,90
ALPHAVILLE,ULTRAFORMER_III,ULTRAFORMER INTERNO COXA,90
ALPHAVILLE,ULTRAFORMER_III,ULTRAFORMER MAÇA DO ROSTO,450
ALPHAVILLE,ULTRAFORMER_III,ULTRAFORMER OLHOS,270
ALPHAVILLE,ULTRAFORMER_III,ULTRAFORMER PAPADA,720
ALPHAVILLE,ULTRAFORMER_III,ULTRAFORMER PESCOÇO,200
BELO HORIZONTE,ESTÉTICA,CARBOXITERAPIA,780
BELO HORIZONTE,ESTÉTICA,CRIOLIPÓLISE,1620
BELO HORIZONTE,ESTÉTICA,DRENAGEM,12120
BELO HORIZONTE,ESTÉTICA,HECCUS,1080
BELO HORIZONTE,ESTÉTICA,HIDRATAÇÃO,870
BELO HORIZONTE,ESTÉTICA,LIMPEZA DE PELE,14280
BELO HORIZONTE,ESTÉTICA,PEELING DE DIAMANTE,4140
BELO HORIZONTE,ESTÉTICA,PRÓ- SHAPE,780
BELO HORIZONTE,ESTÉTICA,RADIOFREQUÊNCIA,1560
BELO HORIZONTE,LAVIEEN,LAVIEEN,3375
BELO HORIZONTE,MEDICINA ESTÉTICA,BOTOX LIGHT,240
BELO HORIZONTE,MEDICINA ESTÉTICA,BOTOX POWER,1890
BELO HORIZONTE,MEDICINA ESTÉTICA,CO2 CICATRIZ,10
BELO HORIZONTE,MEDICINA ESTÉTICA,CO2 ROSTO,240
BELO HORIZONTE,MEDICINA ESTÉTICA,DERMAROLLER,30
BELO HORIZONTE,MEDICINA ESTÉTICA,PEELING QUÍMICO,390
BELO HORIZONTE,MEDICINA ESTÉTICA,PREENCHIMENTO,1350
BELO HORIZONTE,MEDICINA ESTÉTICA,PRÓ-BELLA,210
BELO HORIZONTE,MEDICINA ESTÉTICA,PRÓ-LIPO,1305
BELO HORIZONTE,MEDICINA ESTÉTICA,PRÓ-MESO,210
BELO HORIZONTE,MEDICINA ESTÉTICA,RADIESSE,120
BELO HORIZONTE,MEDICINA ESTÉTICA,RETOQUE,990
BELO HORIZONTE,MEDICINA ESTÉTICA,SCULPTRA,960
BELO HORIZONTE,MEDICINA ESTÉTICA,SECAGEM,210
BELO HORIZONTE,ULTRAFORMER_III,ULTRAFORMER FULLFACE,1560
BELO HORIZONTE,ULTRAFORMER_III,ULTRAFORMER FULLFACE + PESCOÇO,360
BELO HORIZONTE,ULTRAFORMER_III,ULTRAFORMER INTERNO COXA,270
BELO HORIZONTE,ULTRAFORMER_III,ULTRAFORMER OLHOS,30
BELO HORIZONTE,ULTRAFORMER_III,ULTRAFORMER PAPADA,330
BELO HORIZONTE,ULTRAFORMER_III,ULTRAFORMER PESCOÇO,40
CAMPINAS,ESTÉTICA,CARBOXITERAPIA,2790
CAMPINAS,ESTÉTICA,CRIOLIPÓLISE,2340
CAMPINAS,ESTÉTICA,DRENAGEM,59220
CAMPINAS,ESTÉTICA,HECCUS,4050
CAMPINAS,ESTÉTICA,HIDRATAÇÃO,3990
CAMPINAS,ESTÉTICA,LIMPEZA DE PELE,51360
CAMPINAS,ESTÉTICA,PEELING DE DIAMANTE,24480
CAMPINAS,ESTÉTICA,PRÓ- SHAPE,5880
CAMPINAS,ESTÉTICA,RADIOFREQUÊNCIA,2670
CAMPINAS,LAVIEEN,LAVIEEN,13455
CAMPINAS,MEDICINA ESTÉTICA,BOTOX LIGHT,120
CAMPINAS,MEDICINA ESTÉTICA,BOTOX POWER,4470
CAMPINAS,MEDICINA ESTÉTICA,CO2 CICATRIZ,10
CAMPINAS,MEDICINA ESTÉTICA,CO2 ROSTO,240
CAMPINAS,MEDICINA ESTÉTICA,DERMAROLLER,210
CAMPINAS,MEDICINA ESTÉTICA,PEELING QUÍMICO,510
CAMPINAS,MEDICINA ESTÉTICA,PREENCHIMENTO,2850
CAMPINAS,MEDICINA ESTÉTICA,PRÓ-BELLA,150
CAMPINAS,MEDICINA ESTÉTICA,PRÓ-LIPO,1845
CAMPINAS,MEDICINA ESTÉTICA,PRÓ-MESO,210
CAMPINAS,MEDICINA ESTÉTICA,RADIESSE,360
CAMPINAS,MEDICINA ESTÉTICA,RETOQUE,1605
CAMPINAS,MEDICINA ESTÉTICA,SCULPTRA,1110
CAMPINAS,MEDICINA ESTÉTICA,SECAGEM,1530
CAMPINAS,ULTRAFORMER_III,ULTRAFORMER FULLFACE,3120
CAMPINAS,ULTRAFORMER_III,ULTRAFORMER FULLFACE + PESCOÇO,360
CAMPINAS,ULTRAFORMER_III,ULTRAFORMER FULLFACE + PESCOÇO + PAPADA,270
CAMPINAS,ULTRAFORMER_III,ULTRAFORMER MAÇA DO ROSTO,315
CAMPINAS,ULTRAFORMER_III,ULTRAFORMER OLHOS,780
CAMPINAS,ULTRAFORMER_III,ULTRAFORMER PAPADA,1080
CAMPINAS,ULTRAFORMER_III,ULTRAFORMER PESCOÇO,480
COPACABANA,ESTÉTICA,CARBOXITERAPIA,6330
COPACABANA,ESTÉTICA,CRIOLIPÓLISE,3120
COPACABANA,ESTÉTICA,DRENAGEM,241920
COPACABANA,ESTÉTICA,HECCUS,9330
COPACABANA,ESTÉTICA,HIDRATAÇÃO,2940
COPACABANA,ESTÉTICA,LIMPEZA DE PELE,47520
COPACABANA,ESTÉTICA,PEELING DE DIAMANTE,20550
COPACABANA,ESTÉTICA,PRÓ- SHAPE,12780
COPACABANA,ESTÉTICA,RADIOFREQUÊNCIA,6060
COPACABANA,LAVIEEN,LAVIEEN,19470
COPACABANA,MEDICINA ESTÉTICA,BOTOX LIGHT,480
COPACABANA,MEDICINA ESTÉTICA,BOTOX POWER,15390
COPACABANA,MEDICINA ESTÉTICA,CO2 CICATRIZ,790
COPACABANA,MEDICINA ESTÉTICA,CO2 COLO,620
COPACABANA,MEDICINA ESTÉTICA,CO2 MÃOS,140
COPACABANA,MEDICINA ESTÉTICA,CO2 OLHEIRAS,10
COPACABANA,MEDICINA ESTÉTICA,CO2 PESCOÇO,80
COPACABANA,MEDICINA ESTÉTICA,CO2 ROSTO,2670
COPACABANA,MEDICINA ESTÉTICA,DERMAROLLER,2640
COPACABANA,MEDICINA ESTÉTICA,GLÚTEO MAX,75
COPACABANA,MEDICINA ESTÉTICA,PEELING QUÍMICO,1740
COPACABANA,MEDICINA ESTÉTICA,PREENCHIMENTO,3990
COPACABANA,MEDICINA ESTÉTICA,PRÓ-BELLA,660
COPACABANA,MEDICINA ESTÉTICA,PRÓ-LIPO,6030
COPACABANA,MEDICINA ESTÉTICA,PRÓ-MESO,1140
COPACABANA,MEDICINA ESTÉTICA,RADIESSE,990
COPACABANA,MEDICINA ESTÉTICA,RETOQUE,5475
COPACABANA,MEDICINA ESTÉTICA,SCULPTRA,9960
COPACABANA,MEDICINA ESTÉTICA,SECAGEM,810
COPACABANA,ULTRAFORMER_III,ULTRAFORMER BRAÇO,135
COPACABANA,ULTRAFORMER_III,ULTRAFORMER FULLFACE,13200
COPACABANA,ULTRAFORMER_III,ULTRAFORMER FULLFACE + PESCOÇO,6660
COPACABANA,ULTRAFORMER_III,ULTRAFORMER GLUTEO,90
COPACABANA,ULTRAFORMER_III,ULTRAFORMER INTERNO COXA,540
COPACABANA,ULTRAFORMER_III,ULTRAFORMER MAÇA DO ROSTO,45
COPACABANA,ULTRAFORMER_III,ULTRAFORMER OLHOS,540
COPACABANA,ULTRAFORMER_III,ULTRAFORMER PAPADA,3870
COPACABANA,ULTRAFORMER_III,ULTRAFORMER PESCOÇO,480
IPIRANGA,ESTÉTICA,CARBOXITERAPIA,7950
IPIRANGA,ESTÉTICA,CRIOLIPÓLISE,4620
IPIRANGA,ESTÉTICA,DRENAGEM,61260
IPIRANGA,ESTÉTICA,HECCUS,8640
IPIRANGA,ESTÉTICA,HIDRATAÇÃO,1620
IPIRANGA,ESTÉTICA,LIMPEZA DE PELE,40920
IPIRANGA,ESTÉTICA,PEELING DE DIAMANTE,12360
IPIRANGA,ESTÉTICA,PRÓ- SHAPE,5040
IPIRANGA,ESTÉTICA,RADIOFREQUÊNCIA,8460
IPIRANGA,LAVIEEN,LAVIEEN,12060
IPIRANGA,LAVIEEN,PRÓ-SÉRUM,730
IPIRANGA,MEDICINA ESTÉTICA,BOTOX LIGHT,960
IPIRANGA,MEDICINA ESTÉTICA,BOTOX POWER,10470
IPIRANGA,MEDICINA ESTÉTICA,DERMAROLLER,870
IPIRANGA,MEDICINA ESTÉTICA,GLÚTEO MAX,210
IPIRANGA,MEDICINA ESTÉTICA,PEELING QUÍMICO,3180
IPIRANGA,MEDICINA ESTÉTICA,PREENCHIMENTO,7140
IPIRANGA,MEDICINA ESTÉTICA,PRÓ-BELLA,390
IPIRANGA,MEDICINA ESTÉTICA,PRÓ-LIPO,3540
IPIRANGA,MEDICINA ESTÉTICA,PRÓ-MESO,960
IPIRANGA,MEDICINA ESTÉTICA,RADIESSE,2310
IPIRANGA,MEDICINA ESTÉTICA,RETOQUE,2910
IPIRANGA,MEDICINA ESTÉTICA,SCULPTRA,4290
IPIRANGA,MEDICINA ESTÉTICA,SECAGEM,2670
IPIRANGA,ULTRAFORMER_III,ULTRAFORMER BRAÇO,90
IPIRANGA,ULTRAFORMER_III,ULTRAFORMER FULLFACE,8340
IPIRANGA,ULTRAFORMER_III,ULTRAFORMER FULLFACE + PESCOÇO,720
IPIRANGA,ULTRAFORMER_III,ULTRAFORMER GLUTEO,45
IPIRANGA,ULTRAFORMER_III,ULTRAFORMER MAÇA DO ROSTO,135
IPIRANGA,ULTRAFORMER_III,ULTRAFORMER OLHOS,990
IPIRANGA,ULTRAFORMER_III,ULTRAFORMER PAPADA,2880
IPIRANGA,ULTRAFORMER_III,ULTRAFORMER PESCOÇO,1160
ITAIM,ESTÉTICA,CARBOXITERAPIA,2100
ITAIM,ESTÉTICA,CRIOLIPÓLISE,360
ITAIM,ESTÉTICA,DRENAGEM,28380
ITAIM,ESTÉTICA,HECCUS,2460
ITAIM,ESTÉTICA,HIDRATAÇÃO,1080
ITAIM,ESTÉTICA,LIMPEZA DE PELE,30840
ITAIM,ESTÉTICA,PEELING DE DIAMANTE,2700
ITAIM,ESTÉTICA,PRÓ- SHAPE,2040
ITAIM,ESTÉTICA,RADIOFREQUÊNCIA,2070
ITAIM,LAVIEEN,LAVIEEN,6315
ITAIM,LAVIEEN,PRÓ-SÉRUM,185
ITAIM,MEDICINA ESTÉTICA,BOTOX LIGHT,120
ITAIM,MEDICINA ESTÉTICA,BOTOX POWER,3030
ITAIM,MEDICINA ESTÉTICA,DERMAROLLER,270
ITAIM,MEDICINA ESTÉTICA,GLÚTEO MAX,30
ITAIM,MEDICINA ESTÉTICA,PEELING QUÍMICO,1020
ITAIM,MEDICINA ESTÉTICA,PREENCHIMENTO,1710
ITAIM,MEDICINA ESTÉTICA,PRÓ-BELLA,60
ITAIM,MEDICINA ESTÉTICA,PRÓ-LIPO,1695
ITAIM,MEDICINA ESTÉTICA,PRÓ-MESO,360
ITAIM,MEDICINA ESTÉTICA,RADIESSE,150
ITAIM,MEDICINA ESTÉTICA,RETOQUE,720
ITAIM,MEDICINA ESTÉTICA,SCULPTRA,1380
ITAIM,MEDICINA ESTÉTICA,SECAGEM,270
ITAIM,ULTRAFORMER_III,ULTRAFORMER FULLFACE,4200
ITAIM,ULTRAFORMER_III,ULTRAFORMER FULLFACE + PESCOÇO,720
ITAIM,ULTRAFORMER_III,ULTRAFORMER FULLFACE + PESCOÇO + PAPADA,90
ITAIM,ULTRAFORMER_III,ULTRAFORMER INTERNO COXA,180
ITAIM,ULTRAFORMER_III,ULTRAFORMER MAÇA DO ROSTO,225
ITAIM,ULTRAFORMER_III,ULTRAFORMER OLHOS,330
ITAIM,ULTRAFORMER_III,ULTRAFORMER PAPADA,1290
ITAIM,ULTRAFORMER_III,ULTRAFORMER PESCOÇO,200
JARDINS,ESTÉTICA,CARBOXITERAPIA,10200
JARDINS,ESTÉTICA,CRIOLIPÓLISE,17820
JARDINS,ESTÉTICA,DRENAGEM,67440
JARDINS,ESTÉTICA,HECCUS,21570
JARDINS,ESTÉTICA,HIDRATAÇÃO,19770
JARDINS,ESTÉTICA,LIMPEZA DE PELE,112380
JARDINS,ESTÉTICA,PEELING DE DIAMANTE,27180
JARDINS,ESTÉTICA,PRÓ- SHAPE,9060
JARDINS,ESTÉTICA,RADIOFREQUÊNCIA,7350
JARDINS,LAVIEEN,LAVIEEN,16725
JARDINS,LAVIEEN,PRÓ-SÉRUM,1240
JARDINS,MEDICINA ESTÉTICA,BOTOX LIGHT,3840
JARDINS,MEDICINA ESTÉTICA,BOTOX POWER,28740
JARDINS,MEDICINA ESTÉTICA,CO2 CICATRIZ,350
JARDINS,MEDICINA ESTÉTICA,CO2 COLO,440
JARDINS,MEDICINA ESTÉTICA,CO2 MÃOS,60
JARDINS,MEDICINA ESTÉTICA,CO2 OLHEIRAS,110
JARDINS,MEDICINA ESTÉTICA,CO2 PESCOÇO,160
JARDINS,MEDICINA ESTÉTICA,CO2 ROSTO,4440
JARDINS,MEDICINA ESTÉTICA,DERMAROLLER,2070
JARDINS,MEDICINA ESTÉTICA,GLÚTEO MAX,75
JARDINS,MEDICINA ESTÉTICA,PEELING QUÍMICO,4650
JARDINS,MEDICINA ESTÉTICA,PREENCHIMENTO,18630
JARDINS,MEDICINA ESTÉTICA,PRÓ-BELLA,570
JARDINS,MEDICINA ESTÉTICA,PRÓ-FIT,30
JARDINS,MEDICINA ESTÉTICA,PRÓ-LIPO,10440
JARDINS,MEDICINA ESTÉTICA,PRÓ-MESO,1740
JARDINS,MEDICINA ESTÉTICA,RADIESSE,4560
JARDINS,MEDICINA ESTÉTICA,RETOQUE,4575
JARDINS,MEDICINA ESTÉTICA,SCULPTRA,18840
JARDINS,MEDICINA ESTÉTICA,SECAGEM,3990
JARDINS,MEDICINA ESTÉTICA,UP BUMBUM,120
JARDINS,ULTRAFORMER_III,ULTRAFORMER BRAÇO,90
JARDINS,ULTRAFORMER_III,ULTRAFORMER FULLFACE,17520
JARDINS,ULTRAFORMER_III,ULTRAFORMER FULLFACE + PESCOÇO,450
JARDINS,ULTRAFORMER_III,ULTRAFORMER FULLFACE + PESCOÇO + PAPADA,90
JARDINS,ULTRAFORMER_III,ULTRAFORMER INTERNO COXA,90
JARDINS,ULTRAFORMER_III,ULTRAFORMER MAÇA DO ROSTO,1305
JARDINS,ULTRAFORMER_III,ULTRAFORMER OLHOS,2460
JARDINS,ULTRAFORMER_III,ULTRAFORMER PAPADA,7200
JARDINS,ULTRAFORMER_III,ULTRAFORMER PESCOÇO,3080
LAPA,ESTÉTICA,CARBOXITERAPIA,10950
LAPA,ESTÉTICA,CRIOLIPÓLISE,6180
LAPA,ESTÉTICA,DRENAGEM,89100
LAPA,ESTÉTICA,HECCUS,8130
LAPA,ESTÉTICA,HIDRATAÇÃO,4740
LAPA,ESTÉTICA,LIMPEZA DE PELE,73200
LAPA,ESTÉTICA,PEELING DE DIAMANTE,11460
LAPA,ESTÉTICA,PRÓ- SHAPE,4560
LAPA,ESTÉTICA,RADIOFREQUÊNCIA,4170
LAPA,LAVIEEN,LAVIEEN,8700
LAPA,LAVIEEN,PRÓ-SÉRUM,95
LAPA,MEDICINA ESTÉTICA,BOTOX LIGHT,780
LAPA,MEDICINA ESTÉTICA,BOTOX POWER,8550
LAPA,MEDICINA ESTÉTICA,DERMAROLLER,2040
LAPA,MEDICINA ESTÉTICA,ENZIMA MELASMA,960
LAPA,MEDICINA ESTÉTICA,GLÚTEO MAX,15
LAPA,MEDICINA ESTÉTICA,PEELING QUÍMICO,3900
LAPA,MEDICINA ESTÉTICA,PREENCHIMENTO,6240
LAPA,MEDICINA ESTÉTICA,PRÓ-BELLA,420
LAPA,MEDICINA ESTÉTICA,PRÓ-LIPO,3810
LAPA,MEDICINA ESTÉTICA,PRÓ-MESO,1470
LAPA,MEDICINA ESTÉTICA,RADIESSE,420
LAPA,MEDICINA ESTÉTICA,RETOQUE,3465
LAPA,MEDICINA ESTÉTICA,SCULPTRA,3570
LAPA,MEDICINA ESTÉTICA,SECAGEM,2850
LAPA,ULTRAFORMER_III,ULTRAFORMER BRAÇO,135
LAPA,ULTRAFORMER_III,ULTRAFORMER FULLFACE,6000
LAPA,ULTRAFORMER_III,ULTRAFORMER FULLFACE + PESCOÇO,990
LAPA,ULTRAFORMER_III,ULTRAFORMER FULLFACE + PESCOÇO + PAPADA,270
LAPA,ULTRAFORMER_III,ULTRAFORMER MAÇA DO ROSTO,270
LAPA,ULTRAFORMER_III,ULTRAFORMER OLHOS,900
LAPA,ULTRAFORMER_III,ULTRAFORMER PAPADA,2100
LAPA,ULTRAFORMER_III,ULTRAFORMER PESCOÇO,440
LONDRINA,ESTÉTICA,CARBOXITERAPIA,8070
LONDRINA,ESTÉTICA,CRIOLIPÓLISE,1920
LONDRINA,ESTÉTICA,DRENAGEM,17040
LONDRINA,ESTÉTICA,HECCUS,2070
LONDRINA,ESTÉTICA,HIDRATAÇÃO,2280
LONDRINA,ESTÉTICA,LIMPEZA DE PELE,40740
LONDRINA,ESTÉTICA,PEELING DE DIAMANTE,13620
LONDRINA,ESTÉTICA,PRÓ- SHAPE,8160
LONDRINA,ESTÉTICA,RADIOFREQUÊNCIA,5190
LONDRINA,LAVIEEN,LAVIEEN,14310
LONDRINA,LAVIEEN,PRÓ-SÉRUM,180
LONDRINA,MEDICINA ESTÉTICA,BOTOX LIGHT,600
LONDRINA,MEDICINA ESTÉTICA,BOTOX POWER,10950
LONDRINA,MEDICINA ESTÉTICA,CO2 COLO,20
LONDRINA,MEDICINA ESTÉTICA,CO2 OLHEIRAS,10
LONDRINA,MEDICINA ESTÉTICA,CO2 PESCOÇO,60
LONDRINA,MEDICINA ESTÉTICA,CO2 ROSTO,360
LONDRINA,MEDICINA ESTÉTICA,DERMAROLLER,150
LONDRINA,MEDICINA ESTÉTICA,ENZIMA MELASMA,30
LONDRINA,MEDICINA ESTÉTICA,GLÚTEO MAX,90
LONDRINA,MEDICINA ESTÉTICA,PEELING QUÍMICO,360
LONDRINA,MEDICINA ESTÉTICA,PREENCHIMENTO,4170
LONDRINA,MEDICINA ESTÉTICA,PRÓ-BELLA,60
LONDRINA,MEDICINA ESTÉTICA,PRÓ-LIPO,735
LONDRINA,MEDICINA ESTÉTICA,PRÓ-MESO,210
LONDRINA,MEDICINA ESTÉTICA,RADIESSE,270
LONDRINA,MEDICINA ESTÉTICA,RETOQUE,60
LONDRINA,MEDICINA ESTÉTICA,SCULPTRA,2220
LONDRINA,MEDICINA ESTÉTICA,SECAGEM,1290
LONDRINA,ULTRAFORMER_III,ULTRAFORMER BRAÇO,45
LONDRINA,ULTRAFORMER_III,ULTRAFORMER FULLFACE,7020
LONDRINA,ULTRAFORMER_III,ULTRAFORMER FULLFACE + PESCOÇO,2340
LONDRINA,ULTRAFORMER_III,ULTRAFORMER MAÇA DO ROSTO,1125
LONDRINA,ULTRAFORMER_III,ULTRAFORMER OLHOS,390
LONDRINA,ULTRAFORMER_III,ULTRAFORMER PAPADA,3150
LONDRINA,ULTRAFORMER_III,ULTRAFORMER PESCOÇO,240
MOEMA,ESTÉTICA,CARBOXITERAPIA,7680
MOEMA,ESTÉTICA,CRIOLIPÓLISE,2460
MOEMA,ESTÉTICA,DRENAGEM,35160
MOEMA,ESTÉTICA,HECCUS,11790
MOEMA,ESTÉTICA,HIDRATAÇÃO,2040
MOEMA,ESTÉTICA,LIMPEZA DE PELE,41760
MOEMA,ESTÉTICA,PEELING DE DIAMANTE,8940
MOEMA,ESTÉTICA,PRÓ- SHAPE,8820
MOEMA,ESTÉTICA,RADIOFREQUÊNCIA,4170
MOEMA,LAVIEEN,LAVIEEN,17475
MOEMA,LAVIEEN,PRÓ-SÉRUM,740
MOEMA,MEDICINA ESTÉTICA,BOTOX LIGHT,1710
MOEMA,MEDICINA ESTÉTICA,BOTOX POWER,14040
MOEMA,MEDICINA ESTÉTICA,DERMAROLLER,1560
MOEMA,MEDICINA ESTÉTICA,GLÚTEO MAX,15
MOEMA,MEDICINA ESTÉTICA,PEELING QUÍMICO,3630
MOEMA,MEDICINA ESTÉTICA,PREENCHIMENTO,9120
MOEMA,MEDICINA ESTÉTICA,PRÓ-BELLA,630
MOEMA,MEDICINA ESTÉTICA,PRÓ-LIPO,3690
MOEMA,MEDICINA ESTÉTICA,PRÓ-MESO,1650
MOEMA,MEDICINA ESTÉTICA,RADIESSE,840
MOEMA,MEDICINA ESTÉTICA,RETOQUE,5550
MOEMA,MEDICINA ESTÉTICA,SCULPTRA,8190
MOEMA,MEDICINA ESTÉTICA,SECAGEM,1770
MOEMA,ULTRAFORMER_III,ULTRAFORMER FULLFACE,15780
MOEMA,ULTRAFORMER_III,ULTRAFORMER FULLFACE + PESCOÇO,3510
MOEMA,ULTRAFORMER_III,ULTRAFORMER FULLFACE + PESCOÇO + PAPADA,540
MOEMA,ULTRAFORMER_III,ULTRAFORMER GLUTEO,90
MOEMA,ULTRAFORMER_III,ULTRAFORMER INTERNO COXA,1260
MOEMA,ULTRAFORMER_III,ULTRAFORMER MAÇA DO ROSTO,405
MOEMA,ULTRAFORMER_III,ULTRAFORMER OLHOS,1200
MOEMA,ULTRAFORMER_III,ULTRAFORMER PAPADA,4590
MOEMA,ULTRAFORMER_III,ULTRAFORMER PESCOÇO,1360
MOOCA,ESTÉTICA,CARBOXITERAPIA,3390
MOOCA,ESTÉTICA,CRIOLIPÓLISE,1680
MOOCA,ESTÉTICA,DRENAGEM,26040
MOOCA,ESTÉTICA,HECCUS,4770
MOOCA,ESTÉTICA,HIDRATAÇÃO,2130
MOOCA,ESTÉTICA,LIMPEZA DE PELE,32940
MOOCA,ESTÉTICA,PEELING DE DIAMANTE,7620
MOOCA,ESTÉTICA,PRÓ- SHAPE,2640
MOOCA,ESTÉTICA,RADIOFREQUÊNCIA,1560
MOOCA,LAVIEEN,LAVIEEN,7170
MOOCA,LAVIEEN,PRÓ-SÉRUM,180
MOOCA,MEDICINA ESTÉTICA,BOTOX LIGHT,240
MOOCA,MEDICINA ESTÉTICA,BOTOX POWER,2400
MOOCA,MEDICINA ESTÉTICA,DERMAROLLER,300
MOOCA,MEDICINA ESTÉTICA,ENZIMA MELASMA,30
MOOCA,MEDICINA ESTÉTICA,GLÚTEO MAX,30
MOOCA,MEDICINA ESTÉTICA,PEELING QUÍMICO,1260
MOOCA,MEDICINA ESTÉTICA,PREENCHIMENTO,2670
MOOCA,MEDICINA ESTÉTICA,PRÓ-BELLA,360
MOOCA,MEDICINA ESTÉTICA,PRÓ-LIPO,1890
MOOCA,MEDICINA ESTÉTICA,PRÓ-MESO,360
MOOCA,MEDICINA ESTÉTICA,RADIESSE,210
MOOCA,MEDICINA ESTÉTICA,RETOQUE,510
MOOCA,MEDICINA ESTÉTICA,SCULPTRA,2310
MOOCA,MEDICINA ESTÉTICA,SECAGEM,510
MOOCA,ULTRAFORMER_III,ULTRAFORMER FULLFACE,4200
MOOCA,ULTRAFORMER_III,ULTRAFORMER FULLFACE + PESCOÇO,90
MOOCA,ULTRAFORMER_III,ULTRAFORMER FULLFACE + PESCOÇO + PAPADA,90
MOOCA,ULTRAFORMER_III,ULTRAFORMER MAÇA DO ROSTO,315
MOOCA,ULTRAFORMER_III,ULTRAFORMER OLHOS,330
MOOCA,ULTRAFORMER_III,ULTRAFORMER PAPADA,1500
MOOCA,ULTRAFORMER_III,ULTRAFORMER PESCOÇO,560
OSASCO,ESTÉTICA,CARBOXITERAPIA,4830
OSASCO,ESTÉTICA,CRIOLIPÓLISE,6120
OSASCO,ESTÉTICA,DRENAGEM,43860
OSASCO,ESTÉTICA,HECCUS,2850
OSASCO,ESTÉTICA,HIDRATAÇÃO,2190
OSASCO,ESTÉTICA,LIMPEZA DE PELE,48120
OSASCO,ESTÉTICA,PEELING DE DIAMANTE,19290
OSASCO,ESTÉTICA,PRÓ- SHAPE,2760
OSASCO,ESTÉTICA,RADIOFREQUÊNCIA,2520
OSASCO,LAVIEEN,LAVIEEN,11955
OSASCO,LAVIEEN,PRÓ-SÉRUM,670
OSASCO,MEDICINA ESTÉTICA,BOTOX LIGHT,390
OSASCO,MEDICINA ESTÉTICA,BOTOX POWER,4950
OSASCO,MEDICINA ESTÉTICA,DERMAROLLER,510
OSASCO,MEDICINA ESTÉTICA,ENZIMA MELASMA,30
OSASCO,MEDICINA ESTÉTICA,GLÚTEO MAX,90
OSASCO,MEDICINA ESTÉTICA,PEELING QUÍMICO,1980
OSASCO,MEDICINA ESTÉTICA,PREENCHIMENTO,4530
OSASCO,MEDICINA ESTÉTICA,PRÓ-BELLA,60
OSASCO,MEDICINA ESTÉTICA,PRÓ-LIPO,2055
OSASCO,MEDICINA ESTÉTICA,PRÓ-MESO,240
OSASCO,MEDICINA ESTÉTICA,RADIESSE,270
OSASCO,MEDICINA ESTÉTICA,RETOQUE,1455
OSASCO,MEDICINA ESTÉTICA,SCULPTRA,1950
OSASCO,MEDICINA ESTÉTICA,SECAGEM,1860
OSASCO,ULTRAFORMER_III,ULTRAFORMER FULLFACE,3900
OSASCO,ULTRAFORMER_III,ULTRAFORMER FULLFACE + PESCOÇO,360
OSASCO,ULTRAFORMER_III,ULTRAFORMER MAÇA DO ROSTO,270
OSASCO,ULTRAFORMER_III,ULTRAFORMER OLHOS,990
OSASCO,ULTRAFORMER_III,ULTRAFORMER PAPADA,1590
OSASCO,ULTRAFORMER_III,ULTRAFORMER PESCOÇO,80
RIBEIRÃO PRETO,ESTÉTICA,CARBOXITERAPIA,1410
RIBEIRÃO PRETO,ESTÉTICA,CRIOLIPÓLISE,900
RIBEIRÃO PRETO,ESTÉTICA,DRENAGEM,9420
RIBEIRÃO PRETO,ESTÉTICA,HECCUS,1320
RIBEIRÃO PRETO,ESTÉTICA,HIDRATAÇÃO,810
RIBEIRÃO PRETO,ESTÉTICA,LIMPEZA DE PELE,14520
RIBEIRÃO PRETO,ESTÉTICA,PEELING DE DIAMANTE,8100
RIBEIRÃO PRETO,ESTÉTICA,PRÓ- SHAPE,3240
RIBEIRÃO PRETO,ESTÉTICA,RADIOFREQUÊNCIA,840
RIBEIRÃO PRETO,LAVIEEN,LAVIEEN,6210
RIBEIRÃO PRETO,LAVIEEN,PRÓ-SÉRUM,145
RIBEIRÃO PRETO,MEDICINA ESTÉTICA,BOTOX LIGHT,30
RIBEIRÃO PRETO,MEDICINA ESTÉTICA,BOTOX POWER,2340
RIBEIRÃO PRETO,MEDICINA ESTÉTICA,CO2 CICATRIZ,10
RIBEIRÃO PRETO,MEDICINA ESTÉTICA,CO2 ROSTO,120
RIBEIRÃO PRETO,MEDICINA ESTÉTICA,GLÚTEO MAX,30
RIBEIRÃO PRETO,MEDICINA ESTÉTICA,PEELING QUÍMICO,240
RIBEIRÃO PRETO,MEDICINA ESTÉTICA,PREENCHIMENTO,2100
RIBEIRÃO PRETO,MEDICINA ESTÉTICA,PRÓ-BELLA,960
RIBEIRÃO PRETO,MEDICINA ESTÉTICA,PRÓ-LIPO,1620
RIBEIRÃO PRETO,MEDICINA ESTÉTICA,PRÓ-MESO,360
RIBEIRÃO PRETO,MEDICINA ESTÉTICA,RADIESSE,720
RIBEIRÃO PRETO,MEDICINA ESTÉTICA,RETOQUE,690
RIBEIRÃO PRETO,MEDICINA ESTÉTICA,SCULPTRA,1350
RIBEIRÃO PRETO,MEDICINA ESTÉTICA,SECAGEM,510
RIBEIRÃO PRETO,ULTRAFORMER_III,ULTRAFORMER BRAÇO,180
RIBEIRÃO PRETO,ULTRAFORMER_III,ULTRAFORMER FULLFACE,3060
RIBEIRÃO PRETO,ULTRAFORMER_III,ULTRAFORMER FULLFACE + PESCOÇO,180
RIBEIRÃO PRETO,ULTRAFORMER_III,ULTRAFORMER MAÇA DO ROSTO,45
RIBEIRÃO PRETO,ULTRAFORMER_III,ULTRAFORMER OLHOS,240
RIBEIRÃO PRETO,ULTRAFORMER_III,ULTRAFORMER PAPADA,810
RIBEIRÃO PRETO,ULTRAFORMER_III,ULTRAFORMER PESCOÇO,400
SANTO AMARO,ESTÉTICA,CARBOXITERAPIA,7890
SANTO AMARO,ESTÉTICA,CRIOLIPÓLISE,10260
SANTO AMARO,ESTÉTICA,DRENAGEM,47940
SANTO AMARO,ESTÉTICA,HECCUS,7440
SANTO AMARO,ESTÉTICA,HIDRATAÇÃO,7320
SANTO AMARO,ESTÉTICA,LIMPEZA DE PELE,74640
SANTO AMARO,ESTÉTICA,PEELING DE DIAMANTE,27450
SANTO AMARO,ESTÉTICA,PRÓ- SHAPE,7740
SANTO AMARO,ESTÉTICA,RADIOFREQUÊNCIA,4860
SANTO AMARO,LAVIEEN,LAVIEEN,11190
SANTO AMARO,LAVIEEN,PRÓ-SÉRUM,625
SANTO AMARO,MEDICINA ESTÉTICA,BOTOX LIGHT,1860
SANTO AMARO,MEDICINA ESTÉTICA,BOTOX POWER,10800
SANTO AMARO,MEDICINA ESTÉTICA,CO2 COLO,120
SANTO AMARO,MEDICINA ESTÉTICA,CO2 MÃOS,70
SANTO AMARO,MEDICINA ESTÉTICA,CO2 OLHEIRAS,20
SANTO AMARO,MEDICINA ESTÉTICA,CO2 PESCOÇO,20
SANTO AMARO,MEDICINA ESTÉTICA,CO2 ROSTO,630
SANTO AMARO,MEDICINA ESTÉTICA,DERMAROLLER,3450
SANTO AMARO,MEDICINA ESTÉTICA,ENZIMA MELASMA,1680
SANTO AMARO,MEDICINA ESTÉTICA,GLÚTEO MAX,150
SANTO AMARO,MEDICINA ESTÉTICA,PEELING QUÍMICO,10320
SANTO AMARO,MEDICINA ESTÉTICA,PREENCHIMENTO,9120
SANTO AMARO,MEDICINA ESTÉTICA,PRÓ-BELLA,900
SANTO AMARO,MEDICINA ESTÉTICA,PRÓ-FIT,15
SANTO AMARO,MEDICINA ESTÉTICA,PRÓ-LIPO,4560
SANTO AMARO,MEDICINA ESTÉTICA,PRÓ-MESO,3240
SANTO AMARO,MEDICINA ESTÉTICA,RADIESSE,1440
SANTO AMARO,MEDICINA ESTÉTICA,RETOQUE,3540
SANTO AMARO,MEDICINA ESTÉTICA,SCULPTRA,4680
SANTO AMARO,MEDICINA ESTÉTICA,SECAGEM,2400
SANTO AMARO,ULTRAFORMER_III,ULTRAFORMER BRAÇO,90
SANTO AMARO,ULTRAFORMER_III,ULTRAFORMER FULLFACE,6180
SANTO AMARO,ULTRAFORMER_III,ULTRAFORMER FULLFACE + PESCOÇO,360
SANTO AMARO,ULTRAFORMER_III,ULTRAFORMER FULLFACE + PESCOÇO + PAPADA,180
SANTO AMARO,ULTRAFORMER_III,ULTRAFORMER GLUTEO,45
SANTO AMARO,ULTRAFORMER_III,ULTRAFORMER MAÇA DO ROSTO,810
SANTO AMARO,ULTRAFORMER_III,ULTRAFORMER OLHOS,1230
SANTO AMARO,ULTRAFORMER_III,ULTRAFORMER PAPADA,2760
SANTO AMARO,ULTRAFORMER_III,ULTRAFORMER PESCOÇO,1000
SANTOS,ESTÉTICA,CARBOXITERAPIA,11370
SANTOS,ESTÉTICA,CRIOLIPÓLISE,8340
SANTOS,ESTÉTICA,DRENAGEM,66660
SANTOS,ESTÉTICA,HECCUS,7410
SANTOS,ESTÉTICA,HIDRATAÇÃO,4740
SANTOS,ESTÉTICA,LIMPEZA DE PELE,52380
SANTOS,ESTÉTICA,PEELING DE DIAMANTE,14100
SANTOS,ESTÉTICA,PRÓ- SHAPE,3540
SANTOS,ESTÉTICA,RADIOFREQUÊNCIA,9540
SANTOS,LAVIEEN,LAVIEEN,10905
SANTOS,LAVIEEN,PRÓ-SÉRUM,25
SANTOS,MEDICINA ESTÉTICA,BOTOX LIGHT,990
SANTOS,MEDICINA ESTÉTICA,BOTOX POWER,10590
SANTOS,MEDICINA ESTÉTICA,DERMAROLLER,630
SANTOS,MEDICINA ESTÉTICA,GLÚTEO MAX,90
SANTOS,MEDICINA ESTÉTICA,PEELING QUÍMICO,2370
SANTOS,MEDICINA ESTÉTICA,PREENCHIMENTO,9240
SANTOS,MEDICINA ESTÉTICA,PRÓ-BELLA,180
SANTOS,MEDICINA ESTÉTICA,PRÓ-LIPO,2805
SANTOS,MEDICINA ESTÉTICA,PRÓ-MESO,1110
SANTOS,MEDICINA ESTÉTICA,RADIESSE,960
SANTOS,MEDICINA ESTÉTICA,RETOQUE,3390
SANTOS,MEDICINA ESTÉTICA,SCULPTRA,2370
SANTOS,MEDICINA ESTÉTICA,SECAGEM,2310
SANTOS,ULTRAFORMER_III,ULTRAFORMER BRAÇO,90
SANTOS,ULTRAFORMER_III,ULTRAFORMER FULLFACE,5640
SANTOS,ULTRAFORMER_III,ULTRAFORMER FULLFACE + PESCOÇO,540
SANTOS,ULTRAFORMER_III,ULTRAFORMER MAÇA DO ROSTO,135
SANTOS,ULTRAFORMER_III,ULTRAFORMER OLHOS,540
SANTOS,ULTRAFORMER_III,ULTRAFORMER PAPADA,1950
SANTOS,ULTRAFORMER_III,ULTRAFORMER PESCOÇO,600
SOROCABA,ESTÉTICA,CARBOXITERAPIA,2460
SOROCABA,ESTÉTICA,CRIOLIPÓLISE,1440
SOROCABA,ESTÉTICA,DRENAGEM,26040
SOROCABA,ESTÉTICA,HECCUS,1620
SOROCABA,ESTÉTICA,HIDRATAÇÃO,1950
SOROCABA,ESTÉTICA,LIMPEZA DE PELE,36960
SOROCABA,ESTÉTICA,PEELING DE DIAMANTE,16320
SOROCABA,ESTÉTICA,PRÓ- SHAPE,4560
SOROCABA,ESTÉTICA,RADIOFREQUÊNCIA,3570
SOROCABA,LAVIEEN,LAVIEEN,10635
SOROCABA,LAVIEEN,PRÓ-SÉRUM,15
SOROCABA,MEDICINA ESTÉTICA,BOTOX LIGHT,900
SOROCABA,MEDICINA ESTÉTICA,BOTOX POWER,6180
SOROCABA,MEDICINA ESTÉTICA,DERMAROLLER,270
SOROCABA,MEDICINA ESTÉTICA,ENZIMA MELASMA,540
SOROCABA,MEDICINA ESTÉTICA,GLÚTEO MAX,165
SOROCABA,MEDICINA ESTÉTICA,PEELING QUÍMICO,1440
SOROCABA,MEDICINA ESTÉTICA,PREENCHIMENTO,3120
SOROCABA,MEDICINA ESTÉTICA,PRÓ-BELLA,30
SOROCABA,MEDICINA ESTÉTICA,PRÓ-LIPO,1965
SOROCABA,MEDICINA ESTÉTICA,PRÓ-MESO,450
SOROCABA,MEDICINA ESTÉTICA,RADIESSE,870
SOROCABA,MEDICINA ESTÉTICA,RETOQUE,1470
SOROCABA,MEDICINA ESTÉTICA,SCULPTRA,2190
SOROCABA,MEDICINA ESTÉTICA,SECAGEM,1260
SOROCABA,ULTRAFORMER_III,ULTRAFORMER FULLFACE,4620
SOROCABA,ULTRAFORMER_III,ULTRAFORMER FULLFACE + PESCOÇO,630
SOROCABA,ULTRAFORMER_III,ULTRAFORMER FULLFACE + PESCOÇO + PAPADA,90
SOROCABA,ULTRAFORMER_III,ULTRAFORMER GLUTEO,90
SOROCABA,ULTRAFORMER_III,ULTRAFORMER MAÇA DO ROSTO,450
SOROCABA,ULTRAFORMER_III,ULTRAFORMER OLHOS,570
SOROCABA,ULTRAFORMER_III,ULTRAFORMER PAPADA,900
SOROCABA,ULTRAFORMER_III,ULTRAFORMER PESCOÇO,280
SÃO BERNARDO,ESTÉTICA,CARBOXITERAPIA,330
SÃO BERNARDO,ESTÉTICA,CRIOLIPÓLISE,360
SÃO BERNARDO,ESTÉTICA,DRENAGEM,2460
SÃO BERNARDO,ESTÉTICA,HECCUS,900
SÃO BERNARDO,ESTÉTICA,HIDRATAÇÃO,180
SÃO BERNARDO,ESTÉTICA,LIMPEZA DE PELE,4620
SÃO BERNARDO,ESTÉTICA,PEELING DE DIAMANTE,1050
SÃO BERNARDO,ESTÉTICA,PRÓ- SHAPE,1020
SÃO BERNARDO,ESTÉTICA,RADIOFREQUÊNCIA,210
SÃO BERNARDO,LAVIEEN,LAVIEEN,330
SÃO BERNARDO,LAVIEEN,PRÓ-SÉRUM,25
SÃO BERNARDO,MEDICINA ESTÉTICA,BOTOX POWER,420
SÃO BERNARDO,MEDICINA ESTÉTICA,DERMAROLLER,30
SÃO BERNARDO,MEDICINA ESTÉTICA,PEELING QUÍMICO,120
SÃO BERNARDO,MEDICINA ESTÉTICA,PREENCHIMENTO,510
SÃO BERNARDO,MEDICINA ESTÉTICA,PRÓ-LIPO,390
SÃO BERNARDO,MEDICINA ESTÉTICA,RETOQUE,120
SÃO BERNARDO,MEDICINA ESTÉTICA,SCULPTRA,120
SÃO BERNARDO,MEDICINA ESTÉTICA,SECAGEM,150
SÃO BERNARDO,ULTRAFORMER_III,ULTRAFORMER FULLFACE,300
SÃO BERNARDO,ULTRAFORMER_III,ULTRAFORMER OLHOS,30
TATUAPÉ,ESTÉTICA,CARBOXITERAPIA,9570
TATUAPÉ,ESTÉTICA,CRIOLIPÓLISE,6960
TATUAPÉ,ESTÉTICA,DRENAGEM,39900
TATUAPÉ,ESTÉTICA,HECCUS,9150
TATUAPÉ,ESTÉTICA,HIDRATAÇÃO,6630
TATUAPÉ,ESTÉTICA,LIMPEZA DE PELE,79800
TATUAPÉ,ESTÉTICA,PEELING DE DIAMANTE,26670
TATUAPÉ,ESTÉTICA,PRÓ- SHAPE,6540
TATUAPÉ,ESTÉTICA,RADIOFREQUÊNCIA,5370
TATUAPÉ,LAVIEEN,LAVIEEN,16830
TATUAPÉ,LAVIEEN,PRÓ-SÉRUM,220
TATUAPÉ,MEDICINA ESTÉTICA,BOTOX LIGHT,2250
TATUAPÉ,MEDICINA ESTÉTICA,BOTOX POWER,12870
TATUAPÉ,MEDICINA ESTÉTICA,CO2 CICATRIZ,30
TATUAPÉ,MEDICINA ESTÉTICA,CO2 COLO,40
TATUAPÉ,MEDICINA ESTÉTICA,CO2 OLHEIRAS,10
TATUAPÉ,MEDICINA ESTÉTICA,CO2 PESCOÇO,40
TATUAPÉ,MEDICINA ESTÉTICA,CO2 ROSTO,390
TATUAPÉ,MEDICINA ESTÉTICA,DERMAROLLER,2130
TATUAPÉ,MEDICINA ESTÉTICA,ENZIMA MELASMA,30
TATUAPÉ,MEDICINA ESTÉTICA,GLÚTEO MAX,210
TATUAPÉ,MEDICINA ESTÉTICA,PEELING QUÍMICO,8040
TATUAPÉ,MEDICINA ESTÉTICA,PREENCHIMENTO,10530
TATUAPÉ,MEDICINA ESTÉTICA,PRÓ-BELLA,630
TATUAPÉ,MEDICINA ESTÉTICA,PRÓ-LIPO,4230
TATUAPÉ,MEDICINA ESTÉTICA,PRÓ-MESO,1620
TATUAPÉ,MEDICINA ESTÉTICA,RADIESSE,1530
TATUAPÉ,MEDICINA ESTÉTICA,RETOQUE,720
TATUAPÉ,MEDICINA ESTÉTICA,SCULPTRA,4920
TATUAPÉ,MEDICINA ESTÉTICA,SECAGEM,1980
TATUAPÉ,ULTRAFORMER_III,ULTRAFORMER BRAÇO,45
TATUAPÉ,ULTRAFORMER_III,ULTRAFORMER FULLFACE,8040
TATUAPÉ,ULTRAFORMER_III,ULTRAFORMER FULLFACE + PESCOÇO,2160
TATUAPÉ,ULTRAFORMER_III,ULTRAFORMER FULLFACE + PESCOÇO + PAPADA,90
TATUAPÉ,ULTRAFORMER_III,ULTRAFORMER MAÇA DO ROSTO,1035
TATUAPÉ,ULTRAFORMER_III,ULTRAFORMER OLHOS,1320
TATUAPÉ,ULTRAFORMER_III,ULTRAFORMER PAPADA,4410
TATUAPÉ,ULTRAFORMER_III,ULTRAFORMER PESCOÇO,1040
TIJUCA,ESTÉTICA,CARBOXITERAPIA,7680
TIJUCA,ESTÉTICA,CRIOLIPÓLISE,6720
TIJUCA,ESTÉTICA,DRENAGEM,208020
TIJUCA,ESTÉTICA,HECCUS,10650
TIJUCA,ESTÉTICA,HIDRATAÇÃO,4290
TIJUCA,ESTÉTICA,LIMPEZA DE PELE,83160
TIJUCA,ESTÉTICA,PEELING DE DIAMANTE,22950
TIJUCA,ESTÉTICA,PRÓ- SHAPE,18420
TIJUCA,ESTÉTICA,RADIOFREQUÊNCIA,13320
TIJUCA,LAVIEEN,LAVIEEN,13920
TIJUCA,LAVIEEN,PRÓ-SÉRUM,340
TIJUCA,MEDICINA ESTÉTICA,BOTOX LIGHT,450
TIJUCA,MEDICINA ESTÉTICA,BOTOX POWER,8910
TIJUCA,MEDICINA ESTÉTICA,CO2 CICATRIZ,220
TIJUCA,MEDICINA ESTÉTICA,CO2 COLO,140
TIJUCA,MEDICINA ESTÉTICA,CO2 ROSTO,660
TIJUCA,MEDICINA ESTÉTICA,DERMAROLLER,1530
TIJUCA,MEDICINA ESTÉTICA,GLÚTEO MAX,75
TIJUCA,MEDICINA ESTÉTICA,PEELING QUÍMICO,5490
TIJUCA,MEDICINA ESTÉTICA,PREENCHIMENTO,6720
TIJUCA,MEDICINA ESTÉTICA,PRÓ-BELLA,1110
TIJUCA,MEDICINA ESTÉTICA,PRÓ-LIPO,6750
TIJUCA,MEDICINA ESTÉTICA,PRÓ-MESO,1650
TIJUCA,MEDICINA ESTÉTICA,RADIESSE,1710
TIJUCA,MEDICINA ESTÉTICA,RETOQUE,3645
TIJUCA,MEDICINA ESTÉTICA,SCULPTRA,3690
TIJUCA,MEDICINA ESTÉTICA,SECAGEM,1860
TIJUCA,ULTRAFORMER_III,ULTRAFORMER BRAÇO,45
TIJUCA,ULTRAFORMER_III,ULTRAFORMER FULLFACE,8460
TIJUCA,ULTRAFORMER_III,ULTRAFORMER FULLFACE + PESCOÇO,2070
TIJUCA,ULTRAFORMER_III,ULTRAFORMER GLUTEO,45
TIJUCA,ULTRAFORMER_III,ULTRAFORMER INTERNO COXA,180
TIJUCA,ULTRAFORMER_III,ULTRAFORMER MAÇA DO ROSTO,360
TIJUCA,ULTRAFORMER_III,ULTRAFORMER OLHOS,150
TIJUCA,ULTRAFORMER_III,ULTRAFORMER PAPADA,2700
TIJUCA,ULTRAFORMER_III,ULTRAFORMER PESCOÇO,920
TUCURUVI,ESTÉTICA,CARBOXITERAPIA,3480
TUCURUVI,ESTÉTICA,CRIOLIPÓLISE,4140
TUCURUVI,ESTÉTICA,DRENAGEM,28200
TUCURUVI,ESTÉTICA,HECCUS,7890
TUCURUVI,ESTÉTICA,HIDRATAÇÃO,2460
TUCURUVI,ESTÉTICA,LIMPEZA DE PELE,38220
TUCURUVI,ESTÉTICA,PEELING DE DIAMANTE,14970
TUCURUVI,ESTÉTICA,PRÓ- SHAPE,5340
TUCURUVI,ESTÉTICA,RADIOFREQUÊNCIA,5490
TUCURUVI,LAVIEEN,LAVIEEN,12555
TUCURUVI,LAVIEEN,PRÓ-SÉRUM,40
TUCURUVI,MEDICINA ESTÉTICA,BOTOX LIGHT,990
TUCURUVI,MEDICINA ESTÉTICA,BOTOX POWER,6900
TUCURUVI,MEDICINA ESTÉTICA,CO2 CICATRIZ,10
TUCURUVI,MEDICINA ESTÉTICA,CO2 ROSTO,180
TUCURUVI,MEDICINA ESTÉTICA,DERMAROLLER,690
TUCURUVI,MEDICINA ESTÉTICA,ENZIMA MELASMA,30
TUCURUVI,MEDICINA ESTÉTICA,PEELING QUÍMICO,1260
TUCURUVI,MEDICINA ESTÉTICA,PREENCHIMENTO,5040
TUCURUVI,MEDICINA ESTÉTICA,PRÓ-BELLA,660
TUCURUVI,MEDICINA ESTÉTICA,PRÓ-LIPO,3870
TUCURUVI,MEDICINA ESTÉTICA,PRÓ-MESO,90
TUCURUVI,MEDICINA ESTÉTICA,RADIESSE,240
TUCURUVI,MEDICINA ESTÉTICA,RETOQUE,1965
TUCURUVI,MEDICINA ESTÉTICA,SCULPTRA,4140
TUCURUVI,MEDICINA ESTÉTICA,SECAGEM,1290
TUCURUVI,ULTRAFORMER_III,ULTRAFORMER BRAÇO,45
TUCURUVI,ULTRAFORMER_III,ULTRAFORMER FULLFACE,5100
TUCURUVI,ULTRAFORMER_III,ULTRAFORMER FULLFACE + PESCOÇO,1350
TUCURUVI,ULTRAFORMER_III,ULTRAFORMER GLUTEO,45
TUCURUVI,ULTRAFORMER_III,ULTRAFORMER MAÇA DO ROSTO,405
TUCURUVI,ULTRAFORMER_III,ULTRAFORMER OLHOS,810
TUCURUVI,ULTRAFORMER_III,ULTRAFORMER PAPADA,2250
TUCURUVI,ULTRAFORMER_III,ULTRAFORMER PESCOÇO,800
VILA MASCOTE,ESTÉTICA,CARBOXITERAPIA,270
VILA MASCOTE,ESTÉTICA,CRIOLIPÓLISE,120
VILA MASCOTE,ESTÉTICA,DRENAGEM,2220
VILA MASCOTE,ESTÉTICA,HECCUS,660
VILA MASCOTE,ESTÉTICA,HIDRATAÇÃO,150
VILA MASCOTE,ESTÉTICA,LIMPEZA DE PELE,2580
VILA MASCOTE,ESTÉTICA,PEELING DE DIAMANTE,450
VILA MASCOTE,LAVIEEN,LAVIEEN,1725
VILA MASCOTE,LAVIEEN,PRÓ-SÉRUM,5
VILA MASCOTE,MEDICINA ESTÉTICA,BOTOX LIGHT,30
VILA MASCOTE,MEDICINA ESTÉTICA,BOTOX POWER,330
VILA MASCOTE,MEDICINA ESTÉTICA,GLÚTEO MAX,15
VILA MASCOTE,MEDICINA ESTÉTICA,PEELING QUÍMICO,30
VILA MASCOTE,MEDICINA ESTÉTICA,PREENCHIMENTO,150
VILA MASCOTE,MEDICINA ESTÉTICA,PRÓ-LIPO,15
VILA MASCOTE,MEDICINA ESTÉTICA,PRÓ-MESO,90
VILA MASCOTE,MEDICINA ESTÉTICA,RADIESSE,30
VILA MASCOTE,MEDICINA ESTÉTICA,RETOQUE,120
VILA MASCOTE,MEDICINA ESTÉTICA,SCULPTRA,120
VILA MASCOTE,MEDICINA ESTÉTICA,SECAGEM,30
VILA MASCOTE,ULTRAFORMER_III,ULTRAFORMER FULLFACE,840
VILA MASCOTE,ULTRAFORMER_III,ULTRAFORMER FULLFACE + PESCOÇO,180
VILA MASCOTE,ULTRAFORMER_III,ULTRAFORMER PAPADA,150
