Unidade,Grupo,Procedimentos Padronizados,Preço médio
ALPHAVILLE,ESTÉTICA,CARBOXITERAPIA,108.54
ALPHAVILLE,ESTÉTICA,CRIOLIPÓLISE,386.14
ALPHAVILLE,ESTÉTICA,DRENAGEM,97.66
ALPHAVILLE,ESTÉTICA,DRENAGEM 30 MIN,54.82
ALPHAVILLE,ESTÉTICA,HECCUS,95.34
ALPHAVILLE,ESTÉTICA,HIDRATAÇÃO,114.76
ALPHAVILLE,ESTÉTICA,LIMPEZA DE PELE,75.54
ALPHAVILLE,ESTÉTICA,PEELING DE DIAMANTE,124.44
ALPHAVILLE,ESTÉTICA,PRÓ- SHAPE,108.62
ALPHAVILLE,ESTÉTICA,PRÓ-SHAPE,117.6
ALPHAVILLE,ESTÉTICA,RADIOFREQUÊNCIA,93.8
ALPHAVILLE,LAVIEEN,LAVIEEN,318.96
ALPHAVILLE,LAVIEEN,PRÓ-SÉRUM,150.0
ALPHAVILLE,MEDICINA ESTÉTICA,BOTOX LIGHT,511.76
ALPHAVILLE,MEDICINA ESTÉTICA,BOTOX POWER,836.18
ALPHAVILLE,MEDICINA ESTÉTICA,DERMAROLLER,311.67
ALPHAVILLE,MEDICINA ESTÉTICA,ENZIMA MELASMA,290.0
ALPHAVILLE,MEDICINA ESTÉTICA,PEELING QUÍMICO,247.31
ALPHAVILLE,MEDICINA ESTÉTICA,PREENCHIMENTO,846.12
ALPHAVILLE,MEDICINA ESTÉTICA,PRÓ-BELLA,214.5
ALPHAVILLE,MEDICINA ESTÉTICA,PRÓ-LIPO,207.32
ALPHAVILLE,MEDICINA ESTÉTICA,PRÓ-MESO,200.0
ALPHAVILLE,MEDICINA ESTÉTICA,RADIESSE,1504.0
ALPHAVILLE,MEDICINA ESTÉTICA,SCULPTRA,1883.33
ALPHAVILLE,MEDICINA ESTÉTICA,SECAGEM,154.6
ALPHAVILLE,ULTRAFORMER_III,ULTRAFORMER FULLFACE,1711.65
ALPHAVILLE,ULTRAFORMER_III,ULTRAFORMER FULLFACE + PESCOÇO,2500.0
ALPHAVILLE,ULTRAFORMER_III,ULTRAFORMER INTERNO COXA,1500.0
ALPHAVILLE,ULTRAFORMER_III,ULTRAFORMER MAÇA DO ROSTO,1000.0
ALPHAVILLE,ULTRAFORMER_III,ULTRAFORMER OLHOS,764.0
ALPHAVILLE,ULTRAFORMER_III,ULTRAFORMER PAPADA,711.01
ALPHAVILLE,ULTRAFORMER_III,ULTRAFORMER PESCOÇO,980.83
BELO HORIZONTE,ESTÉTICA,CARBOXITERAPIA,113.6
BELO HORIZONTE,ESTÉTICA,CRIOLIPÓLISE,358.4
BELO HORIZONTE,ESTÉTICA,DRENAGEM,85.24
BELO HORIZONTE,ESTÉTICA,DRENAGEM 30 MIN,59.0
BELO HORIZONTE,ESTÉTICA,HECCUS,109.2
BELO HORIZONTE,ESTÉTICA,HIDRATAÇÃO,81.7
BELO HORIZONTE,ESTÉTICA,LIMPEZA DE PELE,72.93
BELO HORIZONTE,ESTÉTICA,PEELING DE DIAMANTE,111.05
BELO HORIZONTE,ESTÉTICA,PRÓ- SHAPE,150.0
BELO HORIZONTE,ESTÉTICA,RADIOFREQUÊNCIA,98.35
BELO HORIZONTE,LAVIEEN,LAVIEEN,378.53
BELO HORIZONTE,LAVIEEN,PRÓ-SÉRUM,150.0
BELO HORIZONTE,MEDICINA ESTÉTICA,BOTOX LIGHT,572.0
BELO HORIZONTE,MEDICINA ESTÉTICA,BOTOX POWER,863.3
BELO HORIZONTE,MEDICINA ESTÉTICA,CO2 ROSTO,840.0
BELO HORIZONTE,MEDICINA ESTÉTICA,DERMAROLLER,472.0
BELO HORIZONTE,MEDICINA ESTÉTICA,PEELING QUÍMICO,275.0
BELO HORIZONTE,MEDICINA ESTÉTICA,PREENCHIMENTO,894.52
BELO HORIZONTE,MEDICINA ESTÉTICA,PRÓ-BELLA,261.0
BELO HORIZONTE,MEDICINA ESTÉTICA,PRÓ-LIPO,233.44
BELO HORIZONTE,MEDICINA ESTÉTICA,PRÓ-MESO,200.0
BELO HORIZONTE,MEDICINA ESTÉTICA,RADIESSE,1850.0
BELO HORIZONTE,MEDICINA ESTÉTICA,SCULPTRA,1946.56
BELO HORIZONTE,MEDICINA ESTÉTICA,SECAGEM,190.0
BELO HORIZONTE,ULTRAFORMER_III,ULTRAFORMER FULLFACE,1718.63
BELO HORIZONTE,ULTRAFORMER_III,ULTRAFORMER FULLFACE + PESCOÇO,2372.0
BELO HORIZONTE,ULTRAFORMER_III,ULTRAFORMER INTERNO COXA,1690.0
BELO HORIZONTE,ULTRAFORMER_III,ULTRAFORMER OLHOS,740.0
BELO HORIZONTE,ULTRAFORMER_III,ULTRAFORMER PAPADA,731.05
BELO HORIZONTE,ULTRAFORMER_III,ULTRAFORMER PESCOÇO,1200.0
CAMPINAS,ESTÉTICA,CARBOXITERAPIA,102.76
CAMPINAS,ESTÉTICA,CRIOLIPÓLISE,387.6
CAMPINAS,ESTÉTICA,DRENAGEM,98.54
CAMPINAS,ESTÉTICA,DRENAGEM 30 MIN,58.15
CAMPINAS,ESTÉTICA,HECCUS,100.77
CAMPINAS,ESTÉTICA,LIMPEZA DE PELE,78.37
CAMPINAS,ESTÉTICA,PEELING DE DIAMANTE,106.46
CAMPINAS,ESTÉTICA,PRÓ- SHAPE,118.1
CAMPINAS,ESTÉTICA,PRÓ-SHAPE,101.08
CAMPINAS,ESTÉTICA,RADIOFREQUÊNCIA,104.13
CAMPINAS,LAVIEEN,LAVIEEN,375.85
CAMPINAS,LAVIEEN,PRÓ-SÉRUM,150.0
CAMPINAS,MEDICINA ESTÉTICA,BOTOX LIGHT,559.78
CAMPINAS,MEDICINA ESTÉTICA,BOTOX POWER,840.03
CAMPINAS,MEDICINA ESTÉTICA,CO2 CICATRIZ,455.0
CAMPINAS,MEDICINA ESTÉTICA,CO2 ROSTO,500.0
CAMPINAS,MEDICINA ESTÉTICA,DERMAROLLER,445.44
CAMPINAS,MEDICINA ESTÉTICA,GLÚTEO MAX,360.0
CAMPINAS,MEDICINA ESTÉTICA,PEELING QUÍMICO,233.75
CAMPINAS,MEDICINA ESTÉTICA,PREENCHIMENTO,865.84
CAMPINAS,MEDICINA ESTÉTICA,PRÓ-BELLA,235.0
CAMPINAS,MEDICINA ESTÉTICA,PRÓ-LIPO,208.35
CAMPINAS,MEDICINA ESTÉTICA,PRÓ-MESO,216.88
CAMPINAS,MEDICINA ESTÉTICA,RADIESSE,1625.0
CAMPINAS,MEDICINA ESTÉTICA,SCULPTRA,1879.23
CAMPINAS,MEDICINA ESTÉTICA,SECAGEM,129.01
CAMPINAS,MEDICINA ESTÉTICA,UP BUMBUM,10600.0
CAMPINAS,ULTRAFORMER_III,ULTRAFORMER FULLFACE,1715.0
CAMPINAS,ULTRAFORMER_III,ULTRAFORMER FULLFACE + PESCOÇO,2358.68
CAMPINAS,ULTRAFORMER_III,ULTRAFORMER FULLFACE + PESCOÇO + PAPADA,3190.0
CAMPINAS,ULTRAFORMER_III,ULTRAFORMER MAÇA DO ROSTO,1044.56
CAMPINAS,ULTRAFORMER_III,ULTRAFORMER OLHOS,727.15
CAMPINAS,ULTRAFORMER_III,ULTRAFORMER PAPADA,705.95
CAMPINAS,ULTRAFORMER_III,ULTRAFORMER PESCOÇO,1102.5
COPACABANA,ESTÉTICA,CARBOXITERAPIA,92.07
COPACABANA,ESTÉTICA,CRIOLIPÓLISE,428.88
COPACABANA,ESTÉTICA,DRENAGEM,90.95
COPACABANA,ESTÉTICA,DRENAGEM 30 MIN,57.68
COPACABANA,ESTÉTICA,HECCUS,86.7
COPACABANA,ESTÉTICA,HIDRATAÇÃO,56.75
COPACABANA,ESTÉTICA,LIMPEZA DE PELE,71.57
COPACABANA,ESTÉTICA,PEELING DE DIAMANTE,114.38
COPACABANA,ESTÉTICA,PRÓ- SHAPE,100.51
COPACABANA,ESTÉTICA,PRÓ-SHAPE,104.25
COPACABANA,ESTÉTICA,RADIOFREQUÊNCIA,99.25
COPACABANA,LAVIEEN,LAVIEEN,406.24
COPACABANA,LAVIEEN,PRÓ-SÉRUM,150.0
COPACABANA,MEDICINA ESTÉTICA,BOTOX LIGHT,552.82
COPACABANA,MEDICINA ESTÉTICA,BOTOX POWER,834.02
COPACABANA,MEDICINA ESTÉTICA,CO2 CICATRIZ,400.87
COPACABANA,MEDICINA ESTÉTICA,CO2 COLO,539.33
COPACABANA,MEDICINA ESTÉTICA,CO2 MÃOS,410.53
COPACABANA,MEDICINA ESTÉTICA,CO2 OLHEIRAS,0.01
COPACABANA,MEDICINA ESTÉTICA,CO2 PESCOÇO,469.92
COPACABANA,MEDICINA ESTÉTICA,CO2 ROSTO,575.15
COPACABANA,MEDICINA ESTÉTICA,DERMAROLLER,484.91
COPACABANA,MEDICINA ESTÉTICA,GLÚTEO MAX,340.0
COPACABANA,MEDICINA ESTÉTICA,PEELING QUÍMICO,219.36
COPACABANA,MEDICINA ESTÉTICA,PREENCHIMENTO,841.36
COPACABANA,MEDICINA ESTÉTICA,PRÓ-BELLA,217.25
COPACABANA,MEDICINA ESTÉTICA,PRÓ-LIPO,196.14
COPACABANA,MEDICINA ESTÉTICA,PRÓ-MESO,187.22
COPACABANA,MEDICINA ESTÉTICA,RADIESSE,1529.26
COPACABANA,MEDICINA ESTÉTICA,SCULPTRA,1825.58
COPACABANA,MEDICINA ESTÉTICA,SECAGEM,166.33
COPACABANA,ULTRAFORMER_III,ULTRAFORMER BRAÇO,1613.33
COPACABANA,ULTRAFORMER_III,ULTRAFORMER FULLFACE,1705.57
COPACABANA,ULTRAFORMER_III,ULTRAFORMER FULLFACE + PESCOÇO,2366.36
COPACABANA,ULTRAFORMER_III,ULTRAFORMER GLUTEO,1395.0
COPACABANA,ULTRAFORMER_III,ULTRAFORMER INTERNO COXA,1698.75
COPACABANA,ULTRAFORMER_III,ULTRAFORMER MAÇA DO ROSTO,1140.0
COPACABANA,ULTRAFORMER_III,ULTRAFORMER OLHOS,706.67
COPACABANA,ULTRAFORMER_III,ULTRAFORMER PAPADA,701.11
COPACABANA,ULTRAFORMER_III,ULTRAFORMER PESCOÇO,1189.83
IPIRANGA,ESTÉTICA,CARBOXITERAPIA,100.72
IPIRANGA,ESTÉTICA,CRIOLIPÓLISE,415.03
IPIRANGA,ESTÉTICA,DRENAGEM,92.57
IPIRANGA,ESTÉTICA,DRENAGEM 30 MIN,58.78
IPIRANGA,ESTÉTICA,HECCUS,101.9
IPIRANGA,ESTÉTICA,HIDRATAÇÃO,57.2
IPIRANGA,ESTÉTICA,LIMPEZA DE PELE,71.27
IPIRANGA,ESTÉTICA,PEELING DE DIAMANTE,116.67
IPIRANGA,ESTÉTICA,PRÓ- SHAPE,141.06
IPIRANGA,ESTÉTICA,PRÓ-SHAPE,116.3
IPIRANGA,ESTÉTICA,RADIOFREQUÊNCIA,101.17
IPIRANGA,LAVIEEN,LAVIEEN,403.02
IPIRANGA,LAVIEEN,PRÓ-SÉRUM,150.0
IPIRANGA,MEDICINA ESTÉTICA,BOTOX LIGHT,628.8
IPIRANGA,MEDICINA ESTÉTICA,BOTOX POWER,851.06
IPIRANGA,MEDICINA ESTÉTICA,DERMAROLLER,491.58
IPIRANGA,MEDICINA ESTÉTICA,GLÚTEO MAX,351.0
IPIRANGA,MEDICINA ESTÉTICA,PEELING QUÍMICO,259.04
IPIRANGA,MEDICINA ESTÉTICA,PREENCHIMENTO,857.72
IPIRANGA,MEDICINA ESTÉTICA,PRÓ-BELLA,228.75
IPIRANGA,MEDICINA ESTÉTICA,PRÓ-LIPO,217.26
IPIRANGA,MEDICINA ESTÉTICA,PRÓ-MESO,215.45
IPIRANGA,MEDICINA ESTÉTICA,RADIESSE,1633.67
IPIRANGA,MEDICINA ESTÉTICA,SCULPTRA,1887.35
IPIRANGA,MEDICINA ESTÉTICA,SECAGEM,172.1
IPIRANGA,MEDICINA ESTÉTICA,UP BUMBUM,10600.0
IPIRANGA,ULTRAFORMER_III,ULTRAFORMER BRAÇO,1600.0
IPIRANGA,ULTRAFORMER_III,ULTRAFORMER FULLFACE,1764.35
IPIRANGA,ULTRAFORMER_III,ULTRAFORMER FULLFACE + PESCOÇO,2478.57
IPIRANGA,ULTRAFORMER_III,ULTRAFORMER FULLFACE + PESCOÇO + PAPADA,2900.0
IPIRANGA,ULTRAFORMER_III,ULTRAFORMER MAÇA DO ROSTO,1260.0
IPIRANGA,ULTRAFORMER_III,ULTRAFORMER OLHOS,706.54
IPIRANGA,ULTRAFORMER_III,ULTRAFORMER PAPADA,722.74
IPIRANGA,ULTRAFORMER_III,ULTRAFORMER PESCOÇO,1111.76
ITAIM,ESTÉTICA,CARBOXITERAPIA,93.94
ITAIM,ESTÉTICA,CRIOLIPÓLISE,389.63
ITAIM,ESTÉTICA,DRENAGEM,100.72
ITAIM,ESTÉTICA,DRENAGEM 30 MIN,59.0
ITAIM,ESTÉTICA,HECCUS,92.55
ITAIM,ESTÉTICA,HIDRATAÇÃO,39.5
ITAIM,ESTÉTICA,LIMPEZA DE PELE,72.81
ITAIM,ESTÉTICA,PEELING DE DIAMANTE,91.0
ITAIM,ESTÉTICA,PRÓ-SHAPE,105.06
ITAIM,ESTÉTICA,RADIOFREQUÊNCIA,96.77
ITAIM,LAVIEEN,LAVIEEN,355.92
ITAIM,LAVIEEN,PRÓ-SÉRUM,150.0
ITAIM,MEDICINA ESTÉTICA,BOTOX LIGHT,567.89
ITAIM,MEDICINA ESTÉTICA,BOTOX POWER,849.51
ITAIM,MEDICINA ESTÉTICA,DERMAROLLER,517.5
ITAIM,MEDICINA ESTÉTICA,ENZIMA MELASMA,250.0
ITAIM,MEDICINA ESTÉTICA,GLÚTEO MAX,360.0
ITAIM,MEDICINA ESTÉTICA,PEELING QUÍMICO,239.41
ITAIM,MEDICINA ESTÉTICA,PREENCHIMENTO,868.63
ITAIM,MEDICINA ESTÉTICA,PRÓ-BELLA,246.67
ITAIM,MEDICINA ESTÉTICA,PRÓ-LIPO,226.89
ITAIM,MEDICINA ESTÉTICA,PRÓ-MESO,193.33
ITAIM,MEDICINA ESTÉTICA,RADIESSE,1528.57
ITAIM,MEDICINA ESTÉTICA,SCULPTRA,1838.52
ITAIM,MEDICINA ESTÉTICA,SECAGEM,182.0
ITAIM,ULTRAFORMER_III,ULTRAFORMER BRAÇO,1500.0
ITAIM,ULTRAFORMER_III,ULTRAFORMER FULLFACE,1768.51
ITAIM,ULTRAFORMER_III,ULTRAFORMER FULLFACE + PESCOÇO,2593.33
ITAIM,ULTRAFORMER_III,ULTRAFORMER FULLFACE + PESCOÇO + PAPADA,2900.0
ITAIM,ULTRAFORMER_III,ULTRAFORMER INTERNO COXA,1700.0
ITAIM,ULTRAFORMER_III,ULTRAFORMER MAÇA DO ROSTO,982.14
ITAIM,ULTRAFORMER_III,ULTRAFORMER OLHOS,744.55
ITAIM,ULTRAFORMER_III,ULTRAFORMER PAPADA,692.08
ITAIM,ULTRAFORMER_III,ULTRAFORMER PESCOÇO,1048.33
JARDINS,ESTÉTICA,CARBOXITERAPIA,107.54
JARDINS,ESTÉTICA,CRIOLIPÓLISE,396.82
JARDINS,ESTÉTICA,DRENAGEM,102.78
JARDINS,ESTÉTICA,DRENAGEM 30 MIN,58.41
JARDINS,ESTÉTICA,HECCUS,110.33
JARDINS,ESTÉTICA,HIDRATAÇÃO,75.18
JARDINS,ESTÉTICA,LIMPEZA DE PELE,74.71
JARDINS,ESTÉTICA,PEELING DE DIAMANTE,133.73
JARDINS,ESTÉTICA,PRÓ- SHAPE,127.22
JARDINS,ESTÉTICA,PRÓ-SHAPE,120.7
JARDINS,ESTÉTICA,RADIOFREQUÊNCIA,107.64
JARDINS,LAVIEEN,LAVIEEN,384.31
JARDINS,LAVIEEN,PRÓ-SÉRUM,150.0
JARDINS,MEDICINA ESTÉTICA,BOTOX LIGHT,568.93
JARDINS,MEDICINA ESTÉTICA,BOTOX POWER,851.76
JARDINS,MEDICINA ESTÉTICA,CO2 CICATRIZ,522.62
JARDINS,MEDICINA ESTÉTICA,CO2 COLO,713.5
JARDINS,MEDICINA ESTÉTICA,CO2 MÃOS,400.0
JARDINS,MEDICINA ESTÉTICA,CO2 OLHEIRAS,463.33
JARDINS,MEDICINA ESTÉTICA,CO2 PESCOÇO,450.0
JARDINS,MEDICINA ESTÉTICA,CO2 ROSTO,863.19
JARDINS,MEDICINA ESTÉTICA,DERMAROLLER,482.95
JARDINS,MEDICINA ESTÉTICA,ENZIMA MELASMA,190.0
JARDINS,MEDICINA ESTÉTICA,GLÚTEO MAX,360.0
JARDINS,MEDICINA ESTÉTICA,PEELING QUÍMICO,245.24
JARDINS,MEDICINA ESTÉTICA,PREENCHIMENTO,898.36
JARDINS,MEDICINA ESTÉTICA,PRÓ-BELLA,246.67
JARDINS,MEDICINA ESTÉTICA,PRÓ-LIPO,218.5
JARDINS,MEDICINA ESTÉTICA,PRÓ-MESO,219.97
JARDINS,MEDICINA ESTÉTICA,RADIESSE,1573.25
JARDINS,MEDICINA ESTÉTICA,SCULPTRA,1849.54
JARDINS,MEDICINA ESTÉTICA,SECAGEM,180.65
JARDINS,MEDICINA ESTÉTICA,UP BUMBUM,10600.0
JARDINS,ULTRAFORMER_III,ULTRAFORMER BRAÇO,1800.0
JARDINS,ULTRAFORMER_III,ULTRAFORMER FULLFACE,1724.99
JARDINS,ULTRAFORMER_III,ULTRAFORMER FULLFACE + PESCOÇO,2242.57
JARDINS,ULTRAFORMER_III,ULTRAFORMER FULLFACE + PESCOÇO + PAPADA,2900.0
JARDINS,ULTRAFORMER_III,ULTRAFORMER GLUTEO,1500.0
JARDINS,ULTRAFORMER_III,ULTRAFORMER INTERNO COXA,1690.0
JARDINS,ULTRAFORMER_III,ULTRAFORMER MAÇA DO ROSTO,973.74
JARDINS,ULTRAFORMER_III,ULTRAFORMER OLHOS,703.32
JARDINS,ULTRAFORMER_III,ULTRAFORMER PAPADA,716.53
JARDINS,ULTRAFORMER_III,ULTRAFORMER PESCOÇO,1086.46
LAPA,ESTÉTICA,CARBOXITERAPIA,105.86
LAPA,ESTÉTICA,CRIOLIPÓLISE,408.93
LAPA,ESTÉTICA,DRENAGEM,92.12
LAPA,ESTÉTICA,DRENAGEM 30 MIN,58.17
LAPA,ESTÉTICA,HECCUS,103.84
LAPA,ESTÉTICA,HIDRATAÇÃO,60.61
LAPA,ESTÉTICA,LIMPEZA DE PELE,76.91
LAPA,ESTÉTICA,PEELING DE DIAMANTE,126.83
LAPA,ESTÉTICA,PRÓ- SHAPE,126.64
LAPA,ESTÉTICA,PRÓ-SHAPE,109.78
LAPA,ESTÉTICA,RADIOFREQUÊNCIA,107.48
LAPA,LAVIEEN,LAVIEEN,409.91
LAPA,LAVIEEN,PRÓ-SÉRUM,150.0
LAPA,MEDICINA ESTÉTICA,BOTOX LIGHT,629.24
LAPA,MEDICINA ESTÉTICA,BOTOX POWER,864.29
LAPA,MEDICINA ESTÉTICA,CO2 CICATRIZ,566.67
LAPA,MEDICINA ESTÉTICA,CO2 COLO,798.5
LAPA,MEDICINA ESTÉTICA,DERMAROLLER,525.26
LAPA,MEDICINA ESTÉTICA,ENZIMA MELASMA,238.54
LAPA,MEDICINA ESTÉTICA,GLÚTEO MAX,350.0
LAPA,MEDICINA ESTÉTICA,PEELING QUÍMICO,256.77
LAPA,MEDICINA ESTÉTICA,PREENCHIMENTO,873.57
LAPA,MEDICINA ESTÉTICA,PRÓ-BELLA,220.29
LAPA,MEDICINA ESTÉTICA,PRÓ-LIPO,228.53
LAPA,MEDICINA ESTÉTICA,PRÓ-MESO,231.0
LAPA,MEDICINA ESTÉTICA,RADIESSE,1540.0
LAPA,MEDICINA ESTÉTICA,SCULPTRA,1898.43
LAPA,MEDICINA ESTÉTICA,SECAGEM,179.87
LAPA,ULTRAFORMER_III,ULTRAFORMER BRAÇO,1200.0
LAPA,ULTRAFORMER_III,ULTRAFORMER FULLFACE,1757.34
LAPA,ULTRAFORMER_III,ULTRAFORMER FULLFACE + PESCOÇO,2489.0
LAPA,ULTRAFORMER_III,ULTRAFORMER FULLFACE + PESCOÇO + PAPADA,2900.0
LAPA,ULTRAFORMER_III,ULTRAFORMER MAÇA DO ROSTO,1126.25
LAPA,ULTRAFORMER_III,ULTRAFORMER OLHOS,746.78
LAPA,ULTRAFORMER_III,ULTRAFORMER PAPADA,733.78
LAPA,ULTRAFORMER_III,ULTRAFORMER PESCOÇO,1123.0
LONDRINA,ESTÉTICA,CARBOXITERAPIA,100.35
LONDRINA,ESTÉTICA,CRIOLIPÓLISE,452.59
LONDRINA,ESTÉTICA,DRENAGEM,86.45
LONDRINA,ESTÉTICA,DRENAGEM 30 MIN,57.2
LONDRINA,ESTÉTICA,HECCUS,100.37
LONDRINA,ESTÉTICA,HIDRATAÇÃO,58.69
LONDRINA,ESTÉTICA,LIMPEZA DE PELE,66.55
LONDRINA,ESTÉTICA,PEELING DE DIAMANTE,101.02
LONDRINA,ESTÉTICA,PRÓ- SHAPE,117.17
LONDRINA,ESTÉTICA,PRÓ-SHAPE,111.82
LONDRINA,ESTÉTICA,RADIOFREQUÊNCIA,98.95
LONDRINA,LAVIEEN,LAVIEEN,392.96
LONDRINA,LAVIEEN,PRÓ-SÉRUM,150.0
LONDRINA,MEDICINA ESTÉTICA,BOTOX LIGHT,581.38
LONDRINA,MEDICINA ESTÉTICA,BOTOX POWER,823.65
LONDRINA,MEDICINA ESTÉTICA,CO2 PESCOÇO,685.3
LONDRINA,MEDICINA ESTÉTICA,CO2 ROSTO,840.0
LONDRINA,MEDICINA ESTÉTICA,DERMAROLLER,554.0
LONDRINA,MEDICINA ESTÉTICA,ENZIMA MELASMA,290.0
LONDRINA,MEDICINA ESTÉTICA,GLÚTEO MAX,340.0
LONDRINA,MEDICINA ESTÉTICA,PEELING QUÍMICO,274.0
LONDRINA,MEDICINA ESTÉTICA,PREENCHIMENTO,829.88
LONDRINA,MEDICINA ESTÉTICA,PRÓ-BELLA,200.0
LONDRINA,MEDICINA ESTÉTICA,PRÓ-LIPO,256.12
LONDRINA,MEDICINA ESTÉTICA,PRÓ-MESO,275.0
LONDRINA,MEDICINA ESTÉTICA,RADIESSE,1518.18
LONDRINA,MEDICINA ESTÉTICA,SCULPTRA,1843.83
LONDRINA,MEDICINA ESTÉTICA,SECAGEM,164.84
LONDRINA,ULTRAFORMER_III,ULTRAFORMER BRAÇO,2000.0
LONDRINA,ULTRAFORMER_III,ULTRAFORMER FULLFACE,1698.4
LONDRINA,ULTRAFORMER_III,ULTRAFORMER FULLFACE + PESCOÇO,2371.82
LONDRINA,ULTRAFORMER_III,ULTRAFORMER INTERNO COXA,1690.0
LONDRINA,ULTRAFORMER_III,ULTRAFORMER MAÇA DO ROSTO,981.71
LONDRINA,ULTRAFORMER_III,ULTRAFORMER OLHOS,676.33
LONDRINA,ULTRAFORMER_III,ULTRAFORMER PAPADA,693.17
LONDRINA,ULTRAFORMER_III,ULTRAFORMER PESCOÇO,1199.38
MOEMA,ESTÉTICA,CARBOXITERAPIA,113.9
MOEMA,ESTÉTICA,CRIOLIPÓLISE,396.59
MOEMA,ESTÉTICA,DRENAGEM,93.36
MOEMA,ESTÉTICA,DRENAGEM 30 MIN,59.0
MOEMA,ESTÉTICA,HECCUS,107.4
MOEMA,ESTÉTICA,HIDRATAÇÃO,162.0
MOEMA,ESTÉTICA,LIMPEZA DE PELE,73.14
MOEMA,ESTÉTICA,PEELING DE DIAMANTE,127.93
MOEMA,ESTÉTICA,PRÓ- SHAPE,112.68
MOEMA,ESTÉTICA,PRÓ-SHAPE,107.4
MOEMA,ESTÉTICA,RADIOFREQUÊNCIA,117.43
MOEMA,LAVIEEN,LAVIEEN,380.08
MOEMA,LAVIEEN,PRÓ-SÉRUM,150.0
MOEMA,MEDICINA ESTÉTICA,BOTOX LIGHT,583.84
MOEMA,MEDICINA ESTÉTICA,BOTOX POWER,845.0
MOEMA,MEDICINA ESTÉTICA,CO2 CICATRIZ,455.0
MOEMA,MEDICINA ESTÉTICA,CO2 OLHEIRAS,520.0
MOEMA,MEDICINA ESTÉTICA,CO2 ROSTO,666.67
MOEMA,MEDICINA ESTÉTICA,DERMAROLLER,531.31
MOEMA,MEDICINA ESTÉTICA,GLÚTEO MAX,340.0
MOEMA,MEDICINA ESTÉTICA,PEELING QUÍMICO,272.79
MOEMA,MEDICINA ESTÉTICA,PREENCHIMENTO,860.63
MOEMA,MEDICINA ESTÉTICA,PRÓ-BELLA,234.44
MOEMA,MEDICINA ESTÉTICA,PRÓ-FIRM,390.0
MOEMA,MEDICINA ESTÉTICA,PRÓ-LIPO,212.71
MOEMA,MEDICINA ESTÉTICA,PRÓ-MESO,208.33
MOEMA,MEDICINA ESTÉTICA,RADIESSE,1568.42
MOEMA,MEDICINA ESTÉTICA,SCULPTRA,1904.47
MOEMA,MEDICINA ESTÉTICA,SECAGEM,170.24
MOEMA,MEDICINA ESTÉTICA,UP BUMBUM,10600.0
MOEMA,ULTRAFORMER_III,ULTRAFORMER BRAÇO,1740.0
MOEMA,ULTRAFORMER_III,ULTRAFORMER FULLFACE,1728.93
MOEMA,ULTRAFORMER_III,ULTRAFORMER FULLFACE + PESCOÇO,2425.94
MOEMA,ULTRAFORMER_III,ULTRAFORMER FULLFACE + PESCOÇO + PAPADA,3923.33
MOEMA,ULTRAFORMER_III,ULTRAFORMER GLUTEO,1200.0
MOEMA,ULTRAFORMER_III,ULTRAFORMER INTERNO COXA,1780.0
MOEMA,ULTRAFORMER_III,ULTRAFORMER MAÇA DO ROSTO,1042.86
MOEMA,ULTRAFORMER_III,ULTRAFORMER OLHOS,731.63
MOEMA,ULTRAFORMER_III,ULTRAFORMER PAPADA,715.25
MOEMA,ULTRAFORMER_III,ULTRAFORMER PESCOÇO,1183.33
MOOCA,ESTÉTICA,CARBOXITERAPIA,102.54
MOOCA,ESTÉTICA,CRIOLIPÓLISE,378.08
MOOCA,ESTÉTICA,DRENAGEM,95.76
MOOCA,ESTÉTICA,DRENAGEM 30 MIN,59.0
MOOCA,ESTÉTICA,HECCUS,103.96
MOOCA,ESTÉTICA,HIDRATAÇÃO,87.0
MOOCA,ESTÉTICA,LIMPEZA DE PELE,67.57
MOOCA,ESTÉTICA,PEELING DE DIAMANTE,107.5
MOOCA,ESTÉTICA,PRÓ- SHAPE,121.32
MOOCA,ESTÉTICA,PRÓ-SHAPE,115.75
MOOCA,ESTÉTICA,RADIOFREQUÊNCIA,101.91
MOOCA,LAVIEEN,LAVIEEN,339.73
MOOCA,LAVIEEN,PRÓ-SÉRUM,149.42
MOOCA,MEDICINA ESTÉTICA,BOTOX LIGHT,574.64
MOOCA,MEDICINA ESTÉTICA,BOTOX POWER,855.38
MOOCA,MEDICINA ESTÉTICA,DERMAROLLER,491.33
MOOCA,MEDICINA ESTÉTICA,ENZIMA MELASMA,203.0
MOOCA,MEDICINA ESTÉTICA,GLÚTEO MAX,340.4
MOOCA,MEDICINA ESTÉTICA,PEELING QUÍMICO,255.22
MOOCA,MEDICINA ESTÉTICA,PREENCHIMENTO,856.99
MOOCA,MEDICINA ESTÉTICA,PRÓ-BELLA,242.98
MOOCA,MEDICINA ESTÉTICA,PRÓ-LIPO,201.97
MOOCA,MEDICINA ESTÉTICA,PRÓ-MESO,196.76
MOOCA,MEDICINA ESTÉTICA,RADIESSE,1561.54
MOOCA,MEDICINA ESTÉTICA,SCULPTRA,1875.29
MOOCA,MEDICINA ESTÉTICA,SECAGEM,165.1
MOOCA,ULTRAFORMER_III,ULTRAFORMER BRAÇO,2200.0
MOOCA,ULTRAFORMER_III,ULTRAFORMER FULLFACE,1786.65
MOOCA,ULTRAFORMER_III,ULTRAFORMER FULLFACE + PESCOÇO,2298.0
MOOCA,ULTRAFORMER_III,ULTRAFORMER GLUTEO,1600.0
MOOCA,ULTRAFORMER_III,ULTRAFORMER MAÇA DO ROSTO,1200.29
MOOCA,ULTRAFORMER_III,ULTRAFORMER OLHOS,755.94
MOOCA,ULTRAFORMER_III,ULTRAFORMER PAPADA,729.82
MOOCA,ULTRAFORMER_III,ULTRAFORMER PESCOÇO,1284.0
OSASCO,ESTÉTICA,CARBOXITERAPIA,101.63
OSASCO,ESTÉTICA,CRIOLIPÓLISE,400.41
OSASCO,ESTÉTICA,DRENAGEM,91.99
OSASCO,ESTÉTICA,DRENAGEM 30 MIN,57.62
OSASCO,ESTÉTICA,HECCUS,103.96
OSASCO,ESTÉTICA,LIMPEZA DE PELE,66.12
OSASCO,ESTÉTICA,PEELING DE DIAMANTE,143.8
OSASCO,ESTÉTICA,PRÓ- SHAPE,138.74
OSASCO,ESTÉTICA,PRÓ-SHAPE,105.43
OSASCO,ESTÉTICA,RADIOFREQUÊNCIA,106.61
OSASCO,LAVIEEN,LAVIEEN,380.01
OSASCO,LAVIEEN,PRÓ-SÉRUM,150.0
OSASCO,MEDICINA ESTÉTICA,BOTOX LIGHT,531.0
OSASCO,MEDICINA ESTÉTICA,BOTOX POWER,830.57
OSASCO,MEDICINA ESTÉTICA,DERMAROLLER,428.78
OSASCO,MEDICINA ESTÉTICA,ENZIMA MELASMA,190.0
OSASCO,MEDICINA ESTÉTICA,GLÚTEO MAX,352.0
OSASCO,MEDICINA ESTÉTICA,PEELING QUÍMICO,206.3
OSASCO,MEDICINA ESTÉTICA,PREENCHIMENTO,835.49
OSASCO,MEDICINA ESTÉTICA,PRÓ-BELLA,190.0
OSASCO,MEDICINA ESTÉTICA,PRÓ-LIPO,203.01
OSASCO,MEDICINA ESTÉTICA,PRÓ-MESO,87.0
OSASCO,MEDICINA ESTÉTICA,RADIESSE,1583.29
OSASCO,MEDICINA ESTÉTICA,SCULPTRA,1850.75
OSASCO,MEDICINA ESTÉTICA,SECAGEM,140.07
OSASCO,ULTRAFORMER_III,ULTRAFORMER FULLFACE,1735.9
OSASCO,ULTRAFORMER_III,ULTRAFORMER FULLFACE + PESCOÇO,2618.17
OSASCO,ULTRAFORMER_III,ULTRAFORMER MAÇA DO ROSTO,942.86
OSASCO,ULTRAFORMER_III,ULTRAFORMER OLHOS,731.35
OSASCO,ULTRAFORMER_III,ULTRAFORMER PAPADA,680.41
OSASCO,ULTRAFORMER_III,ULTRAFORMER PESCOÇO,1000.0
RIBEIRÃO PRETO,ESTÉTICA,CARBOXITERAPIA,103.27
RIBEIRÃO PRETO,ESTÉTICA,CRIOLIPÓLISE,350.18
RIBEIRÃO PRETO,ESTÉTICA,DRENAGEM,86.2
RIBEIRÃO PRETO,ESTÉTICA,DRENAGEM 30 MIN,59.0
RIBEIRÃO PRETO,ESTÉTICA,HECCUS,95.11
RIBEIRÃO PRETO,ESTÉTICA,LIMPEZA DE PELE,71.18
RIBEIRÃO PRETO,ESTÉTICA,PEELING DE DIAMANTE,106.45
RIBEIRÃO PRETO,ESTÉTICA,PRÓ-SHAPE,99.75
RIBEIRÃO PRETO,ESTÉTICA,RADIOFREQUÊNCIA,102.2
RIBEIRÃO PRETO,LAVIEEN,LAVIEEN,362.44
RIBEIRÃO PRETO,LAVIEEN,PRÓ-SÉRUM,149.6
RIBEIRÃO PRETO,MEDICINA ESTÉTICA,BOTOX LIGHT,633.33
RIBEIRÃO PRETO,MEDICINA ESTÉTICA,BOTOX POWER,847.99
RIBEIRÃO PRETO,MEDICINA ESTÉTICA,CO2 ROSTO,500.0
RIBEIRÃO PRETO,MEDICINA ESTÉTICA,GLÚTEO MAX,320.0
RIBEIRÃO PRETO,MEDICINA ESTÉTICA,PEELING QUÍMICO,200.0
RIBEIRÃO PRETO,MEDICINA ESTÉTICA,PREENCHIMENTO,857.21
RIBEIRÃO PRETO,MEDICINA ESTÉTICA,PRÓ-BELLA,202.78
RIBEIRÃO PRETO,MEDICINA ESTÉTICA,PRÓ-LIPO,211.81
RIBEIRÃO PRETO,MEDICINA ESTÉTICA,PRÓ-MESO,206.25
RIBEIRÃO PRETO,MEDICINA ESTÉTICA,RADIESSE,1562.38
RIBEIRÃO PRETO,MEDICINA ESTÉTICA,SCULPTRA,1887.79
RIBEIRÃO PRETO,MEDICINA ESTÉTICA,SECAGEM,138.8
RIBEIRÃO PRETO,ULTRAFORMER_III,ULTRAFORMER BRAÇO,1550.0
RIBEIRÃO PRETO,ULTRAFORMER_III,ULTRAFORMER FULLFACE,1704.96
RIBEIRÃO PRETO,ULTRAFORMER_III,ULTRAFORMER FULLFACE + PESCOÇO,2500.0
RIBEIRÃO PRETO,ULTRAFORMER_III,ULTRAFORMER MAÇA DO ROSTO,1000.0
RIBEIRÃO PRETO,ULTRAFORMER_III,ULTRAFORMER OLHOS,692.86
RIBEIRÃO PRETO,ULTRAFORMER_III,ULTRAFORMER PAPADA,715.75
RIBEIRÃO PRETO,ULTRAFORMER_III,ULTRAFORMER PESCOÇO,1053.08
SANTO AMARO,ESTÉTICA,CARBOXITERAPIA,97.69
SANTO AMARO,ESTÉTICA,CRIOLIPÓLISE,370.63
SANTO AMARO,ESTÉTICA,DRENAGEM,92.32
SANTO AMARO,ESTÉTICA,DRENAGEM 30 MIN,57.32
SANTO AMARO,ESTÉTICA,HECCUS,98.22
SANTO AMARO,ESTÉTICA,HIDRATAÇÃO,56.86
SANTO AMARO,ESTÉTICA,LIMPEZA DE PELE,70.95
SANTO AMARO,ESTÉTICA,PEELING DE DIAMANTE,98.75
SANTO AMARO,ESTÉTICA,PRÓ- SHAPE,123.12
SANTO AMARO,ESTÉTICA,PRÓ-SHAPE,105.0
SANTO AMARO,ESTÉTICA,RADIOFREQUÊNCIA,104.07
SANTO AMARO,LAVIEEN,LAVIEEN,374.77
SANTO AMARO,LAVIEEN,PRÓ-SÉRUM,149.69
SANTO AMARO,MEDICINA ESTÉTICA,BOTOX LIGHT,526.94
SANTO AMARO,MEDICINA ESTÉTICA,BOTOX POWER,842.87
SANTO AMARO,MEDICINA ESTÉTICA,CO2 COLO,783.2
SANTO AMARO,MEDICINA ESTÉTICA,CO2 MÃOS,520.0
SANTO AMARO,MEDICINA ESTÉTICA,CO2 OLHEIRAS,520.0
SANTO AMARO,MEDICINA ESTÉTICA,CO2 ROSTO,851.11
SANTO AMARO,MEDICINA ESTÉTICA,DERMAROLLER,469.58
SANTO AMARO,MEDICINA ESTÉTICA,ENZIMA MELASMA,218.93
SANTO AMARO,MEDICINA ESTÉTICA,GLÚTEO MAX,350.0
SANTO AMARO,MEDICINA ESTÉTICA,PEELING QUÍMICO,237.03
SANTO AMARO,MEDICINA ESTÉTICA,PREENCHIMENTO,862.05
SANTO AMARO,MEDICINA ESTÉTICA,PRÓ-BELLA,255.09
SANTO AMARO,MEDICINA ESTÉTICA,PRÓ-LIPO,204.82
SANTO AMARO,MEDICINA ESTÉTICA,PRÓ-MESO,210.71
SANTO AMARO,MEDICINA ESTÉTICA,RADIESSE,1585.0
SANTO AMARO,MEDICINA ESTÉTICA,SCULPTRA,1876.14
SANTO AMARO,MEDICINA ESTÉTICA,SECAGEM,165.16
SANTO AMARO,MEDICINA ESTÉTICA,UP BUMBUM,10600.0
SANTO AMARO,ULTRAFORMER_III,ULTRAFORMER BRAÇO,1100.0
SANTO AMARO,ULTRAFORMER_III,ULTRAFORMER FULLFACE,1730.61
SANTO AMARO,ULTRAFORMER_III,ULTRAFORMER FULLFACE + PESCOÇO,2286.67
SANTO AMARO,ULTRAFORMER_III,ULTRAFORMER FULLFACE + PESCOÇO + PAPADA,2900.0
SANTO AMARO,ULTRAFORMER_III,ULTRAFORMER INTERNO COXA,1690.0
SANTO AMARO,ULTRAFORMER_III,ULTRAFORMER MAÇA DO ROSTO,1083.6
SANTO AMARO,ULTRAFORMER_III,ULTRAFORMER OLHOS,705.0
SANTO AMARO,ULTRAFORMER_III,ULTRAFORMER PAPADA,710.41
SANTO AMARO,ULTRAFORMER_III,ULTRAFORMER PESCOÇO,1107.33
SANTOS,ESTÉTICA,CARBOXITERAPIA,104.0
SANTOS,ESTÉTICA,CRIOLIPÓLISE,385.22
SANTOS,ESTÉTICA,DRENAGEM,96.25
SANTOS,ESTÉTICA,DRENAGEM 30 MIN,59.0
SANTOS,ESTÉTICA,HECCUS,110.16
SANTOS,ESTÉTICA,HIDRATAÇÃO,59.0
SANTOS,ESTÉTICA,LIMPEZA DE PELE,73.11
SANTOS,ESTÉTICA,PEELING DE DIAMANTE,121.01
SANTOS,ESTÉTICA,PRÓ- SHAPE,123.8
SANTOS,ESTÉTICA,PRÓ-SHAPE,102.55
SANTOS,ESTÉTICA,RADIOFREQUÊNCIA,108.87
SANTOS,LAVIEEN,LAVIEEN,375.05
SANTOS,LAVIEEN,PRÓ-SÉRUM,150.0
SANTOS,MEDICINA ESTÉTICA,BOTOX LIGHT,629.96
SANTOS,MEDICINA ESTÉTICA,BOTOX POWER,864.45
SANTOS,MEDICINA ESTÉTICA,DERMAROLLER,527.78
SANTOS,MEDICINA ESTÉTICA,GLÚTEO MAX,312.5
SANTOS,MEDICINA ESTÉTICA,PEELING QUÍMICO,265.87
SANTOS,MEDICINA ESTÉTICA,PREENCHIMENTO,902.64
SANTOS,MEDICINA ESTÉTICA,PRÓ-BELLA,273.33
SANTOS,MEDICINA ESTÉTICA,PRÓ-LIPO,234.3
SANTOS,MEDICINA ESTÉTICA,PRÓ-MESO,245.1
SANTOS,MEDICINA ESTÉTICA,RADIESSE,1645.31
SANTOS,MEDICINA ESTÉTICA,SCULPTRA,1946.76
SANTOS,MEDICINA ESTÉTICA,SECAGEM,168.73
SANTOS,ULTRAFORMER_III,ULTRAFORMER BRAÇO,1540.0
SANTOS,ULTRAFORMER_III,ULTRAFORMER FULLFACE,1747.4
SANTOS,ULTRAFORMER_III,ULTRAFORMER FULLFACE + PESCOÇO,2796.67
SANTOS,ULTRAFORMER_III,ULTRAFORMER INTERNO COXA,1540.0
SANTOS,ULTRAFORMER_III,ULTRAFORMER MAÇA DO ROSTO,996.67
SANTOS,ULTRAFORMER_III,ULTRAFORMER OLHOS,706.75
SANTOS,ULTRAFORMER_III,ULTRAFORMER PAPADA,744.91
SANTOS,ULTRAFORMER_III,ULTRAFORMER PESCOÇO,1113.42
SOROCABA,ESTÉTICA,CARBOXITERAPIA,103.1
SOROCABA,ESTÉTICA,CRIOLIPÓLISE,373.89
SOROCABA,ESTÉTICA,DRENAGEM,94.73
SOROCABA,ESTÉTICA,DRENAGEM 30 MIN,59.0
SOROCABA,ESTÉTICA,HECCUS,97.86
SOROCABA,ESTÉTICA,LIMPEZA DE PELE,65.27
SOROCABA,ESTÉTICA,PEELING DE DIAMANTE,90.0
SOROCABA,ESTÉTICA,PRÓ- SHAPE,115.9
SOROCABA,ESTÉTICA,PRÓ-SHAPE,109.38
SOROCABA,ESTÉTICA,RADIOFREQUÊNCIA,101.5
SOROCABA,LAVIEEN,LAVIEEN,341.35
SOROCABA,LAVIEEN,PRÓ-SÉRUM,150.0
SOROCABA,MEDICINA ESTÉTICA,BOTOX LIGHT,589.03
SOROCABA,MEDICINA ESTÉTICA,BOTOX POWER,861.17
SOROCABA,MEDICINA ESTÉTICA,DERMAROLLER,422.2
SOROCABA,MEDICINA ESTÉTICA,ENZIMA MELASMA,240.0
SOROCABA,MEDICINA ESTÉTICA,GLÚTEO MAX,360.0
SOROCABA,MEDICINA ESTÉTICA,PEELING QUÍMICO,211.41
SOROCABA,MEDICINA ESTÉTICA,PREENCHIMENTO,859.88
SOROCABA,MEDICINA ESTÉTICA,PRÓ-BELLA,199.5
SOROCABA,MEDICINA ESTÉTICA,PRÓ-LIPO,209.86
SOROCABA,MEDICINA ESTÉTICA,PRÓ-MESO,210.0
SOROCABA,MEDICINA ESTÉTICA,RADIESSE,1550.0
SOROCABA,MEDICINA ESTÉTICA,SCULPTRA,1902.67
SOROCABA,MEDICINA ESTÉTICA,SECAGEM,160.52
SOROCABA,ULTRAFORMER_III,ULTRAFORMER FULLFACE,1742.32
SOROCABA,ULTRAFORMER_III,ULTRAFORMER FULLFACE + PESCOÇO,2347.38
SOROCABA,ULTRAFORMER_III,ULTRAFORMER FULLFACE + PESCOÇO + PAPADA,3200.0
SOROCABA,ULTRAFORMER_III,ULTRAFORMER MAÇA DO ROSTO,1122.5
SOROCABA,ULTRAFORMER_III,ULTRAFORMER OLHOS,771.59
SOROCABA,ULTRAFORMER_III,ULTRAFORMER PAPADA,713.05
SOROCABA,ULTRAFORMER_III,ULTRAFORMER PESCOÇO,1043.75
SÃO BERNARDO,ESTÉTICA,CARBOXITERAPIA,93.8
SÃO BERNARDO,ESTÉTICA,CRIOLIPÓLISE,335.0
SÃO BERNARDO,ESTÉTICA,DRENAGEM,99.99
SÃO BERNARDO,ESTÉTICA,DRENAGEM 30 MIN,46.75
SÃO BERNARDO,ESTÉTICA,HECCUS,107.42
SÃO BERNARDO,ESTÉTICA,HIDRATAÇÃO,14.0
SÃO BERNARDO,ESTÉTICA,LIMPEZA DE PELE,86.31
SÃO BERNARDO,ESTÉTICA,PRÓ- SHAPE,117.8
SÃO BERNARDO,ESTÉTICA,PRÓ-SHAPE,120.0
SÃO BERNARDO,ESTÉTICA,RADIOFREQUÊNCIA,106.47
SÃO BERNARDO,LAVIEEN,LAVIEEN,398.41
SÃO BERNARDO,LAVIEEN,PRÓ-SÉRUM,150.0
SÃO BERNARDO,MEDICINA ESTÉTICA,BOTOX POWER,941.06
SÃO BERNARDO,MEDICINA ESTÉTICA,DERMAROLLER,450.0
SÃO BERNARDO,MEDICINA ESTÉTICA,GLÚTEO MAX,360.0
SÃO BERNARDO,MEDICINA ESTÉTICA,PEELING QUÍMICO,240.0
SÃO BERNARDO,MEDICINA ESTÉTICA,PREENCHIMENTO,889.0
SÃO BERNARDO,MEDICINA ESTÉTICA,PRÓ-LIPO,231.11
SÃO BERNARDO,MEDICINA ESTÉTICA,PRÓ-MESO,200.0
SÃO BERNARDO,MEDICINA ESTÉTICA,SCULPTRA,1883.33
SÃO BERNARDO,MEDICINA ESTÉTICA,SECAGEM,166.67
SÃO BERNARDO,MEDICINA ESTÉTICA,UP BUMBUM,10600.0
SÃO BERNARDO,ULTRAFORMER_III,ULTRAFORMER FULLFACE,1708.0
SÃO BERNARDO,ULTRAFORMER_III,ULTRAFORMER OLHOS,695.0
SÃO BERNARDO,ULTRAFORMER_III,ULTRAFORMER PAPADA,760.0
SÃO BERNARDO,ULTRAFORMER_III,ULTRAFORMER PESCOÇO,900.0
TATUAPÉ,ESTÉTICA,CARBOXITERAPIA,99.46
TATUAPÉ,ESTÉTICA,CRIOLIPÓLISE,372.98
TATUAPÉ,ESTÉTICA,DRENAGEM,95.72
TATUAPÉ,ESTÉTICA,DRENAGEM 30 MIN,53.27
TATUAPÉ,ESTÉTICA,HECCUS,98.37
TATUAPÉ,ESTÉTICA,HIDRATAÇÃO,68.0
TATUAPÉ,ESTÉTICA,LIMPEZA DE PELE,73.25
TATUAPÉ,ESTÉTICA,PEELING DE DIAMANTE,128.34
TATUAPÉ,ESTÉTICA,PRÓ- SHAPE,116.55
TATUAPÉ,ESTÉTICA,PRÓ-SHAPE,110.29
TATUAPÉ,ESTÉTICA,RADIOFREQUÊNCIA,95.09
TATUAPÉ,LAVIEEN,LAVIEEN,374.27
TATUAPÉ,LAVIEEN,PRÓ-SÉRUM,150.0
TATUAPÉ,MEDICINA ESTÉTICA,BOTOX LIGHT,534.33
TATUAPÉ,MEDICINA ESTÉTICA,BOTOX POWER,837.83
TATUAPÉ,MEDICINA ESTÉTICA,CO2 CICATRIZ,650.0
TATUAPÉ,MEDICINA ESTÉTICA,CO2 ROSTO,500.0
TATUAPÉ,MEDICINA ESTÉTICA,DERMAROLLER,441.79
TATUAPÉ,MEDICINA ESTÉTICA,ENZIMA MELASMA,200.0
TATUAPÉ,MEDICINA ESTÉTICA,GLÚTEO MAX,286.55
TATUAPÉ,MEDICINA ESTÉTICA,PEELING QUÍMICO,225.88
TATUAPÉ,MEDICINA ESTÉTICA,PREENCHIMENTO,842.17
TATUAPÉ,MEDICINA ESTÉTICA,PRÓ-BELLA,205.0
TATUAPÉ,MEDICINA ESTÉTICA,PRÓ-CELL,284.8
TATUAPÉ,MEDICINA ESTÉTICA,PRÓ-LIPO,205.95
TATUAPÉ,MEDICINA ESTÉTICA,PRÓ-MESO,215.74
TATUAPÉ,MEDICINA ESTÉTICA,RADIESSE,1530.65
TATUAPÉ,MEDICINA ESTÉTICA,SCULPTRA,1850.34
TATUAPÉ,MEDICINA ESTÉTICA,SECAGEM,156.31
TATUAPÉ,ULTRAFORMER_III,ULTRAFORMER BRAÇO,1190.0
TATUAPÉ,ULTRAFORMER_III,ULTRAFORMER FULLFACE,1731.04
TATUAPÉ,ULTRAFORMER_III,ULTRAFORMER FULLFACE + PESCOÇO,2359.61
TATUAPÉ,ULTRAFORMER_III,ULTRAFORMER MAÇA DO ROSTO,1040.65
TATUAPÉ,ULTRAFORMER_III,ULTRAFORMER OLHOS,722.18
TATUAPÉ,ULTRAFORMER_III,ULTRAFORMER PAPADA,718.56
TATUAPÉ,ULTRAFORMER_III,ULTRAFORMER PESCOÇO,1143.33
TIJUCA,ESTÉTICA,CARBOXITERAPIA,98.74
TIJUCA,ESTÉTICA,CRIOLIPÓLISE,368.13
TIJUCA,ESTÉTICA,DRENAGEM,87.35
TIJUCA,ESTÉTICA,DRENAGEM 30 MIN,56.78
TIJUCA,ESTÉTICA,HECCUS,101.85
TIJUCA,ESTÉTICA,HIDRATAÇÃO,59.0
TIJUCA,ESTÉTICA,LIMPEZA DE PELE,64.65
TIJUCA,ESTÉTICA,PEELING DE DIAMANTE,104.61
TIJUCA,ESTÉTICA,PRÓ- SHAPE,113.42
TIJUCA,ESTÉTICA,PRÓ-SHAPE,107.11
TIJUCA,ESTÉTICA,RADIOFREQUÊNCIA,100.69
TIJUCA,LAVIEEN,LAVIEEN,356.77
TIJUCA,LAVIEEN,PRÓ-SÉRUM,150.0
TIJUCA,MEDICINA ESTÉTICA,BOTOX LIGHT,607.53
TIJUCA,MEDICINA ESTÉTICA,BOTOX POWER,837.33
TIJUCA,MEDICINA ESTÉTICA,CO2 CICATRIZ,434.29
TIJUCA,MEDICINA ESTÉTICA,CO2 COLO,543.5
TIJUCA,MEDICINA ESTÉTICA,CO2 MÃOS,500.0
TIJUCA,MEDICINA ESTÉTICA,CO2 ROSTO,864.44
TIJUCA,MEDICINA ESTÉTICA,DERMAROLLER,472.39
TIJUCA,MEDICINA ESTÉTICA,ENZIMA MELASMA,269.0
TIJUCA,MEDICINA ESTÉTICA,GLÚTEO MAX,297.5
TIJUCA,MEDICINA ESTÉTICA,PEELING QUÍMICO,233.37
TIJUCA,MEDICINA ESTÉTICA,PREENCHIMENTO,846.13
TIJUCA,MEDICINA ESTÉTICA,PRÓ-BELLA,203.1
TIJUCA,MEDICINA ESTÉTICA,PRÓ-LIPO,206.79
TIJUCA,MEDICINA ESTÉTICA,PRÓ-MESO,194.67
TIJUCA,MEDICINA ESTÉTICA,RADIESSE,1557.69
TIJUCA,MEDICINA ESTÉTICA,SCULPTRA,1842.13
TIJUCA,MEDICINA ESTÉTICA,SECAGEM,160.42
TIJUCA,MEDICINA ESTÉTICA,UP BUMBUM,10600.0
TIJUCA,ULTRAFORMER_III,ULTRAFORMER FULLFACE,1705.26
TIJUCA,ULTRAFORMER_III,ULTRAFORMER FULLFACE + PESCOÇO,2395.0
TIJUCA,ULTRAFORMER_III,ULTRAFORMER INTERNO COXA,1690.0
TIJUCA,ULTRAFORMER_III,ULTRAFORMER MAÇA DO ROSTO,1014.29
TIJUCA,ULTRAFORMER_III,ULTRAFORMER OLHOS,751.8
TIJUCA,ULTRAFORMER_III,ULTRAFORMER PAPADA,717.46
TIJUCA,ULTRAFORMER_III,ULTRAFORMER PESCOÇO,1084.7
TUCURUVI,ESTÉTICA,CARBOXITERAPIA,108.69
TUCURUVI,ESTÉTICA,CRIOLIPÓLISE,367.31
TUCURUVI,ESTÉTICA,DRENAGEM,96.24
TUCURUVI,ESTÉTICA,DRENAGEM 30 MIN,59.0
TUCURUVI,ESTÉTICA,HECCUS,100.6
TUCURUVI,ESTÉTICA,LIMPEZA DE PELE,73.38
TUCURUVI,ESTÉTICA,PEELING DE DIAMANTE,118.85
TUCURUVI,ESTÉTICA,PRÓ- SHAPE,107.73
TUCURUVI,ESTÉTICA,RADIOFREQUÊNCIA,106.13
TUCURUVI,LAVIEEN,LAVIEEN,380.93
TUCURUVI,LAVIEEN,PRÓ-SÉRUM,150.0
TUCURUVI,MEDICINA ESTÉTICA,BOTOX LIGHT,576.27
TUCURUVI,MEDICINA ESTÉTICA,BOTOX POWER,838.09
TUCURUVI,MEDICINA ESTÉTICA,CO2 ROSTO,600.0
TUCURUVI,MEDICINA ESTÉTICA,DERMAROLLER,507.09
TUCURUVI,MEDICINA ESTÉTICA,GLÚTEO MAX,350.4
TUCURUVI,MEDICINA ESTÉTICA,PEELING QUÍMICO,222.49
TUCURUVI,MEDICINA ESTÉTICA,PREENCHIMENTO,854.71
TUCURUVI,MEDICINA ESTÉTICA,PRÓ-BELLA,216.67
TUCURUVI,MEDICINA ESTÉTICA,PRÓ-LIPO,200.54
TUCURUVI,MEDICINA ESTÉTICA,PRÓ-MESO,217.0
TUCURUVI,MEDICINA ESTÉTICA,RADIESSE,1591.2
TUCURUVI,MEDICINA ESTÉTICA,SCULPTRA,1881.12
TUCURUVI,MEDICINA ESTÉTICA,SECAGEM,138.7
TUCURUVI,ULTRAFORMER_III,ULTRAFORMER BRAÇO,1516.67
TUCURUVI,ULTRAFORMER_III,ULTRAFORMER FULLFACE,1740.98
TUCURUVI,ULTRAFORMER_III,ULTRAFORMER FULLFACE + PESCOÇO,2238.52
TUCURUVI,ULTRAFORMER_III,ULTRAFORMER GLUTEO,1150.0
TUCURUVI,ULTRAFORMER_III,ULTRAFORMER MAÇA DO ROSTO,957.14
TUCURUVI,ULTRAFORMER_III,ULTRAFORMER OLHOS,707.78
TUCURUVI,ULTRAFORMER_III,ULTRAFORMER PAPADA,715.9
TUCURUVI,ULTRAFORMER_III,ULTRAFORMER PESCOÇO,1069.22
VILA MASCOTE,ESTÉTICA,CARBOXITERAPIA,99.0
VILA MASCOTE,ESTÉTICA,CRIOLIPÓLISE,350.0
VILA MASCOTE,ESTÉTICA,DRENAGEM,96.91
VILA MASCOTE,ESTÉTICA,HECCUS,100.06
VILA MASCOTE,ESTÉTICA,LIMPEZA DE PELE,61.21
VILA MASCOTE,LAVIEEN,LAVIEEN,314.51
VILA MASCOTE,LAVIEEN,PRÓ-SÉRUM,150.0
VILA MASCOTE,MEDICINA ESTÉTICA,BOTOX LIGHT,586.0
VILA MASCOTE,MEDICINA ESTÉTICA,BOTOX POWER,819.27
VILA MASCOTE,MEDICINA ESTÉTICA,DERMAROLLER,530.0
VILA MASCOTE,MEDICINA ESTÉTICA,GLÚTEO MAX,360.0
VILA MASCOTE,MEDICINA ESTÉTICA,PEELING QUÍMICO,198.75
VILA MASCOTE,MEDICINA ESTÉTICA,PREENCHIMENTO,799.82
VILA MASCOTE,MEDICINA ESTÉTICA,PRÓ-LIPO,200.0
VILA MASCOTE,MEDICINA ESTÉTICA,PRÓ-MESO,210.0
VILA MASCOTE,MEDICINA ESTÉTICA,RADIESSE,1566.67
VILA MASCOTE,MEDICINA ESTÉTICA,SCULPTRA,1800.0
VILA MASCOTE,MEDICINA ESTÉTICA,SECAGEM,167.33
VILA MASCOTE,ULTRAFORMER_III,ULTRAFORMER FULLFACE,1727.91
VILA MASCOTE,ULTRAFORMER_III,ULTRAFORMER FULLFACE + PESCOÇO,2210.0
VILA MASCOTE,ULTRAFORMER_III,ULTRAFORMER PAPADA,699.09
VILA MASCOTE,ULTRAFORMER_III,ULTRAFORMER PESCOÇO,1170.0
