Unidade,Grupo,Procedimentos Padronizados,Valor liquido item,Margem de Contribuição (R$),Margem de Contribuição (%)
ALPHAVILLE,ESTÉTICA,CARBOXITERAPIA,5501.8,2578.49,46.86629321313025
ALPHAVILLE,ESTÉTICA,CRIOLIPÓLISE,40756.0,16678.39,40.92254490136422
ALPHAVILLE,ESTÉTICA,DRENAGEM,33085.0,12265.63,37.07308145685356
ALPHAVILLE,ESTÉTICA,DRENAGEM 30 MIN,2747.0,919.39,33.46901346923916
ALPHAVILLE,ESTÉTICA,HECCUS,5154.0,2404.43,46.65175785797439
ALPHAVILLE,ESTÉTICA,HIDRATAÇÃO,1327.6,658.57,49.60598373003918
ALPHAVILLE,ESTÉTICA,LIMPEZA DE PELE,60443.9,6553.21,10.841800512541383
ALPHAVILLE,ESTÉTICA,PEELING DE DIAMANTE,2844.4,1221.4,42.94050625791028
ALPHAVILLE,ESTÉTICA,PRÓ- SHAPE,8110.0,2703.59,33.33654747225647
ALPHAVILLE,ESTÉTICA,PRÓ-SHAPE,1176.0,432.55,36.78149659863946
ALPHAVILLE,ESTÉTICA,RADIOFREQUÊNCIA,6779.8,2691.02,39.691744889229774
ALPHAVILLE,LAVIEEN,LAVIEEN,83743.0,33723.81,40.27060434902022
ALPHAVILLE,LAVIEEN,PRÓ-SÉRUM,25650.0,6595.47,25.71333333333334
ALPHAVILLE,MEDICINA ESTÉTICA,BOTOX LIGHT,12794.0,4963.39,38.79465061747695
ALPHAVILLE,MEDICINA ESTÉTICA,BOTOX POWER,81836.96,27561.43,33.678464576396784
ALPHAVILLE,MEDICINA ESTÉTICA,DERMAROLLER,1870.0,626.22,33.4875935828877
ALPHAVILLE,MEDICINA ESTÉTICA,ENZIMA MELASMA,870.0,460.34,52.912413793103454
ALPHAVILLE,MEDICINA ESTÉTICA,PEELING QUÍMICO,5768.0,3347.93,58.04312066574203
ALPHAVILLE,MEDICINA ESTÉTICA,PREENCHIMENTO,37521.99,13067.01,34.824943309243466
ALPHAVILLE,MEDICINA ESTÉTICA,PRÓ-BELLA,1455.0,556.66,38.25821305841925
ALPHAVILLE,MEDICINA ESTÉTICA,PRÓ-LIPO,22578.0,11401.93,50.50018247851893
ALPHAVILLE,MEDICINA ESTÉTICA,PRÓ-MESO,1000.0,476.3,47.63
ALPHAVILLE,MEDICINA ESTÉTICA,RADIESSE,7520.0,1448.71,19.264734042553194
ALPHAVILLE,MEDICINA ESTÉTICA,SCULPTRA,49000.0,7675.92,15.665142857142856
ALPHAVILLE,MEDICINA ESTÉTICA,SECAGEM,1573.0,884.59,56.23612205975842
ALPHAVILLE,ULTRAFORMER_III,ULTRAFORMER FULLFACE,109334.0,30044.52,27.479579636709534
ALPHAVILLE,ULTRAFORMER_III,ULTRAFORMER FULLFACE + PESCOÇO,2500.0,744.42,29.77680000000001
ALPHAVILLE,ULTRAFORMER_III,ULTRAFORMER INTERNO COXA,1500.0,-285.02,-19.001333333333324
ALPHAVILLE,ULTRAFORMER_III,ULTRAFORMER MAÇA DO ROSTO,16000.0,4556.48,28.478
ALPHAVILLE,ULTRAFORMER_III,ULTRAFORMER OLHOS,8316.0,3191.79,38.38126984126984
ALPHAVILLE,ULTRAFORMER_III,ULTRAFORMER PAPADA,24866.75,8681.81,34.9133097409191
ALPHAVILLE,ULTRAFORMER_III,ULTRAFORMER PESCOÇO,5885.0,1372.56,23.323007646559052
BELO HORIZONTE,ESTÉTICA,CARBOXITERAPIA,568.0,280.07,49.30760563380282
BELO HORIZONTE,ESTÉTICA,CRIOLIPÓLISE,7513.0,3029.93,40.329165446559294
BELO HORIZONTE,ESTÉTICA,DRENAGEM,8645.0,2946.99,34.088987854251016
BELO HORIZONTE,ESTÉTICA,DRENAGEM 30 MIN,826.0,341.02,41.28576271186441
BELO HORIZONTE,ESTÉTICA,HECCUS,3349.8,1736.55,51.840376141859224
BELO HORIZONTE,ESTÉTICA,HIDRATAÇÃO,363.4,117.38,32.30114474408366
BELO HORIZONTE,ESTÉTICA,LIMPEZA DE PELE,8130.0,1085.32,13.349594095940962
BELO HORIZONTE,ESTÉTICA,PEELING DE DIAMANTE,465.1,197.24,42.40841539453881
BELO HORIZONTE,ESTÉTICA,PRÓ- SHAPE,300.0,132.22,44.07333333333333
BELO HORIZONTE,ESTÉTICA,RADIOFREQUÊNCIA,3710.0,1528.33,41.19498652291105
BELO HORIZONTE,LAVIEEN,LAVIEEN,26542.0,12046.98,45.38835355285962
BELO HORIZONTE,LAVIEEN,PRÓ-SÉRUM,1500.0,385.7,25.71333333333334
BELO HORIZONTE,MEDICINA ESTÉTICA,BOTOX LIGHT,2860.0,1205.14,42.13790209790209
BELO HORIZONTE,MEDICINA ESTÉTICA,BOTOX POWER,52750.42,18433.13,34.94403697259663
BELO HORIZONTE,MEDICINA ESTÉTICA,CO2 ROSTO,1680.0,686.59,40.86857142857143
BELO HORIZONTE,MEDICINA ESTÉTICA,DERMAROLLER,472.0,217.47,46.07389830508474
BELO HORIZONTE,MEDICINA ESTÉTICA,PEELING QUÍMICO,1940.0,1149.1,59.2317525773196
BELO HORIZONTE,MEDICINA ESTÉTICA,PREENCHIMENTO,40372.2,14779.75,36.60873046304141
BELO HORIZONTE,MEDICINA ESTÉTICA,PRÓ-BELLA,986.0,427.12,43.318904665314406
BELO HORIZONTE,MEDICINA ESTÉTICA,PRÓ-LIPO,8515.2,4387.73,51.52823280721533
BELO HORIZONTE,MEDICINA ESTÉTICA,PRÓ-MESO,200.0,95.26,47.63000000000001
BELO HORIZONTE,MEDICINA ESTÉTICA,RADIESSE,5400.0,1495.62,27.696666666666676
BELO HORIZONTE,MEDICINA ESTÉTICA,SCULPTRA,51164.0,9202.41,17.986094910483935
BELO HORIZONTE,MEDICINA ESTÉTICA,SECAGEM,760.0,446.1,58.697894736842116
BELO HORIZONTE,ULTRAFORMER_III,ULTRAFORMER FULLFACE,53349.0,14828.16,27.79464394834018
BELO HORIZONTE,ULTRAFORMER_III,ULTRAFORMER FULLFACE + PESCOÇO,11860.0,3270.64,27.577099494097812
BELO HORIZONTE,ULTRAFORMER_III,ULTRAFORMER INTERNO COXA,5070.0,-452.98,-8.934556213017743
BELO HORIZONTE,ULTRAFORMER_III,ULTRAFORMER OLHOS,1480.0,557.75,37.685945945945946
BELO HORIZONTE,ULTRAFORMER_III,ULTRAFORMER PAPADA,8041.5,2888.15,35.915614002362744
BELO HORIZONTE,ULTRAFORMER_III,ULTRAFORMER PESCOÇO,1200.0,383.36,31.94666666666667
CAMPINAS,ESTÉTICA,CARBOXITERAPIA,9654.4,4398.21,45.55657275439178
CAMPINAS,ESTÉTICA,CRIOLIPÓLISE,36729.0,15282.13,41.60779384137875
CAMPINAS,ESTÉTICA,DRENAGEM,38178.8,14846.95,38.88793131266567
CAMPINAS,ESTÉTICA,DRENAGEM 30 MIN,4665.0,1892.63,40.57086816720257
CAMPINAS,ESTÉTICA,HECCUS,11533.0,5629.78,48.81451660452615
CAMPINAS,ESTÉTICA,LIMPEZA DE PELE,36748.0,5813.6,15.820178513116362
CAMPINAS,ESTÉTICA,PEELING DE DIAMANTE,795.2,299.25,37.63255533199194
CAMPINAS,ESTÉTICA,PRÓ- SHAPE,6240.0,2138.8,34.275576923076926
CAMPINAS,ESTÉTICA,PRÓ-SHAPE,11140.0,3491.16,31.338922800718134
CAMPINAS,ESTÉTICA,RADIOFREQUÊNCIA,4206.0,1677.66,39.88736091298146
CAMPINAS,LAVIEEN,LAVIEEN,142567.0,62060.26,43.53059389620319
CAMPINAS,LAVIEEN,PRÓ-SÉRUM,1050.0,269.99,25.71333333333334
CAMPINAS,MEDICINA ESTÉTICA,BOTOX LIGHT,10076.0,4183.33,41.51776895593489
CAMPINAS,MEDICINA ESTÉTICA,BOTOX POWER,218297.0,73953.5,33.87747142654275
CAMPINAS,MEDICINA ESTÉTICA,CO2 CICATRIZ,1365.0,395.15,28.948791208791206
CAMPINAS,MEDICINA ESTÉTICA,CO2 ROSTO,3000.0,620.76,20.692
CAMPINAS,MEDICINA ESTÉTICA,DERMAROLLER,2003.0,835.52,41.713240139790315
CAMPINAS,MEDICINA ESTÉTICA,GLÚTEO MAX,1080.0,466.75,43.21777777777779
CAMPINAS,MEDICINA ESTÉTICA,PEELING QUÍMICO,4760.0,2730.9,57.37193277310926
CAMPINAS,MEDICINA ESTÉTICA,PREENCHIMENTO,195417.0,70246.55,35.94700143795065
CAMPINAS,MEDICINA ESTÉTICA,PRÓ-BELLA,720.0,306.59,42.58166666666667
CAMPINAS,MEDICINA ESTÉTICA,PRÓ-LIPO,39182.8,19586.61,49.987767898159404
CAMPINAS,MEDICINA ESTÉTICA,PRÓ-MESO,4000.0,1905.2,47.63
CAMPINAS,MEDICINA ESTÉTICA,RADIESSE,32500.0,7501.9,23.082769230769237
CAMPINAS,MEDICINA ESTÉTICA,SCULPTRA,113920.0,17274.19,15.163437499999999
CAMPINAS,MEDICINA ESTÉTICA,SECAGEM,11000.0,5801.9,52.74454545454545
CAMPINAS,MEDICINA ESTÉTICA,UP BUMBUM,10600.0,2266.84,21.38528301886793
CAMPINAS,ULTRAFORMER_III,ULTRAFORMER FULLFACE,109760.0,30345.02,27.646705539358607
CAMPINAS,ULTRAFORMER_III,ULTRAFORMER FULLFACE + PESCOÇO,9434.73,2578.94,27.334524061631875
CAMPINAS,ULTRAFORMER_III,ULTRAFORMER FULLFACE + PESCOÇO + PAPADA,6380.0,1984.21,31.100501567398126
CAMPINAS,ULTRAFORMER_III,ULTRAFORMER MAÇA DO ROSTO,10501.0,3201.21,30.484767165031908
CAMPINAS,ULTRAFORMER_III,ULTRAFORMER OLHOS,23252.0,8622.12,37.08120075692414
CAMPINAS,ULTRAFORMER_III,ULTRAFORMER PAPADA,33793.0,11687.82,34.58651850975054
CAMPINAS,ULTRAFORMER_III,ULTRAFORMER PESCOÇO,16485.0,4681.72,28.39987261146497
COPACABANA,ESTÉTICA,CARBOXITERAPIA,37386.0,16121.08,43.12064516129032
COPACABANA,ESTÉTICA,CRIOLIPÓLISE,32388.0,14489.73,44.7379436828455
COPACABANA,ESTÉTICA,DRENAGEM,178421.01,64684.62,36.253925731056
COPACABANA,ESTÉTICA,DRENAGEM 30 MIN,9265.0,3566.81,38.49769023205612
COPACABANA,ESTÉTICA,HECCUS,39328.01,17978.78,45.714945287086735
COPACABANA,ESTÉTICA,HIDRATAÇÃO,581.0,178.24,30.677693631669534
COPACABANA,ESTÉTICA,LIMPEZA DE PELE,44248.0,5222.58,11.80297233773278
COPACABANA,ESTÉTICA,PEELING DE DIAMANTE,2385.0,995.47,41.738742138364785
COPACABANA,ESTÉTICA,PRÓ- SHAPE,28284.0,8359.13,29.554283693961253
COPACABANA,ESTÉTICA,PRÓ-SHAPE,4170.0,1353.52,32.45846522781775
COPACABANA,ESTÉTICA,RADIOFREQUÊNCIA,27456.0,10457.31,38.0875305944056
COPACABANA,LAVIEEN,LAVIEEN,219113.0,100382.31,45.81303263612839
COPACABANA,LAVIEEN,PRÓ-SÉRUM,38849.9,9989.56,25.713217949080953
COPACABANA,MEDICINA ESTÉTICA,BOTOX LIGHT,9398.0,3867.53,41.15268354969142
COPACABANA,MEDICINA ESTÉTICA,BOTOX POWER,439092.52,147514.72,33.59536245527481
COPACABANA,MEDICINA ESTÉTICA,CO2 CICATRIZ,27115.0,5880.12,21.68586022496773
COPACABANA,MEDICINA ESTÉTICA,CO2 COLO,4854.0,1495.85,30.816885043263287
COPACABANA,MEDICINA ESTÉTICA,CO2 MÃOS,2463.16,602.07,24.4431163221228
COPACABANA,MEDICINA ESTÉTICA,CO2 OLHEIRAS,0.01,-189.23,-1892329.4600000002
COPACABANA,MEDICINA ESTÉTICA,CO2 PESCOÇO,939.84,234.48,24.949261150834186
COPACABANA,MEDICINA ESTÉTICA,CO2 ROSTO,19851.0,5030.26,25.340060450355146
COPACABANA,MEDICINA ESTÉTICA,DERMAROLLER,33392.3,15471.33,46.33202390970373
COPACABANA,MEDICINA ESTÉTICA,GLÚTEO MAX,3400.0,1414.76,41.610588235294124
COPACABANA,MEDICINA ESTÉTICA,PEELING QUÍMICO,11704.2,6532.44,55.81280805181047
COPACABANA,MEDICINA ESTÉTICA,PREENCHIMENTO,119073.53,42004.67,35.27624322718912
COPACABANA,MEDICINA ESTÉTICA,PRÓ-BELLA,4687.0,1695.81,36.18113505440581
COPACABANA,MEDICINA ESTÉTICA,PRÓ-LIPO,63301.0,31037.25,49.03120866968927
COPACABANA,MEDICINA ESTÉTICA,PRÓ-MESO,5590.0,2568.59,45.94966010733453
COPACABANA,MEDICINA ESTÉTICA,RADIESSE,51890.0,10383.09,20.00980150317981
COPACABANA,MEDICINA ESTÉTICA,SCULPTRA,628309.02,86417.08,13.753914070499896
COPACABANA,MEDICINA ESTÉTICA,SECAGEM,5847.0,3269.47,55.917116469984606
COPACABANA,ULTRAFORMER_III,ULTRAFORMER BRAÇO,6340.0,399.76,6.305299684542589
COPACABANA,ULTRAFORMER_III,ULTRAFORMER FULLFACE,407443.0,111597.11,27.389625591800577
COPACABANA,ULTRAFORMER_III,ULTRAFORMER FULLFACE + PESCOÇO,182209.5,50061.42,27.474649400827072
COPACABANA,ULTRAFORMER_III,ULTRAFORMER GLUTEO,2790.0,141.83,5.083369175627243
COPACABANA,ULTRAFORMER_III,ULTRAFORMER INTERNO COXA,21840.0,-2054.62,-9.407619047619038
COPACABANA,ULTRAFORMER_III,ULTRAFORMER MAÇA DO ROSTO,1140.0,383.54,33.643508771929824
COPACABANA,ULTRAFORMER_III,ULTRAFORMER OLHOS,13410.0,4840.13,36.09346756152125
COPACABANA,ULTRAFORMER_III,ULTRAFORMER PAPADA,104896.5,36025.99,34.344321402525345
COPACABANA,ULTRAFORMER_III,ULTRAFORMER PESCOÇO,14278.0,4514.26,31.616901526824492
IPIRANGA,ESTÉTICA,CARBOXITERAPIA,29206.0,13317.67,45.59909744573033
IPIRANGA,ESTÉTICA,CRIOLIPÓLISE,50766.0,22810.92,44.93345231060158
IPIRANGA,ESTÉTICA,DRENAGEM,95989.0,35909.64,37.41016220608611
IPIRANGA,ESTÉTICA,DRENAGEM 30 MIN,7090.0,2912.83,41.083582510578275
IPIRANGA,ESTÉTICA,HECCUS,27997.0,13744.28,49.09198771296925
IPIRANGA,ESTÉTICA,HIDRATAÇÃO,572.0,171.89,30.050489510489513
IPIRANGA,ESTÉTICA,LIMPEZA DE PELE,44550.0,4680.55,10.506285072951743
IPIRANGA,ESTÉTICA,PEELING DE DIAMANTE,710.0,304.57,42.89774647887323
IPIRANGA,ESTÉTICA,PRÓ- SHAPE,11037.0,4688.9,42.4834628975265
IPIRANGA,ESTÉTICA,PRÓ-SHAPE,5590.0,2037.59,36.450554561717354
IPIRANGA,ESTÉTICA,RADIOFREQUÊNCIA,22147.0,9147.59,41.303986092924546
IPIRANGA,LAVIEEN,LAVIEEN,209446.68,97240.19,46.427180450890894
IPIRANGA,LAVIEEN,PRÓ-SÉRUM,34500.0,8871.1,25.71333333333334
IPIRANGA,MEDICINA ESTÉTICA,BOTOX LIGHT,15720.0,7027.39,44.70348600508906
IPIRANGA,MEDICINA ESTÉTICA,BOTOX POWER,352624.94,120996.33,34.313038855391234
IPIRANGA,MEDICINA ESTÉTICA,DERMAROLLER,18570.0,8711.04,46.90919763058697
IPIRANGA,MEDICINA ESTÉTICA,GLÚTEO MAX,10530.0,4477.06,42.51720797720798
IPIRANGA,MEDICINA ESTÉTICA,PEELING QUÍMICO,30955.0,18074.86,58.39075109029237
IPIRANGA,MEDICINA ESTÉTICA,PREENCHIMENTO,366342.99,130662.15,35.666615361194715
IPIRANGA,MEDICINA ESTÉTICA,PRÓ-BELLA,5830.0,2233.68,38.31358490566038
IPIRANGA,MEDICINA ESTÉTICA,PRÓ-LIPO,69180.0,35142.78,50.799048858051464
IPIRANGA,MEDICINA ESTÉTICA,PRÓ-MESO,10650.0,5267.33,49.45849765258215
IPIRANGA,MEDICINA ESTÉTICA,RADIESSE,149095.0,34223.05,22.953856936852347
IPIRANGA,MEDICINA ESTÉTICA,SCULPTRA,305030.0,47631.0,15.615186047274038
IPIRANGA,MEDICINA ESTÉTICA,SECAGEM,12165.0,6983.69,57.40806411837238
IPIRANGA,MEDICINA ESTÉTICA,UP BUMBUM,10600.0,2266.84,21.38528301886793
IPIRANGA,ULTRAFORMER_III,ULTRAFORMER BRAÇO,3200.0,221.04,6.907500000000002
IPIRANGA,ULTRAFORMER_III,ULTRAFORMER FULLFACE,356890.0,103154.97,28.90385440892152
IPIRANGA,ULTRAFORMER_III,ULTRAFORMER FULLFACE + PESCOÇO,17350.0,5105.13,29.424380403458215
IPIRANGA,ULTRAFORMER_III,ULTRAFORMER FULLFACE + PESCOÇO + PAPADA,2900.0,787.54,27.15655172413794
IPIRANGA,ULTRAFORMER_III,ULTRAFORMER MAÇA DO ROSTO,7400.0,2696.24,36.435675675675675
IPIRANGA,ULTRAFORMER_III,ULTRAFORMER OLHOS,41511.0,15180.9,36.57078702030787
IPIRANGA,ULTRAFORMER_III,ULTRAFORMER PAPADA,116143.0,41681.19,35.887821220392105
IPIRANGA,ULTRAFORMER_III,ULTRAFORMER PESCOÇO,40800.0,11644.88,28.541372549019613
ITAIM,ESTÉTICA,CARBOXITERAPIA,12618.0,5620.42,44.54285306704707
ITAIM,ESTÉTICA,CRIOLIPÓLISE,11592.01,5081.9,43.83971247436812
ITAIM,ESTÉTICA,DRENAGEM,48200.0,18157.6,37.6713692946058
ITAIM,ESTÉTICA,DRENAGEM 30 MIN,708.0,292.3,41.2857627118644
ITAIM,ESTÉTICA,HECCUS,10067.0,4725.26,46.93813251216847
ITAIM,ESTÉTICA,HIDRATAÇÃO,79.0,9.41,11.907088607594943
ITAIM,ESTÉTICA,LIMPEZA DE PELE,41690.0,4530.89,10.86804029743344
ITAIM,ESTÉTICA,PEELING DE DIAMANTE,1002.0,347.0,34.630818363273455
ITAIM,ESTÉTICA,PRÓ-SHAPE,10262.0,3308.51,32.24044825570064
ITAIM,ESTÉTICA,RADIOFREQUÊNCIA,11614.0,4754.52,40.93779576373343
ITAIM,LAVIEEN,LAVIEEN,78329.19,33871.66,43.24270508350719
ITAIM,LAVIEEN,PRÓ-SÉRUM,12300.0,3162.74,25.71333333333334
ITAIM,MEDICINA ESTÉTICA,BOTOX LIGHT,5801.0,2467.43,42.53448370970522
ITAIM,MEDICINA ESTÉTICA,BOTOX POWER,125758.97,43153.02,34.31406716992037
ITAIM,MEDICINA ESTÉTICA,DERMAROLLER,9700.0,4648.26,47.92020618556701
ITAIM,MEDICINA ESTÉTICA,ENZIMA MELASMA,750.0,375.69,50.092000000000006
ITAIM,MEDICINA ESTÉTICA,GLÚTEO MAX,1800.0,777.92,43.21777777777778
ITAIM,MEDICINA ESTÉTICA,PEELING QUÍMICO,15587.3,8895.5,57.06890494184369
ITAIM,MEDICINA ESTÉTICA,PREENCHIMENTO,73770.0,26724.36,36.22659346617867
ITAIM,MEDICINA ESTÉTICA,PRÓ-BELLA,1670.0,708.32,42.41425149700599
ITAIM,MEDICINA ESTÉTICA,PRÓ-LIPO,36813.0,19160.25,52.047510933637575
ITAIM,MEDICINA ESTÉTICA,PRÓ-MESO,5800.0,2716.72,46.84
ITAIM,MEDICINA ESTÉTICA,RADIESSE,10700.0,2149.52,20.088971962616828
ITAIM,MEDICINA ESTÉTICA,SCULPTRA,122680.0,17248.41,14.05967720899902
ITAIM,MEDICINA ESTÉTICA,SECAGEM,4300.0,2493.22,57.981860465116284
ITAIM,ULTRAFORMER_III,ULTRAFORMER BRAÇO,1500.0,39.98,2.6653333333333347
ITAIM,ULTRAFORMER_III,ULTRAFORMER FULLFACE,128996.0,37293.52,28.910600638779506
ITAIM,ULTRAFORMER_III,ULTRAFORMER FULLFACE + PESCOÇO,7780.0,2430.77,31.243856041131114
ITAIM,ULTRAFORMER_III,ULTRAFORMER FULLFACE + PESCOÇO + PAPADA,2900.0,787.54,27.15655172413794
ITAIM,ULTRAFORMER_III,ULTRAFORMER INTERNO COXA,1700.0,-143.94,-8.4670588235294
ITAIM,ULTRAFORMER_III,ULTRAFORMER MAÇA DO ROSTO,7830.0,2158.32,27.564776500638573
ITAIM,ULTRAFORMER_III,ULTRAFORMER OLHOS,9390.0,3463.15,36.88121405750799
ITAIM,ULTRAFORMER_III,ULTRAFORMER PAPADA,32408.0,10963.96,33.83103924956801
ITAIM,ULTRAFORMER_III,ULTRAFORMER PESCOÇO,6290.0,1658.25,26.36321144674086
JARDINS,ESTÉTICA,CARBOXITERAPIA,34845.0,16354.74,46.935695221696086
JARDINS,ESTÉTICA,CRIOLIPÓLISE,108906.5,47522.37,43.635930913214544
JARDINS,ESTÉTICA,DRENAGEM,105756.2,41093.73,38.857044296220934
JARDINS,ESTÉTICA,DRENAGEM 30 MIN,12170.98,5012.59,41.1847631990193
JARDINS,ESTÉTICA,HECCUS,63769.02,31525.87,49.437590083711505
JARDINS,ESTÉTICA,HIDRATAÇÃO,676.6,268.83,39.73302394324564
JARDINS,ESTÉTICA,LIMPEZA DE PELE,113548.87,16871.03,14.857948738723689
JARDINS,ESTÉTICA,PEELING DE DIAMANTE,2821.0,1303.02,46.19012406947891
JARDINS,ESTÉTICA,PRÓ- SHAPE,16845.0,5728.96,34.009872365687144
JARDINS,ESTÉTICA,PRÓ-SHAPE,8857.0,3389.33,38.267221406796885
JARDINS,ESTÉTICA,RADIOFREQUÊNCIA,25540.0,10996.67,43.05664056382146
JARDINS,LAVIEEN,LAVIEEN,255908.0,115017.75,44.94496193944699
JARDINS,LAVIEEN,PRÓ-SÉRUM,57300.0,14733.74,25.71333333333334
JARDINS,MEDICINA ESTÉTICA,BOTOX LIGHT,76836.45,32268.33,41.996125315524075
JARDINS,MEDICINA ESTÉTICA,BOTOX POWER,802724.34,275967.49,34.37886154492339
JARDINS,MEDICINA ESTÉTICA,CO2 CICATRIZ,19975.0,6899.24,34.53939924906132
JARDINS,MEDICINA ESTÉTICA,CO2 COLO,5479.0,2150.97,39.258379266289474
JARDINS,MEDICINA ESTÉTICA,CO2 MÃOS,1200.0,278.76,23.229999999999997
JARDINS,MEDICINA ESTÉTICA,CO2 OLHEIRAS,4390.0,1204.31,27.43293849658314
JARDINS,MEDICINA ESTÉTICA,CO2 PESCOÇO,450.0,103.19,22.93111111111111
JARDINS,MEDICINA ESTÉTICA,CO2 ROSTO,80480.0,32095.83,39.8805069582505
JARDINS,MEDICINA ESTÉTICA,DERMAROLLER,30456.0,14208.42,46.65229314420804
JARDINS,MEDICINA ESTÉTICA,ENZIMA MELASMA,380.0,165.81,43.63473684210526
JARDINS,MEDICINA ESTÉTICA,GLÚTEO MAX,3600.0,1555.84,43.21777777777778
JARDINS,MEDICINA ESTÉTICA,PEELING QUÍMICO,44423.0,25444.06,57.276780496589616
JARDINS,MEDICINA ESTÉTICA,PREENCHIMENTO,891033.39,324183.35,36.382851298759974
JARDINS,MEDICINA ESTÉTICA,PRÓ-BELLA,2490.0,1018.35,40.8974297188755
JARDINS,MEDICINA ESTÉTICA,PRÓ-LIPO,149059.0,75508.08,50.656504203033705
JARDINS,MEDICINA ESTÉTICA,PRÓ-MESO,9122.0,4510.22,49.443310677483005
JARDINS,MEDICINA ESTÉTICA,RADIESSE,282050.0,60145.67,21.324470838503817
JARDINS,MEDICINA ESTÉTICA,SCULPTRA,1385535.0,193447.95,13.96196768757195
JARDINS,MEDICINA ESTÉTICA,SECAGEM,27870.0,16149.5,57.94581270182994
JARDINS,MEDICINA ESTÉTICA,UP BUMBUM,31800.0,6800.52,21.38528301886793
JARDINS,ULTRAFORMER_III,ULTRAFORMER BRAÇO,1800.0,251.6,13.977777777777778
JARDINS,ULTRAFORMER_III,ULTRAFORMER FULLFACE,686900.1,189555.71,27.595819325110014
JARDINS,ULTRAFORMER_III,ULTRAFORMER FULLFACE + PESCOÇO,32718.0,7793.08,23.81892902989181
JARDINS,ULTRAFORMER_III,ULTRAFORMER FULLFACE + PESCOÇO + PAPADA,2900.0,787.54,27.15655172413794
JARDINS,ULTRAFORMER_III,ULTRAFORMER GLUTEO,1500.0,144.98,9.665333333333335
JARDINS,ULTRAFORMER_III,ULTRAFORMER INTERNO COXA,1690.0,-150.99,-8.934556213017743
JARDINS,ULTRAFORMER_III,ULTRAFORMER MAÇA DO ROSTO,51707.0,13340.02,25.79924923124529
JARDINS,ULTRAFORMER_III,ULTRAFORMER OLHOS,111690.4,39887.21,35.7122977086661
JARDINS,ULTRAFORMER_III,ULTRAFORMER PAPADA,266480.9,92296.27,34.63522783809271
JARDINS,ULTRAFORMER_III,ULTRAFORMER PESCOÇO,162026.0,43435.78,26.80790761976473
LAPA,ESTÉTICA,CARBOXITERAPIA,47194.2,22436.79,47.54141119035815
LAPA,ESTÉTICA,CRIOLIPÓLISE,80037.0,36030.44,45.017229281457325
LAPA,ESTÉTICA,DRENAGEM,105163.0,38044.48,36.17667829940188
LAPA,ESTÉTICA,DRENAGEM 30 MIN,12210.0,4867.51,39.864979524979525
LAPA,ESTÉTICA,HECCUS,33703.64,16646.55,49.390949036958624
LAPA,ESTÉTICA,HIDRATAÇÃO,1823.0,614.3,33.69743280307186
LAPA,ESTÉTICA,LIMPEZA DE PELE,105107.0,14969.62,14.242265310588262
LAPA,ESTÉTICA,PEELING DE DIAMANTE,1575.1,685.85,43.54298393752777
LAPA,ESTÉTICA,PRÓ- SHAPE,14150.0,5296.81,37.433286219081275
LAPA,ESTÉTICA,PRÓ-SHAPE,3795.0,1287.49,33.92603425559947
LAPA,ESTÉTICA,RADIOFREQUÊNCIA,12368.8,5229.65,42.2809934674342
LAPA,LAVIEEN,LAVIEEN,174455.0,80006.81,45.86099968473245
LAPA,LAVIEEN,PRÓ-SÉRUM,16800.0,4319.84,25.71333333333333
LAPA,MEDICINA ESTÉTICA,BOTOX LIGHT,23911.0,10693.34,44.721422776128136
LAPA,MEDICINA ESTÉTICA,BOTOX POWER,315891.67,110167.86,34.875203900754975
LAPA,MEDICINA ESTÉTICA,CO2 CICATRIZ,1700.0,631.46,37.14470588235294
LAPA,MEDICINA ESTÉTICA,CO2 COLO,1597.0,698.04,43.709693174702565
LAPA,MEDICINA ESTÉTICA,DERMAROLLER,52049.0,25167.36,48.353214470979275
LAPA,MEDICINA ESTÉTICA,ENZIMA MELASMA,9240.0,4473.1,48.41012987012988
LAPA,MEDICINA ESTÉTICA,GLÚTEO MAX,7000.0,2970.6,42.43714285714286
LAPA,MEDICINA ESTÉTICA,PEELING QUÍMICO,41350.0,24059.87,58.185900846432894
LAPA,MEDICINA ESTÉTICA,PREENCHIMENTO,339219.48,123143.42,36.301989847988686
LAPA,MEDICINA ESTÉTICA,PRÓ-BELLA,6482.0,2559.4,39.48477013267511
LAPA,MEDICINA ESTÉTICA,PRÓ-LIPO,81022.0,42416.87,52.35228555207229
LAPA,MEDICINA ESTÉTICA,PRÓ-MESO,8440.0,4258.24,50.45303317535544
LAPA,MEDICINA ESTÉTICA,RADIESSE,35300.0,7163.48,20.293144475920684
LAPA,MEDICINA ESTÉTICA,SCULPTRA,299520.0,46846.79,15.640620993589744
LAPA,MEDICINA ESTÉTICA,SECAGEM,20831.0,12039.19,57.794572512121356
LAPA,ULTRAFORMER_III,ULTRAFORMER BRAÇO,2400.0,-343.28,-14.303333333333331
LAPA,ULTRAFORMER_III,ULTRAFORMER FULLFACE,217701.0,62349.41,28.63992604535579
LAPA,ULTRAFORMER_III,ULTRAFORMER FULLFACE + PESCOÇO,22401.0,6629.95,29.596649256729613
LAPA,ULTRAFORMER_III,ULTRAFORMER FULLFACE + PESCOÇO + PAPADA,8700.0,2362.62,27.15655172413794
LAPA,ULTRAFORMER_III,ULTRAFORMER MAÇA DO ROSTO,12920.0,4486.95,34.72869969040248
LAPA,ULTRAFORMER_III,ULTRAFORMER OLHOS,33519.0,12703.9,37.900601449923926
LAPA,ULTRAFORMER_III,ULTRAFORMER PAPADA,59698.0,21355.13,35.77193406814298
LAPA,ULTRAFORMER_III,ULTRAFORMER PESCOÇO,12220.0,3525.67,28.851620294599016
LONDRINA,ESTÉTICA,CARBOXITERAPIA,30512.0,13973.6,45.797079181961195
LONDRINA,ESTÉTICA,CRIOLIPÓLISE,24745.0,11368.09,45.94096989290766
LONDRINA,ESTÉTICA,DRENAGEM,24514.8,9082.3,37.048231762037624
LONDRINA,ESTÉTICA,DRENAGEM 30 MIN,2329.0,935.22,40.155285530270504
LONDRINA,ESTÉTICA,HECCUS,11323.0,5503.24,48.6023509670582
LONDRINA,ESTÉTICA,HIDRATAÇÃO,2154.6,662.93,30.76834864940129
LONDRINA,ESTÉTICA,LIMPEZA DE PELE,47350.0,3714.91,7.8456388595564945
LONDRINA,ESTÉTICA,PEELING DE DIAMANTE,2463.4,952.64,38.67185028821953
LONDRINA,ESTÉTICA,PRÓ- SHAPE,976.0,331.17,33.931393442622955
LONDRINA,ESTÉTICA,PRÓ-SHAPE,18220.0,6301.89,34.58774972557629
LONDRINA,ESTÉTICA,RADIOFREQUÊNCIA,11748.0,4849.04,41.27544433094995
LONDRINA,LAVIEEN,LAVIEEN,165007.0,74212.94,44.9756300035756
LONDRINA,LAVIEEN,PRÓ-SÉRUM,16800.0,4319.84,25.71333333333334
LONDRINA,MEDICINA ESTÉTICA,BOTOX LIGHT,16860.0,7181.7,42.596109134045065
LONDRINA,MEDICINA ESTÉTICA,BOTOX POWER,361771.0,120060.28,33.186818014710965
LONDRINA,MEDICINA ESTÉTICA,CO2 PESCOÇO,1370.6,538.34,39.277779074857726
LONDRINA,MEDICINA ESTÉTICA,CO2 ROSTO,2520.0,1029.89,40.86857142857143
LONDRINA,MEDICINA ESTÉTICA,DERMAROLLER,3300.0,1634.94,49.54363636363637
LONDRINA,MEDICINA ESTÉTICA,ENZIMA MELASMA,290.0,153.45,52.912413793103454
LONDRINA,MEDICINA ESTÉTICA,GLÚTEO MAX,4040.0,1669.5,41.32415841584159
LONDRINA,MEDICINA ESTÉTICA,PEELING QUÍMICO,3320.0,1965.85,59.21228915662651
LONDRINA,MEDICINA ESTÉTICA,PREENCHIMENTO,184468.0,64012.13,34.700938482555244
LONDRINA,MEDICINA ESTÉTICA,PRÓ-BELLA,600.0,221.94,36.99
LONDRINA,MEDICINA ESTÉTICA,PRÓ-LIPO,17380.0,9354.15,53.82135788262371
LONDRINA,MEDICINA ESTÉTICA,PRÓ-MESO,1710.0,931.31,54.46280701754387
LONDRINA,MEDICINA ESTÉTICA,RADIESSE,19700.0,3871.04,19.649949238578685
LONDRINA,MEDICINA ESTÉTICA,SCULPTRA,163782.0,23489.8,14.342115006533074
LONDRINA,MEDICINA ESTÉTICA,SECAGEM,10150.0,5742.31,56.57448275862069
LONDRINA,ULTRAFORMER_III,ULTRAFORMER BRAÇO,2000.0,392.68,19.634000000000004
LONDRINA,ULTRAFORMER_III,ULTRAFORMER FULLFACE,210601.0,57341.07,27.22734716359372
LONDRINA,ULTRAFORMER_III,ULTRAFORMER FULLFACE + PESCOÇO,66411.0,18312.08,27.573864871783293
LONDRINA,ULTRAFORMER_III,ULTRAFORMER INTERNO COXA,1690.0,-150.99,-8.934556213017743
LONDRINA,ULTRAFORMER_III,ULTRAFORMER MAÇA DO ROSTO,28478.0,7890.4,27.70700610997963
LONDRINA,ULTRAFORMER_III,ULTRAFORMER OLHOS,10145.0,3509.48,34.59322819122721
LONDRINA,ULTRAFORMER_III,ULTRAFORMER PAPADA,81701.0,27763.73,33.98211209165127
LONDRINA,ULTRAFORMER_III,ULTRAFORMER PESCOÇO,10785.0,3439.66,31.892990264255914
MOEMA,ESTÉTICA,CARBOXITERAPIA,31233.4,14820.16,47.44971844243662
MOEMA,ESTÉTICA,CRIOLIPÓLISE,65790.0,28972.54,44.03790241678067
MOEMA,ESTÉTICA,DRENAGEM,58113.0,21796.67,37.507391117305936
MOEMA,ESTÉTICA,DRENAGEM 30 MIN,8555.0,3532.0,41.28576271186441
MOEMA,ESTÉTICA,HECCUS,53070.6,26117.6,49.2129375586483
MOEMA,ESTÉTICA,HIDRATAÇÃO,162.0,91.11,56.24370370370371
MOEMA,ESTÉTICA,LIMPEZA DE PELE,55518.0,7211.44,12.989367772614289
MOEMA,ESTÉTICA,PEELING DE DIAMANTE,1824.0,796.0,43.64032894736843
MOEMA,ESTÉTICA,PRÓ- SHAPE,26523.0,8466.72,31.922196584096824
MOEMA,ESTÉTICA,PRÓ-SHAPE,4820.0,1613.53,33.475684647302906
MOEMA,ESTÉTICA,RADIOFREQUÊNCIA,19516.6,8524.06,43.67594581023335
MOEMA,LAVIEEN,LAVIEEN,122573.99,55116.69,44.96605890531915
MOEMA,LAVIEEN,PRÓ-SÉRUM,50250.0,12920.95,25.71333333333334
MOEMA,MEDICINA ESTÉTICA,BOTOX LIGHT,43788.0,18703.56,42.71388325568648
MOEMA,MEDICINA ESTÉTICA,BOTOX POWER,447660.88,152327.56,34.027446122162836
MOEMA,MEDICINA ESTÉTICA,CO2 CICATRIZ,1365.0,395.15,28.948791208791206
MOEMA,MEDICINA ESTÉTICA,CO2 OLHEIRAS,520.0,177.57,34.14769230769231
MOEMA,MEDICINA ESTÉTICA,CO2 ROSTO,6000.0,1989.24,33.154
MOEMA,MEDICINA ESTÉTICA,DERMAROLLER,37724.0,18295.95,48.49949528151839
MOEMA,MEDICINA ESTÉTICA,GLÚTEO MAX,5200.0,2192.68,42.166923076923084
MOEMA,MEDICINA ESTÉTICA,PEELING QUÍMICO,46693.0,27546.76,58.995485832994255
MOEMA,MEDICINA ESTÉTICA,PREENCHIMENTO,573024.98,203196.82,35.46037746766294
MOEMA,MEDICINA ESTÉTICA,PRÓ-BELLA,6870.0,2698.9,39.285269286754
MOEMA,MEDICINA ESTÉTICA,PRÓ-FIRM,780.0,443.87,56.90666666666666
MOEMA,MEDICINA ESTÉTICA,PRÓ-LIPO,65242.5,32946.41,50.49838602138178
MOEMA,MEDICINA ESTÉTICA,PRÓ-MESO,6730.0,3235.28,48.072540861812776
MOEMA,MEDICINA ESTÉTICA,RADIESSE,83800.0,17468.8,20.845823389021483
MOEMA,MEDICINA ESTÉTICA,SCULPTRA,596464.0,94979.01,15.923677807881115
MOEMA,MEDICINA ESTÉTICA,SECAGEM,12779.0,7304.31,57.15867125753189
MOEMA,MEDICINA ESTÉTICA,UP BUMBUM,31800.0,6800.52,21.38528301886793
MOEMA,ULTRAFORMER_III,ULTRAFORMER BRAÇO,1740.0,209.28,12.027356321839084
MOEMA,ULTRAFORMER_III,ULTRAFORMER FULLFACE,513454.0,142975.69,27.84586186883343
MOEMA,ULTRAFORMER_III,ULTRAFORMER FULLFACE + PESCOÇO,110004.0,31738.22,28.851879568015715
MOEMA,ULTRAFORMER_III,ULTRAFORMER FULLFACE + PESCOÇO + PAPADA,11770.0,4528.2,38.47237043330502
MOEMA,ULTRAFORMER_III,ULTRAFORMER GLUTEO,2400.0,-133.28,-5.553333333333333
MOEMA,ULTRAFORMER_III,ULTRAFORMER INTERNO COXA,30570.0,-1268.96,-4.15100425253516
MOEMA,ULTRAFORMER_III,ULTRAFORMER MAÇA DO ROSTO,8000.0,2278.24,28.478
MOEMA,ULTRAFORMER_III,ULTRAFORMER OLHOS,48490.0,17915.81,36.94742421117756
MOEMA,ULTRAFORMER_III,ULTRAFORMER PAPADA,128327.0,45213.39,35.2329484831719
MOEMA,ULTRAFORMER_III,ULTRAFORMER PESCOÇO,59020.0,18476.71,31.305842087427994
MOOCA,ESTÉTICA,CARBOXITERAPIA,17377.2,8036.88,46.249550445411224
MOOCA,ESTÉTICA,CRIOLIPÓLISE,25599.0,10732.46,41.92532755185749
MOOCA,ESTÉTICA,DRENAGEM,39400.4,14841.36,37.66804946142679
MOOCA,ESTÉTICA,DRENAGEM 30 MIN,3717.0,1534.59,41.28576271186441
MOOCA,ESTÉTICA,HECCUS,24355.6,11974.84,49.166681338172744
MOOCA,ESTÉTICA,HIDRATAÇÃO,585.0,296.86,50.74512820512821
MOOCA,ESTÉTICA,LIMPEZA DE PELE,46429.92,3065.89,6.6032540396365125
MOOCA,ESTÉTICA,PEELING DE DIAMANTE,910.0,380.23,41.78395604395605
MOOCA,ESTÉTICA,PRÓ- SHAPE,4686.0,1717.5,36.65182244985062
MOOCA,ESTÉTICA,PRÓ-SHAPE,9570.0,3534.98,36.93811912225705
MOOCA,ESTÉTICA,RADIOFREQUÊNCIA,7427.0,3090.26,41.608399084421706
MOOCA,LAVIEEN,LAVIEEN,112191.88,46535.4,41.4784048114712
MOOCA,LAVIEEN,PRÓ-SÉRUM,20397.0,5176.16,25.37708388488504
MOOCA,MEDICINA ESTÉTICA,BOTOX LIGHT,6321.0,2671.77,42.2682075620946
MOOCA,MEDICINA ESTÉTICA,BOTOX POWER,90559.89,31252.03,34.509788390864884
MOOCA,MEDICINA ESTÉTICA,DERMAROLLER,9630.0,4483.4,46.556614745586714
MOOCA,MEDICINA ESTÉTICA,ENZIMA MELASMA,609.0,276.23,45.357733990147786
MOOCA,MEDICINA ESTÉTICA,GLÚTEO MAX,3404.0,1417.58,41.64458284371329
MOOCA,MEDICINA ESTÉTICA,PEELING QUÍMICO,20461.0,11863.31,57.980105566687854
MOOCA,MEDICINA ESTÉTICA,PREENCHIMENTO,134607.3,47601.79,35.36345311138401
MOOCA,MEDICINA ESTÉTICA,PRÓ-BELLA,11869.2,4816.23,40.57757624776733
MOOCA,MEDICINA ESTÉTICA,PRÓ-LIPO,47757.0,23974.45,50.20090834851436
MOOCA,MEDICINA ESTÉTICA,PRÓ-MESO,8727.0,4139.95,47.43836140712731
MOOCA,MEDICINA ESTÉTICA,RADIESSE,20300.0,4294.28,21.154088669950745
MOOCA,MEDICINA ESTÉTICA,SCULPTRA,174197.0,26699.82,15.32737291686998
MOOCA,MEDICINA ESTÉTICA,SECAGEM,7560.0,4275.32,56.55190476190477
MOOCA,ULTRAFORMER_III,ULTRAFORMER BRAÇO,2200.0,533.76,24.261818181818192
MOOCA,ULTRAFORMER_III,ULTRAFORMER FULLFACE,155169.0,45457.27,29.295331283954923
MOOCA,ULTRAFORMER_III,ULTRAFORMER FULLFACE + PESCOÇO,11490.0,3009.65,26.193611836379464
MOOCA,ULTRAFORMER_III,ULTRAFORMER GLUTEO,1600.0,215.52,13.47
MOOCA,ULTRAFORMER_III,ULTRAFORMER MAÇA DO ROSTO,9702.0,3478.83,35.856841888270466
MOOCA,ULTRAFORMER_III,ULTRAFORMER OLHOS,21143.0,8350.03,39.493128695076386
MOOCA,ULTRAFORMER_III,ULTRAFORMER PAPADA,58877.0,21282.24,36.14694328855071
MOOCA,ULTRAFORMER_III,ULTRAFORMER PESCOÇO,18330.0,6446.3,35.16804146208402
OSASCO,ESTÉTICA,CARBOXITERAPIA,19233.2,8984.3,46.71245180209221
OSASCO,ESTÉTICA,CRIOLIPÓLISE,43171.1,19001.02,44.013295792787304
OSASCO,ESTÉTICA,DRENAGEM,60510.0,22215.47,36.71372335151215
OSASCO,ESTÉTICA,DRENAGEM 30 MIN,3829.0,1544.56,40.33838077827109
OSASCO,ESTÉTICA,HECCUS,14970.4,7341.72,49.041576444183185
OSASCO,ESTÉTICA,LIMPEZA DE PELE,74780.0,4505.45,6.024942497994117
OSASCO,ESTÉTICA,PEELING DE DIAMANTE,1181.0,538.69,45.61281964436918
OSASCO,ESTÉTICA,PRÓ- SHAPE,4525.0,1842.14,40.71016574585635
OSASCO,ESTÉTICA,PRÓ-SHAPE,3307.0,1102.06,33.325001511944365
OSASCO,ESTÉTICA,RADIOFREQUÊNCIA,10021.0,4404.36,43.95133619399262
OSASCO,LAVIEEN,LAVIEEN,141722.0,62818.7,44.325297977731054
OSASCO,LAVIEEN,PRÓ-SÉRUM,34050.0,8755.39,25.71333333333334
OSASCO,MEDICINA ESTÉTICA,BOTOX LIGHT,7965.0,3181.61,39.94489642184557
OSASCO,MEDICINA ESTÉTICA,BOTOX POWER,165015.91,55146.04,33.418621825010696
OSASCO,MEDICINA ESTÉTICA,DERMAROLLER,10888.0,4677.92,42.96395297575312
OSASCO,MEDICINA ESTÉTICA,ENZIMA MELASMA,950.0,414.53,43.63473684210526
OSASCO,MEDICINA ESTÉTICA,GLÚTEO MAX,8800.0,3748.52,42.596818181818186
OSASCO,MEDICINA ESTÉTICA,PEELING QUÍMICO,23023.0,12730.34,55.29402858011554
OSASCO,MEDICINA ESTÉTICA,PREENCHIMENTO,188611.08,65445.66,34.69873341057165
OSASCO,MEDICINA ESTÉTICA,PRÓ-BELLA,570.0,200.78,35.224210526315794
OSASCO,MEDICINA ESTÉTICA,PRÓ-LIPO,33030.0,16242.66,49.17548289433849
OSASCO,MEDICINA ESTÉTICA,PRÓ-MESO,696.0,124.4,17.873333333333335
OSASCO,MEDICINA ESTÉTICA,RADIESSE,22499.0,5074.27,22.55333392595227
OSASCO,MEDICINA ESTÉTICA,SCULPTRA,149600.0,21759.26,14.544959893048127
OSASCO,MEDICINA ESTÉTICA,SECAGEM,13217.0,7140.77,54.02717560717258
OSASCO,ULTRAFORMER_III,ULTRAFORMER FULLFACE,109390.0,30819.65,28.174098180820923
OSASCO,ULTRAFORMER_III,ULTRAFORMER FULLFACE + PESCOÇO,15709.0,4966.65,31.616580304284174
OSASCO,ULTRAFORMER_III,ULTRAFORMER MAÇA DO ROSTO,6600.0,1711.3,25.92878787878788
OSASCO,ULTRAFORMER_III,ULTRAFORMER OLHOS,30220.0,11349.27,37.555486432825944
OSASCO,ULTRAFORMER_III,ULTRAFORMER PAPADA,40560.0,13423.82,33.09621301775148
OSASCO,ULTRAFORMER_III,ULTRAFORMER PESCOÇO,2000.0,484.56,24.228
RIBEIRÃO PRETO,ESTÉTICA,CARBOXITERAPIA,4963.4,2343.42,47.214054075835115
RIBEIRÃO PRETO,ESTÉTICA,CRIOLIPÓLISE,10009.99,4069.12,40.65055955100854
RIBEIRÃO PRETO,ESTÉTICA,DRENAGEM,17037.0,6149.17,36.0930316370253
RIBEIRÃO PRETO,ESTÉTICA,DRENAGEM 30 MIN,59.0,24.36,41.2857627118644
RIBEIRÃO PRETO,ESTÉTICA,HECCUS,5261.0,2523.11,47.958741684090484
RIBEIRÃO PRETO,ESTÉTICA,LIMPEZA DE PELE,17700.0,2113.44,11.940338983050848
RIBEIRÃO PRETO,ESTÉTICA,PEELING DE DIAMANTE,2015.6,800.31,39.70600515975393
RIBEIRÃO PRETO,ESTÉTICA,PRÓ-SHAPE,4490.0,1380.75,30.751581291759468
RIBEIRÃO PRETO,ESTÉTICA,RADIOFREQUÊNCIA,3208.0,1346.12,41.9614463840399
RIBEIRÃO PRETO,LAVIEEN,LAVIEEN,65794.0,28222.09,42.894622002006265
RIBEIRÃO PRETO,LAVIEEN,PRÓ-SÉRUM,12720.0,3257.29,25.607610062893087
RIBEIRÃO PRETO,MEDICINA ESTÉTICA,BOTOX LIGHT,1900.0,852.88,44.88842105263157
RIBEIRÃO PRETO,MEDICINA ESTÉTICA,BOTOX POWER,78008.2,26707.54,34.23684212685334
RIBEIRÃO PRETO,MEDICINA ESTÉTICA,CO2 ROSTO,1500.0,310.38,20.692
RIBEIRÃO PRETO,MEDICINA ESTÉTICA,GLÚTEO MAX,1600.0,636.84,39.80250000000001
RIBEIRÃO PRETO,MEDICINA ESTÉTICA,PEELING QUÍMICO,200.0,109.74,54.870000000000005
RIBEIRÃO PRETO,MEDICINA ESTÉTICA,PREENCHIMENTO,84440.8,30082.34,35.62536157876288
RIBEIRÃO PRETO,MEDICINA ESTÉTICA,PRÓ-BELLA,9370.0,3455.9,36.88258271077909
RIBEIRÃO PRETO,MEDICINA ESTÉTICA,PRÓ-LIPO,26809.0,13431.75,50.10163974784588
RIBEIRÃO PRETO,MEDICINA ESTÉTICA,PRÓ-MESO,3125.0,1471.26,47.08016000000001
RIBEIRÃO PRETO,MEDICINA ESTÉTICA,RADIESSE,41310.0,9089.39,22.002890341321717
RIBEIRÃO PRETO,MEDICINA ESTÉTICA,SCULPTRA,113126.0,17748.28,15.68894895956721
RIBEIRÃO PRETO,MEDICINA ESTÉTICA,SECAGEM,5432.0,2819.23,51.900456553755525
RIBEIRÃO PRETO,ULTRAFORMER_III,ULTRAFORMER BRAÇO,6200.0,301.0,4.854838709677422
RIBEIRÃO PRETO,ULTRAFORMER_III,ULTRAFORMER FULLFACE,95477.5,26155.11,27.39400225183944
RIBEIRÃO PRETO,ULTRAFORMER_III,ULTRAFORMER FULLFACE + PESCOÇO,2500.0,744.42,29.77680000000001
RIBEIRÃO PRETO,ULTRAFORMER_III,ULTRAFORMER MAÇA DO ROSTO,1000.0,284.78,28.478
RIBEIRÃO PRETO,ULTRAFORMER_III,ULTRAFORMER OLHOS,6240.0,2213.62,35.47461538461538
RIBEIRÃO PRETO,ULTRAFORMER_III,ULTRAFORMER PAPADA,24177.45,8448.69,34.94451743256629
RIBEIRÃO PRETO,ULTRAFORMER_III,ULTRAFORMER PESCOÇO,13690.0,3636.37,26.562205989773563
SANTO AMARO,ESTÉTICA,CARBOXITERAPIA,28027.0,12823.69,45.75475719841581
SANTO AMARO,ESTÉTICA,CRIOLIPÓLISE,77542.0,32516.58,41.93414768770472
SANTO AMARO,ESTÉTICA,DRENAGEM,58769.8,22028.7,37.48302175607199
SANTO AMARO,ESTÉTICA,DRENAGEM 30 MIN,4788.0,1927.62,40.259298245614026
SANTO AMARO,ESTÉTICA,HECCUS,33766.6,16215.76,48.023074991263556
SANTO AMARO,ESTÉTICA,HIDRATAÇÃO,516.0,155.55,30.144651162790698
SANTO AMARO,ESTÉTICA,LIMPEZA DE PELE,91050.0,9782.87,10.74450302031851
SANTO AMARO,ESTÉTICA,PEELING DE DIAMANTE,745.0,231.13,31.024563758389263
SANTO AMARO,ESTÉTICA,PRÓ- SHAPE,8420.0,3319.27,39.4212351543943
SANTO AMARO,ESTÉTICA,PRÓ-SHAPE,7850.0,2559.89,32.610063694267524
SANTO AMARO,ESTÉTICA,RADIOFREQUÊNCIA,15673.6,6357.56,40.5622029399755
SANTO AMARO,LAVIEEN,LAVIEEN,200344.0,87432.91,43.641390608153976
SANTO AMARO,LAVIEEN,PRÓ-SÉRUM,40955.0,10465.9,25.554625808814556
SANTO AMARO,MEDICINA ESTÉTICA,BOTOX LIGHT,38530.0,15319.48,39.75988061250973
SANTO AMARO,MEDICINA ESTÉTICA,BOTOX POWER,328609.76,111751.52,34.00736627664377
SANTO AMARO,MEDICINA ESTÉTICA,CO2 COLO,1566.4,676.46,43.18555669050051
SANTO AMARO,MEDICINA ESTÉTICA,CO2 MÃOS,1560.0,532.7,34.14769230769231
SANTO AMARO,MEDICINA ESTÉTICA,CO2 OLHEIRAS,520.0,177.57,34.14769230769231
SANTO AMARO,MEDICINA ESTÉTICA,CO2 ROSTO,6700.0,2732.26,40.78000000000001
SANTO AMARO,MEDICINA ESTÉTICA,DERMAROLLER,70681.2,32074.6,45.3792500410293
SANTO AMARO,MEDICINA ESTÉTICA,ENZIMA MELASMA,17601.98,8275.72,47.01582828749948
SANTO AMARO,MEDICINA ESTÉTICA,GLÚTEO MAX,8800.0,3748.52,42.596818181818186
SANTO AMARO,MEDICINA ESTÉTICA,PEELING QUÍMICO,90985.73,52146.77,57.313134644300824
SANTO AMARO,MEDICINA ESTÉTICA,PREENCHIMENTO,420907.99,150390.9,35.73011197672917
SANTO AMARO,MEDICINA ESTÉTICA,PRÓ-BELLA,5003.0,2120.02,42.37489906056366
SANTO AMARO,MEDICINA ESTÉTICA,PRÓ-LIPO,59622.19,29812.04,50.00158972020318
SANTO AMARO,MEDICINA ESTÉTICA,PRÓ-MESO,26510.0,12926.83,48.76210486608827
SANTO AMARO,MEDICINA ESTÉTICA,RADIESSE,94440.0,21118.36,22.361664548919958
SANTO AMARO,MEDICINA ESTÉTICA,SCULPTRA,331012.0,51480.18,15.55236208959192
SANTO AMARO,MEDICINA ESTÉTICA,SECAGEM,16767.0,9464.94,56.44982286634461
SANTO AMARO,MEDICINA ESTÉTICA,UP BUMBUM,21200.0,4533.68,21.38528301886793
SANTO AMARO,ULTRAFORMER_III,ULTRAFORMER BRAÇO,3300.0,-726.54,-22.016363636363632
SANTO AMARO,ULTRAFORMER_III,ULTRAFORMER FULLFACE,212070.0,59112.92,27.8742481256189
SANTO AMARO,ULTRAFORMER_III,ULTRAFORMER FULLFACE + PESCOÇO,13720.0,3563.61,25.973819241982515
SANTO AMARO,ULTRAFORMER_III,ULTRAFORMER FULLFACE + PESCOÇO + PAPADA,5800.0,1575.08,27.15655172413794
SANTO AMARO,ULTRAFORMER_III,ULTRAFORMER INTERNO COXA,1690.0,-150.99,-8.934556213017743
SANTO AMARO,ULTRAFORMER_III,ULTRAFORMER MAÇA DO ROSTO,31290.0,9873.99,31.556363055289232
SANTO AMARO,ULTRAFORMER_III,ULTRAFORMER OLHOS,47260.01,17048.17,36.07314313729515
SANTO AMARO,ULTRAFORMER_III,ULTRAFORMER PAPADA,107616.99,37691.9,35.02412095525065
SANTO AMARO,ULTRAFORMER_III,ULTRAFORMER PESCOÇO,41220.0,11941.15,28.969306162057258
SANTOS,ESTÉTICA,CARBOXITERAPIA,39775.3,18457.74,46.40502175973531
SANTOS,ESTÉTICA,CRIOLIPÓLISE,100332.33,42918.53,42.77636688194125
SANTOS,ESTÉTICA,DRENAGEM,98968.6,37201.97,37.589670299468715
SANTOS,ESTÉTICA,DRENAGEM 30 MIN,3540.0,1461.52,41.28576271186441
SANTOS,ESTÉTICA,HECCUS,23634.0,11681.82,49.42804265041889
SANTOS,ESTÉTICA,HIDRATAÇÃO,118.0,36.92,31.28576271186441
SANTOS,ESTÉTICA,LIMPEZA DE PELE,50935.0,6879.61,13.506643761657017
SANTOS,ESTÉTICA,PEELING DE DIAMANTE,4206.0,1822.06,43.32055159296244
SANTOS,ESTÉTICA,PRÓ- SHAPE,3690.0,1372.23,37.187696476964774
SANTOS,ESTÉTICA,PRÓ-SHAPE,13789.0,4168.76,30.232508521285084
SANTOS,ESTÉTICA,RADIOFREQUÊNCIA,28190.01,12092.43,42.8961644710307
SANTOS,LAVIEEN,LAVIEEN,179008.89,80026.37,44.70524955827613
SANTOS,LAVIEEN,PRÓ-SÉRUM,11250.0,2892.75,25.71333333333334
SANTOS,MEDICINA ESTÉTICA,BOTOX LIGHT,30308.0,13581.18,44.81055562887686
SANTOS,MEDICINA ESTÉTICA,BOTOX POWER,393666.5,137942.07,35.04033721436801
SANTOS,MEDICINA ESTÉTICA,DERMAROLLER,16462.5,8032.77,48.79433561123766
SANTOS,MEDICINA ESTÉTICA,GLÚTEO MAX,6250.0,2441.55,39.06480000000001
SANTOS,MEDICINA ESTÉTICA,PEELING QUÍMICO,25253.01,14836.17,58.75011831856877
SANTOS,MEDICINA ESTÉTICA,PREENCHIMENTO,418583.11,157387.13,37.599970479936474
SANTOS,MEDICINA ESTÉTICA,PRÓ-BELLA,1780.0,785.91,44.1523595505618
SANTOS,MEDICINA ESTÉTICA,PRÓ-LIPO,50311.5,26233.0,52.14116474364708
SANTOS,MEDICINA ESTÉTICA,PRÓ-MESO,10415.0,5330.66,51.18253480556889
SANTOS,MEDICINA ESTÉTICA,RADIESSE,63749.9,14893.16,23.361855406832017
SANTOS,MEDICINA ESTÉTICA,SCULPTRA,208952.0,36737.48,17.581779930318923
SANTOS,MEDICINA ESTÉTICA,SECAGEM,14903.0,8532.58,57.25408441253439
SANTOS,ULTRAFORMER_III,ULTRAFORMER BRAÇO,4620.0,204.59,4.4283116883116875
SANTOS,ULTRAFORMER_III,ULTRAFORMER FULLFACE,209533.0,59530.18,28.410884299847762
SANTOS,ULTRAFORMER_III,ULTRAFORMER FULLFACE + PESCOÇO,8390.0,2861.07,34.10090584028605
SANTOS,ULTRAFORMER_III,ULTRAFORMER INTERNO COXA,4620.0,-770.41,-16.675584415584417
SANTOS,ULTRAFORMER_III,ULTRAFORMER MAÇA DO ROSTO,2990.0,847.29,28.33732441471572
SANTOS,ULTRAFORMER_III,ULTRAFORMER OLHOS,19675.0,7071.38,35.94096569250318
SANTOS,ULTRAFORMER_III,ULTRAFORMER PAPADA,71940.0,26700.08,37.114367528495976
SANTOS,ULTRAFORMER_III,ULTRAFORMER PESCOÇO,26105.0,7762.71,29.736475770925114
SOROCABA,ESTÉTICA,CARBOXITERAPIA,13546.0,6347.39,46.85802746198139
SOROCABA,ESTÉTICA,CRIOLIPÓLISE,24790.0,10471.31,42.24004033884631
SOROCABA,ESTÉTICA,DRENAGEM,32246.0,12107.45,37.54713266761769
SOROCABA,ESTÉTICA,DRENAGEM 30 MIN,2124.0,876.91,41.28576271186441
SOROCABA,ESTÉTICA,HECCUS,10705.0,5153.71,48.142989257356376
SOROCABA,ESTÉTICA,LIMPEZA DE PELE,42700.0,3256.34,7.626088992974242
SOROCABA,ESTÉTICA,PEELING DE DIAMANTE,270.0,92.33,34.19555555555556
SOROCABA,ESTÉTICA,PRÓ- SHAPE,6240.0,2019.7,32.36692307692308
SOROCABA,ESTÉTICA,PRÓ-SHAPE,9090.0,3037.59,33.416787678767875
SOROCABA,ESTÉTICA,RADIOFREQUÊNCIA,5036.0,1947.99,38.681382049245435
SOROCABA,LAVIEEN,LAVIEEN,111781.34,46826.31,41.890987561966966
SOROCABA,LAVIEEN,PRÓ-SÉRUM,8400.0,2159.92,25.71333333333334
SOROCABA,MEDICINA ESTÉTICA,BOTOX LIGHT,18261.0,7845.05,42.960677947538464
SOROCABA,MEDICINA ESTÉTICA,BOTOX POWER,193511.29,67243.36,34.74906501114226
SOROCABA,MEDICINA ESTÉTICA,DERMAROLLER,3350.0,1439.25,42.96268656716418
SOROCABA,MEDICINA ESTÉTICA,ENZIMA MELASMA,4460.0,2174.8,48.76242152466368
SOROCABA,MEDICINA ESTÉTICA,GLÚTEO MAX,7920.0,3422.85,43.21777777777778
SOROCABA,MEDICINA ESTÉTICA,PEELING QUÍMICO,11630.0,6480.1,55.71884780739468
SOROCABA,MEDICINA ESTÉTICA,PREENCHIMENTO,109631.19,39513.24,36.04197074390966
SOROCABA,MEDICINA ESTÉTICA,PRÓ-BELLA,1397.0,515.74,36.91795275590552
SOROCABA,MEDICINA ESTÉTICA,PRÓ-LIPO,26556.0,13211.77,49.750611537882214
SOROCABA,MEDICINA ESTÉTICA,PRÓ-MESO,4800.0,2377.88,49.53916666666667
SOROCABA,MEDICINA ESTÉTICA,RADIESSE,41850.0,8699.13,20.786451612903235
SOROCABA,MEDICINA ESTÉTICA,SCULPTRA,173100.0,27994.36,16.17236279607163
SOROCABA,MEDICINA ESTÉTICA,SECAGEM,8291.0,4678.47,56.42831262815101
SOROCABA,ULTRAFORMER_III,ULTRAFORMER FULLFACE,196830.0,55718.82,28.30809429456892
SOROCABA,ULTRAFORMER_III,ULTRAFORMER FULLFACE + PESCOÇO,37558.0,10188.13,27.12639970179456
SOROCABA,ULTRAFORMER_III,ULTRAFORMER FULLFACE + PESCOÇO + PAPADA,3200.0,999.16,31.223750000000006
SOROCABA,ULTRAFORMER_III,ULTRAFORMER MAÇA DO ROSTO,17960.0,5939.06,33.068285077951
SOROCABA,ULTRAFORMER_III,ULTRAFORMER OLHOS,20400.0,7825.92,38.36235294117647
SOROCABA,ULTRAFORMER_III,ULTRAFORMER PAPADA,41139.0,14591.61,35.46904543134252
SOROCABA,ULTRAFORMER_III,ULTRAFORMER PESCOÇO,8350.0,2185.13,26.169221556886228
SÃO BERNARDO,ESTÉTICA,CARBOXITERAPIA,2889.99,1290.88,44.66724611503846
SÃO BERNARDO,ESTÉTICA,CRIOLIPÓLISE,2360.0,942.55,39.93872881355933
SÃO BERNARDO,ESTÉTICA,DRENAGEM,7599.0,3105.35,40.865305961310696
SÃO BERNARDO,ESTÉTICA,DRENAGEM 30 MIN,935.0,314.35,33.62021390374331
SÃO BERNARDO,ESTÉTICA,HECCUS,6725.0,3253.42,48.37791821561338
SÃO BERNARDO,ESTÉTICA,HIDRATAÇÃO,14.0,-13.28,-94.88857142857142
SÃO BERNARDO,ESTÉTICA,LIMPEZA DE PELE,6740.0,1495.72,22.191632047477746
SÃO BERNARDO,ESTÉTICA,PRÓ- SHAPE,2973.0,1104.65,37.15621257988565
SÃO BERNARDO,ESTÉTICA,PRÓ-SHAPE,1200.0,449.48,37.45666666666666
SÃO BERNARDO,ESTÉTICA,RADIOFREQUÊNCIA,1434.0,610.44,42.56928870292887
SÃO BERNARDO,LAVIEEN,LAVIEEN,18000.0,8440.2,46.89
SÃO BERNARDO,LAVIEEN,PRÓ-SÉRUM,2550.0,655.69,25.71333333333334
SÃO BERNARDO,MEDICINA ESTÉTICA,BOTOX POWER,17878.0,6762.56,37.82616176306075
SÃO BERNARDO,MEDICINA ESTÉTICA,DERMAROLLER,900.0,403.9,44.87777777777778
SÃO BERNARDO,MEDICINA ESTÉTICA,GLÚTEO MAX,1800.0,777.92,43.21777777777778
SÃO BERNARDO,MEDICINA ESTÉTICA,PEELING QUÍMICO,1670.0,958.64,57.40347305389222
SÃO BERNARDO,MEDICINA ESTÉTICA,PREENCHIMENTO,22079.9,8130.16,36.821550188180204
SÃO BERNARDO,MEDICINA ESTÉTICA,PRÓ-LIPO,10400.0,5343.68,51.381538461538476
SÃO BERNARDO,MEDICINA ESTÉTICA,PRÓ-MESO,2000.0,952.6,47.63
SÃO BERNARDO,MEDICINA ESTÉTICA,SCULPTRA,13100.0,2001.48,15.278473282442748
SÃO BERNARDO,MEDICINA ESTÉTICA,SECAGEM,1480.0,841.49,56.85756756756757
SÃO BERNARDO,MEDICINA ESTÉTICA,UP BUMBUM,10600.0,2266.84,21.38528301886793
SÃO BERNARDO,ULTRAFORMER_III,ULTRAFORMER FULLFACE,10240.0,2809.58,27.437265625000006
SÃO BERNARDO,ULTRAFORMER_III,ULTRAFORMER OLHOS,1390.0,494.27,35.55870503597123
SÃO BERNARDO,ULTRAFORMER_III,ULTRAFORMER PAPADA,3660.0,1316.16,35.9607650273224
SÃO BERNARDO,ULTRAFORMER_III,ULTRAFORMER PESCOÇO,1800.0,343.48,19.08222222222222
TATUAPÉ,ESTÉTICA,CARBOXITERAPIA,45001.4,20552.31,45.67037372170643
TATUAPÉ,ESTÉTICA,CRIOLIPÓLISE,66701.0,27964.44,41.92506169322798
TATUAPÉ,ESTÉTICA,DRENAGEM,77596.75,28284.1,36.45010577118243
TATUAPÉ,ESTÉTICA,DRENAGEM 30 MIN,7150.5,2575.78,36.02241381721558
TATUAPÉ,ESTÉTICA,HECCUS,33212.7,15781.84,47.51748150556866
TATUAPÉ,ESTÉTICA,HIDRATAÇÃO,463.0,164.48,35.52488120950324
TATUAPÉ,ESTÉTICA,LIMPEZA DE PELE,91598.0,12633.31,13.792123408808054
TATUAPÉ,ESTÉTICA,PEELING DE DIAMANTE,2510.2,1116.5,44.478331607043266
TATUAPÉ,ESTÉTICA,PRÓ- SHAPE,6597.0,2112.72,32.02552372290435
TATUAPÉ,ESTÉTICA,PRÓ-SHAPE,5140.0,1601.06,31.148949416342415
TATUAPÉ,ESTÉTICA,RADIOFREQUÊNCIA,13027.2,5235.69,40.190423728813556
TATUAPÉ,LAVIEEN,LAVIEEN,264252.01,116743.37,44.178800325492325
TATUAPÉ,LAVIEEN,PRÓ-SÉRUM,28800.0,7405.44,25.71333333333334
TATUAPÉ,MEDICINA ESTÉTICA,BOTOX LIGHT,52898.19,21230.84,40.135292390911665
TATUAPÉ,MEDICINA ESTÉTICA,BOTOX POWER,428567.81,144707.89,33.76546016696868
TATUAPÉ,MEDICINA ESTÉTICA,CO2 CICATRIZ,1950.0,807.81,41.426153846153845
TATUAPÉ,MEDICINA ESTÉTICA,CO2 ROSTO,1500.0,310.38,20.692
TATUAPÉ,MEDICINA ESTÉTICA,DERMAROLLER,30240.23,13132.38,43.42684642940877
TATUAPÉ,MEDICINA ESTÉTICA,ENZIMA MELASMA,1600.0,719.68,44.980000000000004
TATUAPÉ,MEDICINA ESTÉTICA,GLÚTEO MAX,10930.0,3677.26,33.64375114364136
TATUAPÉ,MEDICINA ESTÉTICA,PEELING QUÍMICO,61912.5,35054.58,56.619547748839096
TATUAPÉ,MEDICINA ESTÉTICA,PREENCHIMENTO,489437.8,171929.82,35.12802323809073
TATUAPÉ,MEDICINA ESTÉTICA,PRÓ-BELLA,8980.0,3314.99,36.91527839643653
TATUAPÉ,MEDICINA ESTÉTICA,PRÓ-CELL,284.8,161.35,56.6530617977528
TATUAPÉ,MEDICINA ESTÉTICA,PRÓ-LIPO,63414.0,31490.55,49.65866464818495
TATUAPÉ,MEDICINA ESTÉTICA,PRÓ-MESO,13242.0,6500.07,49.08674520465187
TATUAPÉ,MEDICINA ESTÉTICA,RADIESSE,91793.75,18480.51,20.13264655818071
TATUAPÉ,MEDICINA ESTÉTICA,SCULPTRA,380181.06,54104.46,14.231234907914667
TATUAPÉ,MEDICINA ESTÉTICA,SECAGEM,12458.37,7010.63,56.272483462924924
TATUAPÉ,ULTRAFORMER_III,ULTRAFORMER BRAÇO,1190.0,-178.69,-15.0163025210084
TATUAPÉ,ULTRAFORMER_III,ULTRAFORMER FULLFACE,292444.52,82706.2,28.280989641385656
TATUAPÉ,ULTRAFORMER_III,ULTRAFORMER FULLFACE + PESCOÇO,68771.0,18957.74,27.56647918454
TATUAPÉ,ULTRAFORMER_III,ULTRAFORMER MAÇA DO ROSTO,44270.0,13562.02,30.634782019426254
TATUAPÉ,ULTRAFORMER_III,ULTRAFORMER OLHOS,47898.0,17741.33,37.03981210071402
TATUAPÉ,ULTRAFORMER_III,ULTRAFORMER PAPADA,141060.99,49892.9,35.3697378318414
TATUAPÉ,ULTRAFORMER_III,ULTRAFORMER PESCOÇO,44430.0,13279.24,29.88800810263336
TIJUCA,ESTÉTICA,CARBOXITERAPIA,25794.0,11803.29,45.75981856245638
TIJUCA,ESTÉTICA,CRIOLIPÓLISE,68020.0,26728.29,39.294748603351955
TIJUCA,ESTÉTICA,DRENAGEM,176369.6,63093.01,35.77317510500676
TIJUCA,ESTÉTICA,DRENAGEM 30 MIN,10478.6,4250.28,40.56156776668639
TIJUCA,ESTÉTICA,HECCUS,18075.2,8754.25,48.43236080375321
TIJUCA,ESTÉTICA,HIDRATAÇÃO,236.0,73.83,31.285762711864407
TIJUCA,ESTÉTICA,LIMPEZA DE PELE,77219.0,5550.34,7.18779393672542
TIJUCA,ESTÉTICA,PEELING DE DIAMANTE,1694.0,671.59,39.64507674144038
TIJUCA,ESTÉTICA,PRÓ- SHAPE,15092.0,5326.1,35.29086138351445
TIJUCA,ESTÉTICA,PRÓ-SHAPE,22736.0,7383.37,32.474377199155526
TIJUCA,ESTÉTICA,RADIOFREQUÊNCIA,33477.0,13615.83,40.67218030289453
TIJUCA,LAVIEEN,LAVIEEN,167017.5,71470.89,42.79245857470026
TIJUCA,LAVIEEN,PRÓ-SÉRUM,17850.0,4589.83,25.71333333333334
TIJUCA,MEDICINA ESTÉTICA,BOTOX LIGHT,10328.0,4523.55,43.79890782339272
TIJUCA,MEDICINA ESTÉTICA,BOTOX POWER,314671.02,106228.62,33.75862750500507
TIJUCA,MEDICINA ESTÉTICA,CO2 CICATRIZ,5880.0,1498.39,25.482857142857146
TIJUCA,MEDICINA ESTÉTICA,CO2 COLO,2087.0,615.21,29.47818878773359
TIJUCA,MEDICINA ESTÉTICA,CO2 MÃOS,500.0,163.46,32.692
TIJUCA,MEDICINA ESTÉTICA,CO2 ROSTO,14100.0,5709.06,40.48978723404256
TIJUCA,MEDICINA ESTÉTICA,DERMAROLLER,30959.0,14101.32,45.54836590329144
TIJUCA,MEDICINA ESTÉTICA,ENZIMA MELASMA,1345.0,693.16,51.53628252788105
TIJUCA,MEDICINA ESTÉTICA,GLÚTEO MAX,6900.0,2211.54,32.05130434782609
TIJUCA,MEDICINA ESTÉTICA,PEELING QUÍMICO,46337.5,26293.11,56.74262206636095
TIJUCA,MEDICINA ESTÉTICA,PREENCHIMENTO,262365.03,93052.09,35.466652000840206
TIJUCA,MEDICINA ESTÉTICA,PRÓ-BELLA,10528.0,3937.25,37.39790273556231
TIJUCA,MEDICINA ESTÉTICA,PRÓ-LIPO,104389.0,52092.31,49.90210711856614
TIJUCA,MEDICINA ESTÉTICA,PRÓ-MESO,14570.0,6841.18,46.95386410432395
TIJUCA,MEDICINA ESTÉTICA,RADIESSE,93900.0,19195.08,20.44204472843451
TIJUCA,MEDICINA ESTÉTICA,SCULPTRA,278539.0,40320.23,14.475614043275808
TIJUCA,MEDICINA ESTÉTICA,SECAGEM,8800.0,4947.52,56.221818181818186
TIJUCA,MEDICINA ESTÉTICA,UP BUMBUM,10600.0,2266.84,21.38528301886793
TIJUCA,ULTRAFORMER_III,ULTRAFORMER FULLFACE,252348.0,69134.52,27.396499754307545
TIJUCA,ULTRAFORMER_III,ULTRAFORMER FULLFACE + PESCOÇO,47899.94,13407.02,27.989633548601528
TIJUCA,ULTRAFORMER_III,ULTRAFORMER INTERNO COXA,3380.0,-301.99,-8.934556213017743
TIJUCA,ULTRAFORMER_III,ULTRAFORMER MAÇA DO ROSTO,7100.0,2064.0,29.070422535211264
TIJUCA,ULTRAFORMER_III,ULTRAFORMER OLHOS,3759.0,1436.0,38.20161213088588
TIJUCA,ULTRAFORMER_III,ULTRAFORMER PAPADA,68159.0,24032.96,35.260139673410706
TIJUCA,ULTRAFORMER_III,ULTRAFORMER PESCOÇO,25848.0,7118.3,27.539071494893225
TUCURUVI,ESTÉTICA,CARBOXITERAPIA,16617.8,8007.72,48.18758271251309
TUCURUVI,ESTÉTICA,CRIOLIPÓLISE,36120.05,14955.74,41.405654947875206
TUCURUVI,ESTÉTICA,DRENAGEM,41128.0,15915.46,38.69738669519549
TUCURUVI,ESTÉTICA,DRENAGEM 30 MIN,1770.0,730.76,41.28576271186441
TUCURUVI,ESTÉTICA,HECCUS,24214.58,11853.76,48.953005718042604
TUCURUVI,ESTÉTICA,LIMPEZA DE PELE,37160.0,5229.94,14.074122712594193
TUCURUVI,ESTÉTICA,PEELING DE DIAMANTE,237.7,102.25,43.01791333613799
TUCURUVI,ESTÉTICA,PRÓ- SHAPE,15302.04,5077.26,33.18027541425849
TUCURUVI,ESTÉTICA,RADIOFREQUÊNCIA,14882.5,6515.77,43.78139089534689
TUCURUVI,LAVIEEN,LAVIEEN,153685.54,68742.28,44.72917876073442
TUCURUVI,LAVIEEN,PRÓ-SÉRUM,6000.0,1542.8,25.71333333333334
TUCURUVI,MEDICINA ESTÉTICA,BOTOX LIGHT,25932.04,10981.76,42.34823413815496
TUCURUVI,MEDICINA ESTÉTICA,BOTOX POWER,243036.14,82169.89,33.80974251648335
TUCURUVI,MEDICINA ESTÉTICA,CO2 ROSTO,2600.0,837.08,32.19538461538461
TUCURUVI,MEDICINA ESTÉTICA,DERMAROLLER,10265.2,4931.47,48.04068191559833
TUCURUVI,MEDICINA ESTÉTICA,GLÚTEO MAX,12768.0,5465.59,42.806917293233084
TUCURUVI,MEDICINA ESTÉTICA,PEELING QUÍMICO,11659.0,6625.92,56.83093404237071
TUCURUVI,MEDICINA ESTÉTICA,PREENCHIMENTO,265149.17,94718.22,35.72261776946162
TUCURUVI,MEDICINA ESTÉTICA,PRÓ-BELLA,6720.0,2525.99,37.589107142857145
TUCURUVI,MEDICINA ESTÉTICA,PRÓ-LIPO,65017.04,32330.76,49.726594775769556
TUCURUVI,MEDICINA ESTÉTICA,PRÓ-MESO,6680.0,3337.47,49.962155688622765
TUCURUVI,MEDICINA ESTÉTICA,RADIESSE,20412.0,4373.28,21.425067607289837
TUCURUVI,MEDICINA ESTÉTICA,SCULPTRA,400036.9,63974.05,15.992037049582175
TUCURUVI,MEDICINA ESTÉTICA,SECAGEM,8339.0,4554.83,54.6208250389735
TUCURUVI,ULTRAFORMER_III,ULTRAFORMER BRAÇO,6100.0,230.46,3.7780327868852464
TUCURUVI,ULTRAFORMER_III,ULTRAFORMER FULLFACE,179082.0,50555.58,28.230409979785797
TUCURUVI,ULTRAFORMER_III,ULTRAFORMER FULLFACE + PESCOÇO,46660.04,11513.31,24.67488715397587
TUCURUVI,ULTRAFORMER_III,ULTRAFORMER GLUTEO,3450.0,-305.73,-8.86173913043478
TUCURUVI,ULTRAFORMER_III,ULTRAFORMER MAÇA DO ROSTO,8700.0,2351.4,27.027586206896554
TUCURUVI,ULTRAFORMER_III,ULTRAFORMER OLHOS,31780.04,11477.24,36.11461853414911
TUCURUVI,ULTRAFORMER_III,ULTRAFORMER PAPADA,58508.5,20769.18,35.49770699983764
TUCURUVI,ULTRAFORMER_III,ULTRAFORMER PESCOÇO,27060.04,7510.15,27.75366265533976
VILA MASCOTE,ESTÉTICA,CARBOXITERAPIA,2673.0,1234.29,46.17636363636363
VILA MASCOTE,ESTÉTICA,CRIOLIPÓLISE,1400.0,574.88,41.06285714285714
VILA MASCOTE,ESTÉTICA,DRENAGEM,10844.0,4324.71,39.88111029140538
VILA MASCOTE,ESTÉTICA,HECCUS,9173.0,4483.43,48.876422108361496
VILA MASCOTE,ESTÉTICA,LIMPEZA DE PELE,9380.0,218.51,2.329552238805974
VILA MASCOTE,LAVIEEN,LAVIEEN,16814.0,6732.85,40.043092660877846
VILA MASCOTE,LAVIEEN,PRÓ-SÉRUM,3300.0,848.54,25.71333333333334
VILA MASCOTE,MEDICINA ESTÉTICA,BOTOX LIGHT,2930.0,1254.52,42.81645051194539
VILA MASCOTE,MEDICINA ESTÉTICA,BOTOX POWER,27835.99,9169.63,32.94162465929899
VILA MASCOTE,MEDICINA ESTÉTICA,DERMAROLLER,530.0,258.38,48.75132075471698
VILA MASCOTE,MEDICINA ESTÉTICA,GLÚTEO MAX,360.0,155.58,43.217777777777776
VILA MASCOTE,MEDICINA ESTÉTICA,PEELING QUÍMICO,3590.0,1968.27,54.826350974930364
VILA MASCOTE,MEDICINA ESTÉTICA,PREENCHIMENTO,12798.0,4262.91,33.3091826847945
VILA MASCOTE,MEDICINA ESTÉTICA,PRÓ-LIPO,800.0,398.28,49.78500000000001
VILA MASCOTE,MEDICINA ESTÉTICA,PRÓ-MESO,1020.0,490.41,48.079215686274516
VILA MASCOTE,MEDICINA ESTÉTICA,RADIESSE,10900.0,2290.6,21.014678899082575
VILA MASCOTE,MEDICINA ESTÉTICA,SCULPTRA,21600.0,2826.48,13.085555555555553
VILA MASCOTE,MEDICINA ESTÉTICA,SECAGEM,1194.0,684.75,57.349045226130656
VILA MASCOTE,ULTRAFORMER_III,ULTRAFORMER FULLFACE,43083.96,12000.93,27.85474079912803
VILA MASCOTE,ULTRAFORMER_III,ULTRAFORMER FULLFACE + PESCOÇO,6630.0,1619.56,24.42778280542987
VILA MASCOTE,ULTRAFORMER_III,ULTRAFORMER PAPADA,7690.0,2640.21,34.33297789336801
VILA MASCOTE,ULTRAFORMER_III,ULTRAFORMER PESCOÇO,3510.0,1086.59,30.95709401709402
